# BUSSIGO V2 — Hero 12.5m Indian Luxury Coach (LOD1)
mtllib IndianIntercityCoach_12M_Hero.mtl


g Exterior_Body
usemtl Mat_Coach_Livery
v -1.2800 0.4500 -6.2500
v -1.2900 0.7500 -6.2500
v -1.3000 1.1000 -6.2500
v -1.3100 1.6000 -6.2500
v -1.3100 2.1000 -6.2500
v -1.3000 2.6500 -6.2500
v -1.2900 2.9500 -6.2500
v -1.2600 3.2000 -6.2500
v -1.2000 3.3800 -6.2500
v -1.0500 3.5200 -6.2500
v -0.6000 3.5900 -6.2500
v 0.0000 3.6000 -6.2500
v 0.6000 3.5900 -6.2500
v 1.0500 3.5200 -6.2500
v 1.2000 3.3800 -6.2500
v 1.2600 3.2000 -6.2500
v 1.2900 2.9500 -6.2500
v 1.3000 2.6500 -6.2500
v 1.3100 2.1000 -6.2500
v 1.3100 1.6000 -6.2500
v 1.3000 1.1000 -6.2500
v 1.2900 0.7500 -6.2500
v 1.2800 0.4500 -6.2500
v 0.0000 0.3500 -6.2500
v -1.2800 0.4500 -5.7292
v -1.2900 0.7500 -5.7292
v -1.3000 1.1000 -5.7292
v -1.3100 1.6000 -5.7292
v -1.3100 2.1000 -5.7292
v -1.3000 2.6500 -5.7292
v -1.2900 2.9500 -5.7292
v -1.2600 3.2000 -5.7292
v -1.2000 3.3800 -5.7292
v -1.0500 3.5200 -5.7292
v -0.6000 3.5900 -5.7292
v 0.0000 3.6000 -5.7292
v 0.6000 3.5900 -5.7292
v 1.0500 3.5200 -5.7292
v 1.2000 3.3800 -5.7292
v 1.2600 3.2000 -5.7292
v 1.2900 2.9500 -5.7292
v 1.3000 2.6500 -5.7292
v 1.3100 2.1000 -5.7292
v 1.3100 1.6000 -5.7292
v 1.3000 1.1000 -5.7292
v 1.2900 0.7500 -5.7292
v 1.2800 0.4500 -5.7292
v 0.0000 0.3500 -5.7292
v -1.2800 0.4500 -5.2083
v -1.2900 0.7500 -5.2083
v -1.3000 1.1000 -5.2083
v -1.3100 1.6000 -5.2083
v -1.3100 2.1000 -5.2083
v -1.3000 2.6500 -5.2083
v -1.2900 2.9500 -5.2083
v -1.2600 3.2000 -5.2083
v -1.2000 3.3800 -5.2083
v -1.0500 3.5200 -5.2083
v -0.6000 3.5900 -5.2083
v 0.0000 3.6000 -5.2083
v 0.6000 3.5900 -5.2083
v 1.0500 3.5200 -5.2083
v 1.2000 3.3800 -5.2083
v 1.2600 3.2000 -5.2083
v 1.2900 2.9500 -5.2083
v 1.3000 2.6500 -5.2083
v 1.3100 2.1000 -5.2083
v 1.3100 1.6000 -5.2083
v 1.3000 1.1000 -5.2083
v 1.2900 0.7500 -5.2083
v 1.2800 0.4500 -5.2083
v 0.0000 0.3500 -5.2083
v -1.2800 0.4500 -4.6875
v -1.2900 0.7500 -4.6875
v -1.3000 1.1000 -4.6875
v -1.3100 1.6000 -4.6875
v -1.3100 2.1000 -4.6875
v -1.3000 2.6500 -4.6875
v -1.2900 2.9500 -4.6875
v -1.2600 3.2000 -4.6875
v -1.2000 3.3800 -4.6875
v -1.0500 3.5200 -4.6875
v -0.6000 3.5900 -4.6875
v 0.0000 3.6000 -4.6875
v 0.6000 3.5900 -4.6875
v 1.0500 3.5200 -4.6875
v 1.2000 3.3800 -4.6875
v 1.2600 3.2000 -4.6875
v 1.2900 2.9500 -4.6875
v 1.3000 2.6500 -4.6875
v 1.3100 2.1000 -4.6875
v 1.3100 1.6000 -4.6875
v 1.3000 1.1000 -4.6875
v 1.2900 0.7500 -4.6875
v 1.2800 0.4500 -4.6875
v 0.0000 0.3500 -4.6875
v -1.2800 0.4500 -4.1667
v -1.2900 0.7500 -4.1667
v -1.3000 1.1000 -4.1667
v -1.3100 1.6000 -4.1667
v -1.3100 2.1000 -4.1667
v -1.3000 2.6500 -4.1667
v -1.2900 2.9500 -4.1667
v -1.2600 3.2000 -4.1667
v -1.2000 3.3800 -4.1667
v -1.0500 3.5200 -4.1667
v -0.6000 3.5900 -4.1667
v 0.0000 3.6000 -4.1667
v 0.6000 3.5900 -4.1667
v 1.0500 3.5200 -4.1667
v 1.2000 3.3800 -4.1667
v 1.2600 3.2000 -4.1667
v 1.2900 2.9500 -4.1667
v 1.3000 2.6500 -4.1667
v 1.3100 2.1000 -4.1667
v 1.3100 1.6000 -4.1667
v 1.3000 1.1000 -4.1667
v 1.2900 0.7500 -4.1667
v 1.2800 0.4500 -4.1667
v 0.0000 0.3500 -4.1667
v -1.2800 0.4500 -3.6458
v -1.2900 0.7500 -3.6458
v -1.3000 1.1000 -3.6458
v -1.3100 1.6000 -3.6458
v -1.3100 2.1000 -3.6458
v -1.3000 2.6500 -3.6458
v -1.2900 2.9500 -3.6458
v -1.2600 3.2000 -3.6458
v -1.2000 3.3800 -3.6458
v -1.0500 3.5200 -3.6458
v -0.6000 3.5900 -3.6458
v 0.0000 3.6000 -3.6458
v 0.6000 3.5900 -3.6458
v 1.0500 3.5200 -3.6458
v 1.2000 3.3800 -3.6458
v 1.2600 3.2000 -3.6458
v 1.2900 2.9500 -3.6458
v 1.3000 2.6500 -3.6458
v 1.3100 2.1000 -3.6458
v 1.3100 1.6000 -3.6458
v 1.3000 1.1000 -3.6458
v 1.2900 0.7500 -3.6458
v 1.2800 0.4500 -3.6458
v 0.0000 0.3500 -3.6458
v -1.2800 0.4500 -3.1250
v -1.2900 0.7500 -3.1250
v -1.3000 1.1000 -3.1250
v -1.3100 1.6000 -3.1250
v -1.3100 2.1000 -3.1250
v -1.3000 2.6500 -3.1250
v -1.2900 2.9500 -3.1250
v -1.2600 3.2000 -3.1250
v -1.2000 3.3800 -3.1250
v -1.0500 3.5200 -3.1250
v -0.6000 3.5900 -3.1250
v 0.0000 3.6000 -3.1250
v 0.6000 3.5900 -3.1250
v 1.0500 3.5200 -3.1250
v 1.2000 3.3800 -3.1250
v 1.2600 3.2000 -3.1250
v 1.2900 2.9500 -3.1250
v 1.3000 2.6500 -3.1250
v 1.3100 2.1000 -3.1250
v 1.3100 1.6000 -3.1250
v 1.3000 1.1000 -3.1250
v 1.2900 0.7500 -3.1250
v 1.2800 0.4500 -3.1250
v 0.0000 0.3500 -3.1250
v -1.2800 0.4500 -2.6042
v -1.2900 0.7500 -2.6042
v -1.3000 1.1000 -2.6042
v -1.3100 1.6000 -2.6042
v -1.3100 2.1000 -2.6042
v -1.3000 2.6500 -2.6042
v -1.2900 2.9500 -2.6042
v -1.2600 3.2000 -2.6042
v -1.2000 3.3800 -2.6042
v -1.0500 3.5200 -2.6042
v -0.6000 3.5900 -2.6042
v 0.0000 3.6000 -2.6042
v 0.6000 3.5900 -2.6042
v 1.0500 3.5200 -2.6042
v 1.2000 3.3800 -2.6042
v 1.2600 3.2000 -2.6042
v 1.2900 2.9500 -2.6042
v 1.3000 2.6500 -2.6042
v 1.3100 2.1000 -2.6042
v 1.3100 1.6000 -2.6042
v 1.3000 1.1000 -2.6042
v 1.2900 0.7500 -2.6042
v 1.2800 0.4500 -2.6042
v 0.0000 0.3500 -2.6042
v -1.2800 0.4500 -2.0833
v -1.2900 0.7500 -2.0833
v -1.3000 1.1000 -2.0833
v -1.3100 1.6000 -2.0833
v -1.3100 2.1000 -2.0833
v -1.3000 2.6500 -2.0833
v -1.2900 2.9500 -2.0833
v -1.2600 3.2000 -2.0833
v -1.2000 3.3800 -2.0833
v -1.0500 3.5200 -2.0833
v -0.6000 3.5900 -2.0833
v 0.0000 3.6000 -2.0833
v 0.6000 3.5900 -2.0833
v 1.0500 3.5200 -2.0833
v 1.2000 3.3800 -2.0833
v 1.2600 3.2000 -2.0833
v 1.2900 2.9500 -2.0833
v 1.3000 2.6500 -2.0833
v 1.3100 2.1000 -2.0833
v 1.3100 1.6000 -2.0833
v 1.3000 1.1000 -2.0833
v 1.2900 0.7500 -2.0833
v 1.2800 0.4500 -2.0833
v 0.0000 0.3500 -2.0833
v -1.2800 0.4500 -1.5625
v -1.2900 0.7500 -1.5625
v -1.3000 1.1000 -1.5625
v -1.3100 1.6000 -1.5625
v -1.3100 2.1000 -1.5625
v -1.3000 2.6500 -1.5625
v -1.2900 2.9500 -1.5625
v -1.2600 3.2000 -1.5625
v -1.2000 3.3800 -1.5625
v -1.0500 3.5200 -1.5625
v -0.6000 3.5900 -1.5625
v 0.0000 3.6000 -1.5625
v 0.6000 3.5900 -1.5625
v 1.0500 3.5200 -1.5625
v 1.2000 3.3800 -1.5625
v 1.2600 3.2000 -1.5625
v 1.2900 2.9500 -1.5625
v 1.3000 2.6500 -1.5625
v 1.3100 2.1000 -1.5625
v 1.3100 1.6000 -1.5625
v 1.3000 1.1000 -1.5625
v 1.2900 0.7500 -1.5625
v 1.2800 0.4500 -1.5625
v 0.0000 0.3500 -1.5625
v -1.2800 0.4500 -1.0417
v -1.2900 0.7500 -1.0417
v -1.3000 1.1000 -1.0417
v -1.3100 1.6000 -1.0417
v -1.3100 2.1000 -1.0417
v -1.3000 2.6500 -1.0417
v -1.2900 2.9500 -1.0417
v -1.2600 3.2000 -1.0417
v -1.2000 3.3800 -1.0417
v -1.0500 3.5200 -1.0417
v -0.6000 3.5900 -1.0417
v 0.0000 3.6000 -1.0417
v 0.6000 3.5900 -1.0417
v 1.0500 3.5200 -1.0417
v 1.2000 3.3800 -1.0417
v 1.2600 3.2000 -1.0417
v 1.2900 2.9500 -1.0417
v 1.3000 2.6500 -1.0417
v 1.3100 2.1000 -1.0417
v 1.3100 1.6000 -1.0417
v 1.3000 1.1000 -1.0417
v 1.2900 0.7500 -1.0417
v 1.2800 0.4500 -1.0417
v 0.0000 0.3500 -1.0417
v -1.2800 0.4500 -0.5208
v -1.2900 0.7500 -0.5208
v -1.3000 1.1000 -0.5208
v -1.3100 1.6000 -0.5208
v -1.3100 2.1000 -0.5208
v -1.3000 2.6500 -0.5208
v -1.2900 2.9500 -0.5208
v -1.2600 3.2000 -0.5208
v -1.2000 3.3800 -0.5208
v -1.0500 3.5200 -0.5208
v -0.6000 3.5900 -0.5208
v 0.0000 3.6000 -0.5208
v 0.6000 3.5900 -0.5208
v 1.0500 3.5200 -0.5208
v 1.2000 3.3800 -0.5208
v 1.2600 3.2000 -0.5208
v 1.2900 2.9500 -0.5208
v 1.3000 2.6500 -0.5208
v 1.3100 2.1000 -0.5208
v 1.3100 1.6000 -0.5208
v 1.3000 1.1000 -0.5208
v 1.2900 0.7500 -0.5208
v 1.2800 0.4500 -0.5208
v 0.0000 0.3500 -0.5208
v -1.2800 0.4500 0.0000
v -1.2900 0.7500 0.0000
v -1.3000 1.1000 0.0000
v -1.3100 1.6000 0.0000
v -1.3100 2.1000 0.0000
v -1.3000 2.6500 0.0000
v -1.2900 2.9500 0.0000
v -1.2600 3.2000 0.0000
v -1.2000 3.3800 0.0000
v -1.0500 3.5200 0.0000
v -0.6000 3.5900 0.0000
v 0.0000 3.6000 0.0000
v 0.6000 3.5900 0.0000
v 1.0500 3.5200 0.0000
v 1.2000 3.3800 0.0000
v 1.2600 3.2000 0.0000
v 1.2900 2.9500 0.0000
v 1.3000 2.6500 0.0000
v 1.3100 2.1000 0.0000
v 1.3100 1.6000 0.0000
v 1.3000 1.1000 0.0000
v 1.2900 0.7500 0.0000
v 1.2800 0.4500 0.0000
v 0.0000 0.3500 0.0000
v -1.2800 0.4500 0.5208
v -1.2900 0.7500 0.5208
v -1.3000 1.1000 0.5208
v -1.3100 1.6000 0.5208
v -1.3100 2.1000 0.5208
v -1.3000 2.6500 0.5208
v -1.2900 2.9500 0.5208
v -1.2600 3.2000 0.5208
v -1.2000 3.3800 0.5208
v -1.0500 3.5200 0.5208
v -0.6000 3.5900 0.5208
v 0.0000 3.6000 0.5208
v 0.6000 3.5900 0.5208
v 1.0500 3.5200 0.5208
v 1.2000 3.3800 0.5208
v 1.2600 3.2000 0.5208
v 1.2900 2.9500 0.5208
v 1.3000 2.6500 0.5208
v 1.3100 2.1000 0.5208
v 1.3100 1.6000 0.5208
v 1.3000 1.1000 0.5208
v 1.2900 0.7500 0.5208
v 1.2800 0.4500 0.5208
v 0.0000 0.3500 0.5208
v -1.2800 0.4500 1.0417
v -1.2900 0.7500 1.0417
v -1.3000 1.1000 1.0417
v -1.3100 1.6000 1.0417
v -1.3100 2.1000 1.0417
v -1.3000 2.6500 1.0417
v -1.2900 2.9500 1.0417
v -1.2600 3.2000 1.0417
v -1.2000 3.3800 1.0417
v -1.0500 3.5200 1.0417
v -0.6000 3.5900 1.0417
v 0.0000 3.6000 1.0417
v 0.6000 3.5900 1.0417
v 1.0500 3.5200 1.0417
v 1.2000 3.3800 1.0417
v 1.2600 3.2000 1.0417
v 1.2900 2.9500 1.0417
v 1.3000 2.6500 1.0417
v 1.3100 2.1000 1.0417
v 1.3100 1.6000 1.0417
v 1.3000 1.1000 1.0417
v 1.2900 0.7500 1.0417
v 1.2800 0.4500 1.0417
v 0.0000 0.3500 1.0417
v -1.2800 0.4500 1.5625
v -1.2900 0.7500 1.5625
v -1.3000 1.1000 1.5625
v -1.3100 1.6000 1.5625
v -1.3100 2.1000 1.5625
v -1.3000 2.6500 1.5625
v -1.2900 2.9500 1.5625
v -1.2600 3.2000 1.5625
v -1.2000 3.3800 1.5625
v -1.0500 3.5200 1.5625
v -0.6000 3.5900 1.5625
v 0.0000 3.6000 1.5625
v 0.6000 3.5900 1.5625
v 1.0500 3.5200 1.5625
v 1.2000 3.3800 1.5625
v 1.2600 3.2000 1.5625
v 1.2900 2.9500 1.5625
v 1.3000 2.6500 1.5625
v 1.3100 2.1000 1.5625
v 1.3100 1.6000 1.5625
v 1.3000 1.1000 1.5625
v 1.2900 0.7500 1.5625
v 1.2800 0.4500 1.5625
v 0.0000 0.3500 1.5625
v -1.2800 0.4500 2.0833
v -1.2900 0.7500 2.0833
v -1.3000 1.1000 2.0833
v -1.3100 1.6000 2.0833
v -1.3100 2.1000 2.0833
v -1.3000 2.6500 2.0833
v -1.2900 2.9500 2.0833
v -1.2600 3.2000 2.0833
v -1.2000 3.3800 2.0833
v -1.0500 3.5200 2.0833
v -0.6000 3.5900 2.0833
v 0.0000 3.6000 2.0833
v 0.6000 3.5900 2.0833
v 1.0500 3.5200 2.0833
v 1.2000 3.3800 2.0833
v 1.2600 3.2000 2.0833
v 1.2900 2.9500 2.0833
v 1.3000 2.6500 2.0833
v 1.3100 2.1000 2.0833
v 1.3100 1.6000 2.0833
v 1.3000 1.1000 2.0833
v 1.2900 0.7500 2.0833
v 1.2800 0.4500 2.0833
v 0.0000 0.3500 2.0833
v -1.2800 0.4500 2.6042
v -1.2900 0.7500 2.6042
v -1.3000 1.1000 2.6042
v -1.3100 1.6000 2.6042
v -1.3100 2.1000 2.6042
v -1.3000 2.6500 2.6042
v -1.2900 2.9500 2.6042
v -1.2600 3.2000 2.6042
v -1.2000 3.3800 2.6042
v -1.0500 3.5200 2.6042
v -0.6000 3.5900 2.6042
v 0.0000 3.6000 2.6042
v 0.6000 3.5900 2.6042
v 1.0500 3.5200 2.6042
v 1.2000 3.3800 2.6042
v 1.2600 3.2000 2.6042
v 1.2900 2.9500 2.6042
v 1.3000 2.6500 2.6042
v 1.3100 2.1000 2.6042
v 1.3100 1.6000 2.6042
v 1.3000 1.1000 2.6042
v 1.2900 0.7500 2.6042
v 1.2800 0.4500 2.6042
v 0.0000 0.3500 2.6042
v -1.2800 0.4500 3.1250
v -1.2900 0.7500 3.1250
v -1.3000 1.1000 3.1250
v -1.3100 1.6000 3.1250
v -1.3100 2.1000 3.1250
v -1.3000 2.6500 3.1250
v -1.2900 2.9500 3.1250
v -1.2600 3.2000 3.1250
v -1.2000 3.3800 3.1250
v -1.0500 3.5200 3.1250
v -0.6000 3.5900 3.1250
v 0.0000 3.6000 3.1250
v 0.6000 3.5900 3.1250
v 1.0500 3.5200 3.1250
v 1.2000 3.3800 3.1250
v 1.2600 3.2000 3.1250
v 1.2900 2.9500 3.1250
v 1.3000 2.6500 3.1250
v 1.3100 2.1000 3.1250
v 1.3100 1.6000 3.1250
v 1.3000 1.1000 3.1250
v 1.2900 0.7500 3.1250
v 1.2800 0.4500 3.1250
v 0.0000 0.3500 3.1250
v -1.2800 0.4500 3.6458
v -1.2900 0.7500 3.6458
v -1.3000 1.1000 3.6458
v -1.3100 1.6000 3.6458
v -1.3100 2.1000 3.6458
v -1.3000 2.6500 3.6458
v -1.2900 2.9500 3.6458
v -1.2600 3.2000 3.6458
v -1.2000 3.3800 3.6458
v -1.0500 3.5200 3.6458
v -0.6000 3.5900 3.6458
v 0.0000 3.6000 3.6458
v 0.6000 3.5900 3.6458
v 1.0500 3.5200 3.6458
v 1.2000 3.3800 3.6458
v 1.2600 3.2000 3.6458
v 1.2900 2.9500 3.6458
v 1.3000 2.6500 3.6458
v 1.3100 2.1000 3.6458
v 1.3100 1.6000 3.6458
v 1.3000 1.1000 3.6458
v 1.2900 0.7500 3.6458
v 1.2800 0.4500 3.6458
v 0.0000 0.3500 3.6458
v -1.2800 0.4500 4.1667
v -1.2900 0.7500 4.1667
v -1.3000 1.1000 4.1667
v -1.3100 1.6000 4.1667
v -1.3100 2.1000 4.1667
v -1.3000 2.6500 4.1667
v -1.2900 2.9500 4.1667
v -1.2600 3.2000 4.1667
v -1.2000 3.3800 4.1667
v -1.0500 3.5200 4.1667
v -0.6000 3.5900 4.1667
v 0.0000 3.6000 4.1667
v 0.6000 3.5900 4.1667
v 1.0500 3.5200 4.1667
v 1.2000 3.3800 4.1667
v 1.2600 3.2000 4.1667
v 1.2900 2.9500 4.1667
v 1.3000 2.6500 4.1667
v 1.3100 2.1000 4.1667
v 1.3100 1.6000 4.1667
v 1.3000 1.1000 4.1667
v 1.2900 0.7500 4.1667
v 1.2800 0.4500 4.1667
v 0.0000 0.3500 4.1667
v -1.2764 0.4492 4.6875
v -1.2864 0.7487 4.6875
v -1.2964 1.0981 4.6875
v -1.3063 1.5972 4.6875
v -1.3063 2.0963 4.6875
v -1.2964 2.6454 4.6875
v -1.2864 2.9448 4.6875
v -1.2565 3.1944 4.6875
v -1.1966 3.3741 4.6875
v -1.0471 3.5138 4.6875
v -0.5983 3.5837 4.6875
v 0.0000 3.5937 4.6875
v 0.5983 3.5837 4.6875
v 1.0471 3.5138 4.6875
v 1.1966 3.3741 4.6875
v 1.2565 3.1944 4.6875
v 1.2864 2.9448 4.6875
v 1.2964 2.6454 4.6875
v 1.3063 2.0963 4.6875
v 1.3063 1.5972 4.6875
v 1.2964 1.0981 4.6875
v 1.2864 0.7487 4.6875
v 1.2764 0.4492 4.6875
v 0.0000 0.3494 4.6875
v -1.2536 0.4442 5.2083
v -1.2634 0.7403 5.2083
v -1.2732 1.0858 5.2083
v -1.2830 1.5794 5.2083
v -1.2830 2.0730 5.2083
v -1.2732 2.6159 5.2083
v -1.2634 2.9120 5.2083
v -1.2340 3.1588 5.2083
v -1.1753 3.3365 5.2083
v -1.0284 3.4747 5.2083
v -0.5876 3.5438 5.2083
v 0.0000 3.5536 5.2083
v 0.5876 3.5438 5.2083
v 1.0284 3.4747 5.2083
v 1.1753 3.3365 5.2083
v 1.2340 3.1588 5.2083
v 1.2634 2.9120 5.2083
v 1.2732 2.6159 5.2083
v 1.2830 2.0730 5.2083
v 1.2830 1.5794 5.2083
v 1.2732 1.0858 5.2083
v 1.2634 0.7403 5.2083
v 1.2536 0.4442 5.2083
v 0.0000 0.3455 5.2083
v -1.2197 0.4368 5.7292
v -1.2293 0.7279 5.7292
v -1.2388 1.0676 5.7292
v -1.2483 1.5529 5.7292
v -1.2483 2.0382 5.7292
v -1.2388 2.5720 5.7292
v -1.2293 2.8632 5.7292
v -1.2007 3.1058 5.7292
v -1.1435 3.2805 5.7292
v -1.0006 3.4164 5.7292
v -0.5717 3.4843 5.7292
v 0.0000 3.4940 5.7292
v 0.5717 3.4843 5.7292
v 1.0006 3.4164 5.7292
v 1.1435 3.2805 5.7292
v 1.2007 3.1058 5.7292
v 1.2293 2.8632 5.7292
v 1.2388 2.5720 5.7292
v 1.2483 2.0382 5.7292
v 1.2483 1.5529 5.7292
v 1.2388 1.0676 5.7292
v 1.2293 0.7279 5.7292
v 1.2197 0.4368 5.7292
v 0.0000 0.3397 5.7292
v -1.1776 0.4275 6.2500
v -1.1868 0.7125 6.2500
v -1.1960 1.0450 6.2500
v -1.2052 1.5200 6.2500
v -1.2052 1.9950 6.2500
v -1.1960 2.5175 6.2500
v -1.1868 2.8025 6.2500
v -1.1592 3.0400 6.2500
v -1.1040 3.2110 6.2500
v -0.9660 3.3440 6.2500
v -0.5520 3.4105 6.2500
v 0.0000 3.4200 6.2500
v 0.5520 3.4105 6.2500
v 0.9660 3.3440 6.2500
v 1.1040 3.2110 6.2500
v 1.1592 3.0400 6.2500
v 1.1868 2.8025 6.2500
v 1.1960 2.5175 6.2500
v 1.2052 1.9950 6.2500
v 1.2052 1.5200 6.2500
v 1.1960 1.0450 6.2500
v 1.1868 0.7125 6.2500
v 1.1776 0.4275 6.2500
v 0.0000 0.3325 6.2500
v 0.0000 1.8000 6.2500
v 0.0000 1.8000 -6.2500
vn -0.7070 -0.7070 0.0000
vn -0.7070 -0.7070 0.0000
vn -0.7070 -0.7070 0.0000
vn -0.7070 -0.7070 0.0000
vn -0.7070 0.7070 0.0000
vn -0.7070 0.7070 0.0000
vn -0.7070 0.7070 0.0000
vn -0.7070 0.7070 0.0000
vn -0.7070 0.7070 0.0000
vn -0.7070 0.7070 0.0000
vn -0.7070 0.7070 0.0000
vn 0.0000 0.7070 0.0000
vn 0.7070 0.7070 0.0000
vn 0.7070 0.7070 0.0000
vn 0.7070 0.7070 0.0000
vn 0.7070 0.7070 0.0000
vn 0.7070 0.7070 0.0000
vn 0.7070 0.7070 0.0000
vn 0.7070 0.7070 0.0000
vn 0.7070 -0.7070 0.0000
vn 0.7070 -0.7070 0.0000
vn 0.7070 -0.7070 0.0000
vn 0.7070 -0.7070 0.0000
vn 0.0000 -0.7070 0.0000
vn -0.7070 -0.7070 0.0000
vn -0.7070 -0.7070 0.0000
vn -0.7070 -0.7070 0.0000
vn -0.7070 -0.7070 0.0000
vn -0.7070 0.7070 0.0000
vn -0.7070 0.7070 0.0000
vn -0.7070 0.7070 0.0000
vn -0.7070 0.7070 0.0000
vn -0.7070 0.7070 0.0000
vn -0.7070 0.7070 0.0000
vn -0.7070 0.7070 0.0000
vn 0.0000 0.7070 0.0000
vn 0.7070 0.7070 0.0000
vn 0.7070 0.7070 0.0000
vn 0.7070 0.7070 0.0000
vn 0.7070 0.7070 0.0000
vn 0.7070 0.7070 0.0000
vn 0.7070 0.7070 0.0000
vn 0.7070 0.7070 0.0000
vn 0.7070 -0.7070 0.0000
vn 0.7070 -0.7070 0.0000
vn 0.7070 -0.7070 0.0000
vn 0.7070 -0.7070 0.0000
vn 0.0000 -0.7070 0.0000
vn -0.7070 -0.7070 0.0000
vn -0.7070 -0.7070 0.0000
vn -0.7070 -0.7070 0.0000
vn -0.7070 -0.7070 0.0000
vn -0.7070 0.7070 0.0000
vn -0.7070 0.7070 0.0000
vn -0.7070 0.7070 0.0000
vn -0.7070 0.7070 0.0000
vn -0.7070 0.7070 0.0000
vn -0.7070 0.7070 0.0000
vn -0.7070 0.7070 0.0000
vn 0.0000 0.7070 0.0000
vn 0.7070 0.7070 0.0000
vn 0.7070 0.7070 0.0000
vn 0.7070 0.7070 0.0000
vn 0.7070 0.7070 0.0000
vn 0.7070 0.7070 0.0000
vn 0.7070 0.7070 0.0000
vn 0.7070 0.7070 0.0000
vn 0.7070 -0.7070 0.0000
vn 0.7070 -0.7070 0.0000
vn 0.7070 -0.7070 0.0000
vn 0.7070 -0.7070 0.0000
vn 0.0000 -0.7070 0.0000
vn -0.7070 -0.7070 0.0000
vn -0.7070 -0.7070 0.0000
vn -0.7070 -0.7070 0.0000
vn -0.7070 -0.7070 0.0000
vn -0.7070 0.7070 0.0000
vn -0.7070 0.7070 0.0000
vn -0.7070 0.7070 0.0000
vn -0.7070 0.7070 0.0000
vn -0.7070 0.7070 0.0000
vn -0.7070 0.7070 0.0000
vn -0.7070 0.7070 0.0000
vn 0.0000 0.7070 0.0000
vn 0.7070 0.7070 0.0000
vn 0.7070 0.7070 0.0000
vn 0.7070 0.7070 0.0000
vn 0.7070 0.7070 0.0000
vn 0.7070 0.7070 0.0000
vn 0.7070 0.7070 0.0000
vn 0.7070 0.7070 0.0000
vn 0.7070 -0.7070 0.0000
vn 0.7070 -0.7070 0.0000
vn 0.7070 -0.7070 0.0000
vn 0.7070 -0.7070 0.0000
vn 0.0000 -0.7070 0.0000
vn -0.7070 -0.7070 0.0000
vn -0.7070 -0.7070 0.0000
vn -0.7070 -0.7070 0.0000
vn -0.7070 -0.7070 0.0000
vn -0.7070 0.7070 0.0000
vn -0.7070 0.7070 0.0000
vn -0.7070 0.7070 0.0000
vn -0.7070 0.7070 0.0000
vn -0.7070 0.7070 0.0000
vn -0.7070 0.7070 0.0000
vn -0.7070 0.7070 0.0000
vn 0.0000 0.7070 0.0000
vn 0.7070 0.7070 0.0000
vn 0.7070 0.7070 0.0000
vn 0.7070 0.7070 0.0000
vn 0.7070 0.7070 0.0000
vn 0.7070 0.7070 0.0000
vn 0.7070 0.7070 0.0000
vn 0.7070 0.7070 0.0000
vn 0.7070 -0.7070 0.0000
vn 0.7070 -0.7070 0.0000
vn 0.7070 -0.7070 0.0000
vn 0.7070 -0.7070 0.0000
vn 0.0000 -0.7070 0.0000
vn -0.7070 -0.7070 0.0000
vn -0.7070 -0.7070 0.0000
vn -0.7070 -0.7070 0.0000
vn -0.7070 -0.7070 0.0000
vn -0.7070 0.7070 0.0000
vn -0.7070 0.7070 0.0000
vn -0.7070 0.7070 0.0000
vn -0.7070 0.7070 0.0000
vn -0.7070 0.7070 0.0000
vn -0.7070 0.7070 0.0000
vn -0.7070 0.7070 0.0000
vn 0.0000 0.7070 0.0000
vn 0.7070 0.7070 0.0000
vn 0.7070 0.7070 0.0000
vn 0.7070 0.7070 0.0000
vn 0.7070 0.7070 0.0000
vn 0.7070 0.7070 0.0000
vn 0.7070 0.7070 0.0000
vn 0.7070 0.7070 0.0000
vn 0.7070 -0.7070 0.0000
vn 0.7070 -0.7070 0.0000
vn 0.7070 -0.7070 0.0000
vn 0.7070 -0.7070 0.0000
vn 0.0000 -0.7070 0.0000
vn -0.7070 -0.7070 0.0000
vn -0.7070 -0.7070 0.0000
vn -0.7070 -0.7070 0.0000
vn -0.7070 -0.7070 0.0000
vn -0.7070 0.7070 0.0000
vn -0.7070 0.7070 0.0000
vn -0.7070 0.7070 0.0000
vn -0.7070 0.7070 0.0000
vn -0.7070 0.7070 0.0000
vn -0.7070 0.7070 0.0000
vn -0.7070 0.7070 0.0000
vn 0.0000 0.7070 0.0000
vn 0.7070 0.7070 0.0000
vn 0.7070 0.7070 0.0000
vn 0.7070 0.7070 0.0000
vn 0.7070 0.7070 0.0000
vn 0.7070 0.7070 0.0000
vn 0.7070 0.7070 0.0000
vn 0.7070 0.7070 0.0000
vn 0.7070 -0.7070 0.0000
vn 0.7070 -0.7070 0.0000
vn 0.7070 -0.7070 0.0000
vn 0.7070 -0.7070 0.0000
vn 0.0000 -0.7070 0.0000
vn -0.7070 -0.7070 0.0000
vn -0.7070 -0.7070 0.0000
vn -0.7070 -0.7070 0.0000
vn -0.7070 -0.7070 0.0000
vn -0.7070 0.7070 0.0000
vn -0.7070 0.7070 0.0000
vn -0.7070 0.7070 0.0000
vn -0.7070 0.7070 0.0000
vn -0.7070 0.7070 0.0000
vn -0.7070 0.7070 0.0000
vn -0.7070 0.7070 0.0000
vn 0.0000 0.7070 0.0000
vn 0.7070 0.7070 0.0000
vn 0.7070 0.7070 0.0000
vn 0.7070 0.7070 0.0000
vn 0.7070 0.7070 0.0000
vn 0.7070 0.7070 0.0000
vn 0.7070 0.7070 0.0000
vn 0.7070 0.7070 0.0000
vn 0.7070 -0.7070 0.0000
vn 0.7070 -0.7070 0.0000
vn 0.7070 -0.7070 0.0000
vn 0.7070 -0.7070 0.0000
vn 0.0000 -0.7070 0.0000
vn -0.7070 -0.7070 0.0000
vn -0.7070 -0.7070 0.0000
vn -0.7070 -0.7070 0.0000
vn -0.7070 -0.7070 0.0000
vn -0.7070 0.7070 0.0000
vn -0.7070 0.7070 0.0000
vn -0.7070 0.7070 0.0000
vn -0.7070 0.7070 0.0000
vn -0.7070 0.7070 0.0000
vn -0.7070 0.7070 0.0000
vn -0.7070 0.7070 0.0000
vn 0.0000 0.7070 0.0000
vn 0.7070 0.7070 0.0000
vn 0.7070 0.7070 0.0000
vn 0.7070 0.7070 0.0000
vn 0.7070 0.7070 0.0000
vn 0.7070 0.7070 0.0000
vn 0.7070 0.7070 0.0000
vn 0.7070 0.7070 0.0000
vn 0.7070 -0.7070 0.0000
vn 0.7070 -0.7070 0.0000
vn 0.7070 -0.7070 0.0000
vn 0.7070 -0.7070 0.0000
vn 0.0000 -0.7070 0.0000
vn -0.7070 -0.7070 0.0000
vn -0.7070 -0.7070 0.0000
vn -0.7070 -0.7070 0.0000
vn -0.7070 -0.7070 0.0000
vn -0.7070 0.7070 0.0000
vn -0.7070 0.7070 0.0000
vn -0.7070 0.7070 0.0000
vn -0.7070 0.7070 0.0000
vn -0.7070 0.7070 0.0000
vn -0.7070 0.7070 0.0000
vn -0.7070 0.7070 0.0000
vn 0.0000 0.7070 0.0000
vn 0.7070 0.7070 0.0000
vn 0.7070 0.7070 0.0000
vn 0.7070 0.7070 0.0000
vn 0.7070 0.7070 0.0000
vn 0.7070 0.7070 0.0000
vn 0.7070 0.7070 0.0000
vn 0.7070 0.7070 0.0000
vn 0.7070 -0.7070 0.0000
vn 0.7070 -0.7070 0.0000
vn 0.7070 -0.7070 0.0000
vn 0.7070 -0.7070 0.0000
vn 0.0000 -0.7070 0.0000
vn -0.7070 -0.7070 0.0000
vn -0.7070 -0.7070 0.0000
vn -0.7070 -0.7070 0.0000
vn -0.7070 -0.7070 0.0000
vn -0.7070 0.7070 0.0000
vn -0.7070 0.7070 0.0000
vn -0.7070 0.7070 0.0000
vn -0.7070 0.7070 0.0000
vn -0.7070 0.7070 0.0000
vn -0.7070 0.7070 0.0000
vn -0.7070 0.7070 0.0000
vn 0.0000 0.7070 0.0000
vn 0.7070 0.7070 0.0000
vn 0.7070 0.7070 0.0000
vn 0.7070 0.7070 0.0000
vn 0.7070 0.7070 0.0000
vn 0.7070 0.7070 0.0000
vn 0.7070 0.7070 0.0000
vn 0.7070 0.7070 0.0000
vn 0.7070 -0.7070 0.0000
vn 0.7070 -0.7070 0.0000
vn 0.7070 -0.7070 0.0000
vn 0.7070 -0.7070 0.0000
vn 0.0000 -0.7070 0.0000
vn -0.7070 -0.7070 0.0000
vn -0.7070 -0.7070 0.0000
vn -0.7070 -0.7070 0.0000
vn -0.7070 -0.7070 0.0000
vn -0.7070 0.7070 0.0000
vn -0.7070 0.7070 0.0000
vn -0.7070 0.7070 0.0000
vn -0.7070 0.7070 0.0000
vn -0.7070 0.7070 0.0000
vn -0.7070 0.7070 0.0000
vn -0.7070 0.7070 0.0000
vn 0.0000 0.7070 0.0000
vn 0.7070 0.7070 0.0000
vn 0.7070 0.7070 0.0000
vn 0.7070 0.7070 0.0000
vn 0.7070 0.7070 0.0000
vn 0.7070 0.7070 0.0000
vn 0.7070 0.7070 0.0000
vn 0.7070 0.7070 0.0000
vn 0.7070 -0.7070 0.0000
vn 0.7070 -0.7070 0.0000
vn 0.7070 -0.7070 0.0000
vn 0.7070 -0.7070 0.0000
vn 0.0000 -0.7070 0.0000
vn -0.7070 -0.7070 0.0000
vn -0.7070 -0.7070 0.0000
vn -0.7070 -0.7070 0.0000
vn -0.7070 -0.7070 0.0000
vn -0.7070 0.7070 0.0000
vn -0.7070 0.7070 0.0000
vn -0.7070 0.7070 0.0000
vn -0.7070 0.7070 0.0000
vn -0.7070 0.7070 0.0000
vn -0.7070 0.7070 0.0000
vn -0.7070 0.7070 0.0000
vn 0.0000 0.7070 0.0000
vn 0.7070 0.7070 0.0000
vn 0.7070 0.7070 0.0000
vn 0.7070 0.7070 0.0000
vn 0.7070 0.7070 0.0000
vn 0.7070 0.7070 0.0000
vn 0.7070 0.7070 0.0000
vn 0.7070 0.7070 0.0000
vn 0.7070 -0.7070 0.0000
vn 0.7070 -0.7070 0.0000
vn 0.7070 -0.7070 0.0000
vn 0.7070 -0.7070 0.0000
vn 0.0000 -0.7070 0.0000
vn -0.7070 -0.7070 0.0000
vn -0.7070 -0.7070 0.0000
vn -0.7070 -0.7070 0.0000
vn -0.7070 -0.7070 0.0000
vn -0.7070 0.7070 0.0000
vn -0.7070 0.7070 0.0000
vn -0.7070 0.7070 0.0000
vn -0.7070 0.7070 0.0000
vn -0.7070 0.7070 0.0000
vn -0.7070 0.7070 0.0000
vn -0.7070 0.7070 0.0000
vn 0.0000 0.7070 0.0000
vn 0.7070 0.7070 0.0000
vn 0.7070 0.7070 0.0000
vn 0.7070 0.7070 0.0000
vn 0.7070 0.7070 0.0000
vn 0.7070 0.7070 0.0000
vn 0.7070 0.7070 0.0000
vn 0.7070 0.7070 0.0000
vn 0.7070 -0.7070 0.0000
vn 0.7070 -0.7070 0.0000
vn 0.7070 -0.7070 0.0000
vn 0.7070 -0.7070 0.0000
vn 0.0000 -0.7070 0.0000
vn -0.7070 -0.7070 0.0000
vn -0.7070 -0.7070 0.0000
vn -0.7070 -0.7070 0.0000
vn -0.7070 -0.7070 0.0000
vn -0.7070 0.7070 0.0000
vn -0.7070 0.7070 0.0000
vn -0.7070 0.7070 0.0000
vn -0.7070 0.7070 0.0000
vn -0.7070 0.7070 0.0000
vn -0.7070 0.7070 0.0000
vn -0.7070 0.7070 0.0000
vn 0.0000 0.7070 0.0000
vn 0.7070 0.7070 0.0000
vn 0.7070 0.7070 0.0000
vn 0.7070 0.7070 0.0000
vn 0.7070 0.7070 0.0000
vn 0.7070 0.7070 0.0000
vn 0.7070 0.7070 0.0000
vn 0.7070 0.7070 0.0000
vn 0.7070 -0.7070 0.0000
vn 0.7070 -0.7070 0.0000
vn 0.7070 -0.7070 0.0000
vn 0.7070 -0.7070 0.0000
vn 0.0000 -0.7070 0.0000
vn -0.7070 -0.7070 0.0000
vn -0.7070 -0.7070 0.0000
vn -0.7070 -0.7070 0.0000
vn -0.7070 -0.7070 0.0000
vn -0.7070 0.7070 0.0000
vn -0.7070 0.7070 0.0000
vn -0.7070 0.7070 0.0000
vn -0.7070 0.7070 0.0000
vn -0.7070 0.7070 0.0000
vn -0.7070 0.7070 0.0000
vn -0.7070 0.7070 0.0000
vn 0.0000 0.7070 0.0000
vn 0.7070 0.7070 0.0000
vn 0.7070 0.7070 0.0000
vn 0.7070 0.7070 0.0000
vn 0.7070 0.7070 0.0000
vn 0.7070 0.7070 0.0000
vn 0.7070 0.7070 0.0000
vn 0.7070 0.7070 0.0000
vn 0.7070 -0.7070 0.0000
vn 0.7070 -0.7070 0.0000
vn 0.7070 -0.7070 0.0000
vn 0.7070 -0.7070 0.0000
vn 0.0000 -0.7070 0.0000
vn -0.7070 -0.7070 0.0000
vn -0.7070 -0.7070 0.0000
vn -0.7070 -0.7070 0.0000
vn -0.7070 -0.7070 0.0000
vn -0.7070 0.7070 0.0000
vn -0.7070 0.7070 0.0000
vn -0.7070 0.7070 0.0000
vn -0.7070 0.7070 0.0000
vn -0.7070 0.7070 0.0000
vn -0.7070 0.7070 0.0000
vn -0.7070 0.7070 0.0000
vn 0.0000 0.7070 0.0000
vn 0.7070 0.7070 0.0000
vn 0.7070 0.7070 0.0000
vn 0.7070 0.7070 0.0000
vn 0.7070 0.7070 0.0000
vn 0.7070 0.7070 0.0000
vn 0.7070 0.7070 0.0000
vn 0.7070 0.7070 0.0000
vn 0.7070 -0.7070 0.0000
vn 0.7070 -0.7070 0.0000
vn 0.7070 -0.7070 0.0000
vn 0.7070 -0.7070 0.0000
vn 0.0000 -0.7070 0.0000
vn -0.7070 -0.7070 0.0000
vn -0.7070 -0.7070 0.0000
vn -0.7070 -0.7070 0.0000
vn -0.7070 -0.7070 0.0000
vn -0.7070 0.7070 0.0000
vn -0.7070 0.7070 0.0000
vn -0.7070 0.7070 0.0000
vn -0.7070 0.7070 0.0000
vn -0.7070 0.7070 0.0000
vn -0.7070 0.7070 0.0000
vn -0.7070 0.7070 0.0000
vn 0.0000 0.7070 0.0000
vn 0.7070 0.7070 0.0000
vn 0.7070 0.7070 0.0000
vn 0.7070 0.7070 0.0000
vn 0.7070 0.7070 0.0000
vn 0.7070 0.7070 0.0000
vn 0.7070 0.7070 0.0000
vn 0.7070 0.7070 0.0000
vn 0.7070 -0.7070 0.0000
vn 0.7070 -0.7070 0.0000
vn 0.7070 -0.7070 0.0000
vn 0.7070 -0.7070 0.0000
vn 0.0000 -0.7070 0.0000
vn -0.7070 -0.7070 0.0000
vn -0.7070 -0.7070 0.0000
vn -0.7070 -0.7070 0.0000
vn -0.7070 -0.7070 0.0000
vn -0.7070 0.7070 0.0000
vn -0.7070 0.7070 0.0000
vn -0.7070 0.7070 0.0000
vn -0.7070 0.7070 0.0000
vn -0.7070 0.7070 0.0000
vn -0.7070 0.7070 0.0000
vn -0.7070 0.7070 0.0000
vn 0.0000 0.7070 0.0000
vn 0.7070 0.7070 0.0000
vn 0.7070 0.7070 0.0000
vn 0.7070 0.7070 0.0000
vn 0.7070 0.7070 0.0000
vn 0.7070 0.7070 0.0000
vn 0.7070 0.7070 0.0000
vn 0.7070 0.7070 0.0000
vn 0.7070 -0.7070 0.0000
vn 0.7070 -0.7070 0.0000
vn 0.7070 -0.7070 0.0000
vn 0.7070 -0.7070 0.0000
vn 0.0000 -0.7070 0.0000
vn -0.7070 -0.7070 0.0000
vn -0.7070 -0.7070 0.0000
vn -0.7070 -0.7070 0.0000
vn -0.7070 -0.7070 0.0000
vn -0.7070 0.7070 0.0000
vn -0.7070 0.7070 0.0000
vn -0.7070 0.7070 0.0000
vn -0.7070 0.7070 0.0000
vn -0.7070 0.7070 0.0000
vn -0.7070 0.7070 0.0000
vn -0.7070 0.7070 0.0000
vn 0.0000 0.7070 0.0000
vn 0.7070 0.7070 0.0000
vn 0.7070 0.7070 0.0000
vn 0.7070 0.7070 0.0000
vn 0.7070 0.7070 0.0000
vn 0.7070 0.7070 0.0000
vn 0.7070 0.7070 0.0000
vn 0.7070 0.7070 0.0000
vn 0.7070 -0.7070 0.0000
vn 0.7070 -0.7070 0.0000
vn 0.7070 -0.7070 0.0000
vn 0.7070 -0.7070 0.0000
vn 0.0000 -0.7070 0.0000
vn -0.7070 -0.7070 0.0000
vn -0.7070 -0.7070 0.0000
vn -0.7070 -0.7070 0.0000
vn -0.7070 -0.7070 0.0000
vn -0.7070 0.7070 0.0000
vn -0.7070 0.7070 0.0000
vn -0.7070 0.7070 0.0000
vn -0.7070 0.7070 0.0000
vn -0.7070 0.7070 0.0000
vn -0.7070 0.7070 0.0000
vn -0.7070 0.7070 0.0000
vn 0.0000 0.7070 0.0000
vn 0.7070 0.7070 0.0000
vn 0.7070 0.7070 0.0000
vn 0.7070 0.7070 0.0000
vn 0.7070 0.7070 0.0000
vn 0.7070 0.7070 0.0000
vn 0.7070 0.7070 0.0000
vn 0.7070 0.7070 0.0000
vn 0.7070 -0.7070 0.0000
vn 0.7070 -0.7070 0.0000
vn 0.7070 -0.7070 0.0000
vn 0.7070 -0.7070 0.0000
vn 0.0000 -0.7070 0.0000
vn -0.7070 -0.7070 0.0000
vn -0.7070 -0.7070 0.0000
vn -0.7070 -0.7070 0.0000
vn -0.7070 -0.7070 0.0000
vn -0.7070 0.7070 0.0000
vn -0.7070 0.7070 0.0000
vn -0.7070 0.7070 0.0000
vn -0.7070 0.7070 0.0000
vn -0.7070 0.7070 0.0000
vn -0.7070 0.7070 0.0000
vn -0.7070 0.7070 0.0000
vn 0.0000 0.7070 0.0000
vn 0.7070 0.7070 0.0000
vn 0.7070 0.7070 0.0000
vn 0.7070 0.7070 0.0000
vn 0.7070 0.7070 0.0000
vn 0.7070 0.7070 0.0000
vn 0.7070 0.7070 0.0000
vn 0.7070 0.7070 0.0000
vn 0.7070 -0.7070 0.0000
vn 0.7070 -0.7070 0.0000
vn 0.7070 -0.7070 0.0000
vn 0.7070 -0.7070 0.0000
vn 0.0000 -0.7070 0.0000
vn -0.7070 -0.7070 0.0000
vn -0.7070 -0.7070 0.0000
vn -0.7070 -0.7070 0.0000
vn -0.7070 -0.7070 0.0000
vn -0.7070 0.7070 0.0000
vn -0.7070 0.7070 0.0000
vn -0.7070 0.7070 0.0000
vn -0.7070 0.7070 0.0000
vn -0.7070 0.7070 0.0000
vn -0.7070 0.7070 0.0000
vn -0.7070 0.7070 0.0000
vn 0.0000 0.7070 0.0000
vn 0.7070 0.7070 0.0000
vn 0.7070 0.7070 0.0000
vn 0.7070 0.7070 0.0000
vn 0.7070 0.7070 0.0000
vn 0.7070 0.7070 0.0000
vn 0.7070 0.7070 0.0000
vn 0.7070 0.7070 0.0000
vn 0.7070 -0.7070 0.0000
vn 0.7070 -0.7070 0.0000
vn 0.7070 -0.7070 0.0000
vn 0.7070 -0.7070 0.0000
vn 0.0000 -0.7070 0.0000
vn -0.7070 -0.7070 0.0000
vn -0.7070 -0.7070 0.0000
vn -0.7070 -0.7070 0.0000
vn -0.7070 -0.7070 0.0000
vn -0.7070 0.7070 0.0000
vn -0.7070 0.7070 0.0000
vn -0.7070 0.7070 0.0000
vn -0.7070 0.7070 0.0000
vn -0.7070 0.7070 0.0000
vn -0.7070 0.7070 0.0000
vn -0.7070 0.7070 0.0000
vn 0.0000 0.7070 0.0000
vn 0.7070 0.7070 0.0000
vn 0.7070 0.7070 0.0000
vn 0.7070 0.7070 0.0000
vn 0.7070 0.7070 0.0000
vn 0.7070 0.7070 0.0000
vn 0.7070 0.7070 0.0000
vn 0.7070 0.7070 0.0000
vn 0.7070 -0.7070 0.0000
vn 0.7070 -0.7070 0.0000
vn 0.7070 -0.7070 0.0000
vn 0.7070 -0.7070 0.0000
vn 0.0000 -0.7070 0.0000
vn -0.7070 -0.7070 0.0000
vn -0.7070 -0.7070 0.0000
vn -0.7070 -0.7070 0.0000
vn -0.7070 -0.7070 0.0000
vn -0.7070 0.7070 0.0000
vn -0.7070 0.7070 0.0000
vn -0.7070 0.7070 0.0000
vn -0.7070 0.7070 0.0000
vn -0.7070 0.7070 0.0000
vn -0.7070 0.7070 0.0000
vn -0.7070 0.7070 0.0000
vn 0.0000 0.7070 0.0000
vn 0.7070 0.7070 0.0000
vn 0.7070 0.7070 0.0000
vn 0.7070 0.7070 0.0000
vn 0.7070 0.7070 0.0000
vn 0.7070 0.7070 0.0000
vn 0.7070 0.7070 0.0000
vn 0.7070 0.7070 0.0000
vn 0.7070 -0.7070 0.0000
vn 0.7070 -0.7070 0.0000
vn 0.7070 -0.7070 0.0000
vn 0.7070 -0.7070 0.0000
vn 0.0000 -0.7070 0.0000
vn 0.0000 0.0000 1.0000
vn 0.0000 0.0000 -1.0000
vt 0.0000 0.0000
vt 0.0417 0.0000
vt 0.0833 0.0000
vt 0.1250 0.0000
vt 0.1667 0.0000
vt 0.2083 0.0000
vt 0.2500 0.0000
vt 0.2917 0.0000
vt 0.3333 0.0000
vt 0.3750 0.0000
vt 0.4167 0.0000
vt 0.4583 0.0000
vt 0.5000 0.0000
vt 0.5417 0.0000
vt 0.5833 0.0000
vt 0.6250 0.0000
vt 0.6667 0.0000
vt 0.7083 0.0000
vt 0.7500 0.0000
vt 0.7917 0.0000
vt 0.8333 0.0000
vt 0.8750 0.0000
vt 0.9167 0.0000
vt 0.9583 0.0000
vt 0.0000 0.0417
vt 0.0417 0.0417
vt 0.0833 0.0417
vt 0.1250 0.0417
vt 0.1667 0.0417
vt 0.2083 0.0417
vt 0.2500 0.0417
vt 0.2917 0.0417
vt 0.3333 0.0417
vt 0.3750 0.0417
vt 0.4167 0.0417
vt 0.4583 0.0417
vt 0.5000 0.0417
vt 0.5417 0.0417
vt 0.5833 0.0417
vt 0.6250 0.0417
vt 0.6667 0.0417
vt 0.7083 0.0417
vt 0.7500 0.0417
vt 0.7917 0.0417
vt 0.8333 0.0417
vt 0.8750 0.0417
vt 0.9167 0.0417
vt 0.9583 0.0417
vt 0.0000 0.0833
vt 0.0417 0.0833
vt 0.0833 0.0833
vt 0.1250 0.0833
vt 0.1667 0.0833
vt 0.2083 0.0833
vt 0.2500 0.0833
vt 0.2917 0.0833
vt 0.3333 0.0833
vt 0.3750 0.0833
vt 0.4167 0.0833
vt 0.4583 0.0833
vt 0.5000 0.0833
vt 0.5417 0.0833
vt 0.5833 0.0833
vt 0.6250 0.0833
vt 0.6667 0.0833
vt 0.7083 0.0833
vt 0.7500 0.0833
vt 0.7917 0.0833
vt 0.8333 0.0833
vt 0.8750 0.0833
vt 0.9167 0.0833
vt 0.9583 0.0833
vt 0.0000 0.1250
vt 0.0417 0.1250
vt 0.0833 0.1250
vt 0.1250 0.1250
vt 0.1667 0.1250
vt 0.2083 0.1250
vt 0.2500 0.1250
vt 0.2917 0.1250
vt 0.3333 0.1250
vt 0.3750 0.1250
vt 0.4167 0.1250
vt 0.4583 0.1250
vt 0.5000 0.1250
vt 0.5417 0.1250
vt 0.5833 0.1250
vt 0.6250 0.1250
vt 0.6667 0.1250
vt 0.7083 0.1250
vt 0.7500 0.1250
vt 0.7917 0.1250
vt 0.8333 0.1250
vt 0.8750 0.1250
vt 0.9167 0.1250
vt 0.9583 0.1250
vt 0.0000 0.1667
vt 0.0417 0.1667
vt 0.0833 0.1667
vt 0.1250 0.1667
vt 0.1667 0.1667
vt 0.2083 0.1667
vt 0.2500 0.1667
vt 0.2917 0.1667
vt 0.3333 0.1667
vt 0.3750 0.1667
vt 0.4167 0.1667
vt 0.4583 0.1667
vt 0.5000 0.1667
vt 0.5417 0.1667
vt 0.5833 0.1667
vt 0.6250 0.1667
vt 0.6667 0.1667
vt 0.7083 0.1667
vt 0.7500 0.1667
vt 0.7917 0.1667
vt 0.8333 0.1667
vt 0.8750 0.1667
vt 0.9167 0.1667
vt 0.9583 0.1667
vt 0.0000 0.2083
vt 0.0417 0.2083
vt 0.0833 0.2083
vt 0.1250 0.2083
vt 0.1667 0.2083
vt 0.2083 0.2083
vt 0.2500 0.2083
vt 0.2917 0.2083
vt 0.3333 0.2083
vt 0.3750 0.2083
vt 0.4167 0.2083
vt 0.4583 0.2083
vt 0.5000 0.2083
vt 0.5417 0.2083
vt 0.5833 0.2083
vt 0.6250 0.2083
vt 0.6667 0.2083
vt 0.7083 0.2083
vt 0.7500 0.2083
vt 0.7917 0.2083
vt 0.8333 0.2083
vt 0.8750 0.2083
vt 0.9167 0.2083
vt 0.9583 0.2083
vt 0.0000 0.2500
vt 0.0417 0.2500
vt 0.0833 0.2500
vt 0.1250 0.2500
vt 0.1667 0.2500
vt 0.2083 0.2500
vt 0.2500 0.2500
vt 0.2917 0.2500
vt 0.3333 0.2500
vt 0.3750 0.2500
vt 0.4167 0.2500
vt 0.4583 0.2500
vt 0.5000 0.2500
vt 0.5417 0.2500
vt 0.5833 0.2500
vt 0.6250 0.2500
vt 0.6667 0.2500
vt 0.7083 0.2500
vt 0.7500 0.2500
vt 0.7917 0.2500
vt 0.8333 0.2500
vt 0.8750 0.2500
vt 0.9167 0.2500
vt 0.9583 0.2500
vt 0.0000 0.2917
vt 0.0417 0.2917
vt 0.0833 0.2917
vt 0.1250 0.2917
vt 0.1667 0.2917
vt 0.2083 0.2917
vt 0.2500 0.2917
vt 0.2917 0.2917
vt 0.3333 0.2917
vt 0.3750 0.2917
vt 0.4167 0.2917
vt 0.4583 0.2917
vt 0.5000 0.2917
vt 0.5417 0.2917
vt 0.5833 0.2917
vt 0.6250 0.2917
vt 0.6667 0.2917
vt 0.7083 0.2917
vt 0.7500 0.2917
vt 0.7917 0.2917
vt 0.8333 0.2917
vt 0.8750 0.2917
vt 0.9167 0.2917
vt 0.9583 0.2917
vt 0.0000 0.3333
vt 0.0417 0.3333
vt 0.0833 0.3333
vt 0.1250 0.3333
vt 0.1667 0.3333
vt 0.2083 0.3333
vt 0.2500 0.3333
vt 0.2917 0.3333
vt 0.3333 0.3333
vt 0.3750 0.3333
vt 0.4167 0.3333
vt 0.4583 0.3333
vt 0.5000 0.3333
vt 0.5417 0.3333
vt 0.5833 0.3333
vt 0.6250 0.3333
vt 0.6667 0.3333
vt 0.7083 0.3333
vt 0.7500 0.3333
vt 0.7917 0.3333
vt 0.8333 0.3333
vt 0.8750 0.3333
vt 0.9167 0.3333
vt 0.9583 0.3333
vt 0.0000 0.3750
vt 0.0417 0.3750
vt 0.0833 0.3750
vt 0.1250 0.3750
vt 0.1667 0.3750
vt 0.2083 0.3750
vt 0.2500 0.3750
vt 0.2917 0.3750
vt 0.3333 0.3750
vt 0.3750 0.3750
vt 0.4167 0.3750
vt 0.4583 0.3750
vt 0.5000 0.3750
vt 0.5417 0.3750
vt 0.5833 0.3750
vt 0.6250 0.3750
vt 0.6667 0.3750
vt 0.7083 0.3750
vt 0.7500 0.3750
vt 0.7917 0.3750
vt 0.8333 0.3750
vt 0.8750 0.3750
vt 0.9167 0.3750
vt 0.9583 0.3750
vt 0.0000 0.4167
vt 0.0417 0.4167
vt 0.0833 0.4167
vt 0.1250 0.4167
vt 0.1667 0.4167
vt 0.2083 0.4167
vt 0.2500 0.4167
vt 0.2917 0.4167
vt 0.3333 0.4167
vt 0.3750 0.4167
vt 0.4167 0.4167
vt 0.4583 0.4167
vt 0.5000 0.4167
vt 0.5417 0.4167
vt 0.5833 0.4167
vt 0.6250 0.4167
vt 0.6667 0.4167
vt 0.7083 0.4167
vt 0.7500 0.4167
vt 0.7917 0.4167
vt 0.8333 0.4167
vt 0.8750 0.4167
vt 0.9167 0.4167
vt 0.9583 0.4167
vt 0.0000 0.4583
vt 0.0417 0.4583
vt 0.0833 0.4583
vt 0.1250 0.4583
vt 0.1667 0.4583
vt 0.2083 0.4583
vt 0.2500 0.4583
vt 0.2917 0.4583
vt 0.3333 0.4583
vt 0.3750 0.4583
vt 0.4167 0.4583
vt 0.4583 0.4583
vt 0.5000 0.4583
vt 0.5417 0.4583
vt 0.5833 0.4583
vt 0.6250 0.4583
vt 0.6667 0.4583
vt 0.7083 0.4583
vt 0.7500 0.4583
vt 0.7917 0.4583
vt 0.8333 0.4583
vt 0.8750 0.4583
vt 0.9167 0.4583
vt 0.9583 0.4583
vt 0.0000 0.5000
vt 0.0417 0.5000
vt 0.0833 0.5000
vt 0.1250 0.5000
vt 0.1667 0.5000
vt 0.2083 0.5000
vt 0.2500 0.5000
vt 0.2917 0.5000
vt 0.3333 0.5000
vt 0.3750 0.5000
vt 0.4167 0.5000
vt 0.4583 0.5000
vt 0.5000 0.5000
vt 0.5417 0.5000
vt 0.5833 0.5000
vt 0.6250 0.5000
vt 0.6667 0.5000
vt 0.7083 0.5000
vt 0.7500 0.5000
vt 0.7917 0.5000
vt 0.8333 0.5000
vt 0.8750 0.5000
vt 0.9167 0.5000
vt 0.9583 0.5000
vt 0.0000 0.5417
vt 0.0417 0.5417
vt 0.0833 0.5417
vt 0.1250 0.5417
vt 0.1667 0.5417
vt 0.2083 0.5417
vt 0.2500 0.5417
vt 0.2917 0.5417
vt 0.3333 0.5417
vt 0.3750 0.5417
vt 0.4167 0.5417
vt 0.4583 0.5417
vt 0.5000 0.5417
vt 0.5417 0.5417
vt 0.5833 0.5417
vt 0.6250 0.5417
vt 0.6667 0.5417
vt 0.7083 0.5417
vt 0.7500 0.5417
vt 0.7917 0.5417
vt 0.8333 0.5417
vt 0.8750 0.5417
vt 0.9167 0.5417
vt 0.9583 0.5417
vt 0.0000 0.5833
vt 0.0417 0.5833
vt 0.0833 0.5833
vt 0.1250 0.5833
vt 0.1667 0.5833
vt 0.2083 0.5833
vt 0.2500 0.5833
vt 0.2917 0.5833
vt 0.3333 0.5833
vt 0.3750 0.5833
vt 0.4167 0.5833
vt 0.4583 0.5833
vt 0.5000 0.5833
vt 0.5417 0.5833
vt 0.5833 0.5833
vt 0.6250 0.5833
vt 0.6667 0.5833
vt 0.7083 0.5833
vt 0.7500 0.5833
vt 0.7917 0.5833
vt 0.8333 0.5833
vt 0.8750 0.5833
vt 0.9167 0.5833
vt 0.9583 0.5833
vt 0.0000 0.6250
vt 0.0417 0.6250
vt 0.0833 0.6250
vt 0.1250 0.6250
vt 0.1667 0.6250
vt 0.2083 0.6250
vt 0.2500 0.6250
vt 0.2917 0.6250
vt 0.3333 0.6250
vt 0.3750 0.6250
vt 0.4167 0.6250
vt 0.4583 0.6250
vt 0.5000 0.6250
vt 0.5417 0.6250
vt 0.5833 0.6250
vt 0.6250 0.6250
vt 0.6667 0.6250
vt 0.7083 0.6250
vt 0.7500 0.6250
vt 0.7917 0.6250
vt 0.8333 0.6250
vt 0.8750 0.6250
vt 0.9167 0.6250
vt 0.9583 0.6250
vt 0.0000 0.6667
vt 0.0417 0.6667
vt 0.0833 0.6667
vt 0.1250 0.6667
vt 0.1667 0.6667
vt 0.2083 0.6667
vt 0.2500 0.6667
vt 0.2917 0.6667
vt 0.3333 0.6667
vt 0.3750 0.6667
vt 0.4167 0.6667
vt 0.4583 0.6667
vt 0.5000 0.6667
vt 0.5417 0.6667
vt 0.5833 0.6667
vt 0.6250 0.6667
vt 0.6667 0.6667
vt 0.7083 0.6667
vt 0.7500 0.6667
vt 0.7917 0.6667
vt 0.8333 0.6667
vt 0.8750 0.6667
vt 0.9167 0.6667
vt 0.9583 0.6667
vt 0.0000 0.7083
vt 0.0417 0.7083
vt 0.0833 0.7083
vt 0.1250 0.7083
vt 0.1667 0.7083
vt 0.2083 0.7083
vt 0.2500 0.7083
vt 0.2917 0.7083
vt 0.3333 0.7083
vt 0.3750 0.7083
vt 0.4167 0.7083
vt 0.4583 0.7083
vt 0.5000 0.7083
vt 0.5417 0.7083
vt 0.5833 0.7083
vt 0.6250 0.7083
vt 0.6667 0.7083
vt 0.7083 0.7083
vt 0.7500 0.7083
vt 0.7917 0.7083
vt 0.8333 0.7083
vt 0.8750 0.7083
vt 0.9167 0.7083
vt 0.9583 0.7083
vt 0.0000 0.7500
vt 0.0417 0.7500
vt 0.0833 0.7500
vt 0.1250 0.7500
vt 0.1667 0.7500
vt 0.2083 0.7500
vt 0.2500 0.7500
vt 0.2917 0.7500
vt 0.3333 0.7500
vt 0.3750 0.7500
vt 0.4167 0.7500
vt 0.4583 0.7500
vt 0.5000 0.7500
vt 0.5417 0.7500
vt 0.5833 0.7500
vt 0.6250 0.7500
vt 0.6667 0.7500
vt 0.7083 0.7500
vt 0.7500 0.7500
vt 0.7917 0.7500
vt 0.8333 0.7500
vt 0.8750 0.7500
vt 0.9167 0.7500
vt 0.9583 0.7500
vt 0.0000 0.7917
vt 0.0417 0.7917
vt 0.0833 0.7917
vt 0.1250 0.7917
vt 0.1667 0.7917
vt 0.2083 0.7917
vt 0.2500 0.7917
vt 0.2917 0.7917
vt 0.3333 0.7917
vt 0.3750 0.7917
vt 0.4167 0.7917
vt 0.4583 0.7917
vt 0.5000 0.7917
vt 0.5417 0.7917
vt 0.5833 0.7917
vt 0.6250 0.7917
vt 0.6667 0.7917
vt 0.7083 0.7917
vt 0.7500 0.7917
vt 0.7917 0.7917
vt 0.8333 0.7917
vt 0.8750 0.7917
vt 0.9167 0.7917
vt 0.9583 0.7917
vt 0.0000 0.8333
vt 0.0417 0.8333
vt 0.0833 0.8333
vt 0.1250 0.8333
vt 0.1667 0.8333
vt 0.2083 0.8333
vt 0.2500 0.8333
vt 0.2917 0.8333
vt 0.3333 0.8333
vt 0.3750 0.8333
vt 0.4167 0.8333
vt 0.4583 0.8333
vt 0.5000 0.8333
vt 0.5417 0.8333
vt 0.5833 0.8333
vt 0.6250 0.8333
vt 0.6667 0.8333
vt 0.7083 0.8333
vt 0.7500 0.8333
vt 0.7917 0.8333
vt 0.8333 0.8333
vt 0.8750 0.8333
vt 0.9167 0.8333
vt 0.9583 0.8333
vt 0.0000 0.8750
vt 0.0417 0.8750
vt 0.0833 0.8750
vt 0.1250 0.8750
vt 0.1667 0.8750
vt 0.2083 0.8750
vt 0.2500 0.8750
vt 0.2917 0.8750
vt 0.3333 0.8750
vt 0.3750 0.8750
vt 0.4167 0.8750
vt 0.4583 0.8750
vt 0.5000 0.8750
vt 0.5417 0.8750
vt 0.5833 0.8750
vt 0.6250 0.8750
vt 0.6667 0.8750
vt 0.7083 0.8750
vt 0.7500 0.8750
vt 0.7917 0.8750
vt 0.8333 0.8750
vt 0.8750 0.8750
vt 0.9167 0.8750
vt 0.9583 0.8750
vt 0.0000 0.9167
vt 0.0417 0.9167
vt 0.0833 0.9167
vt 0.1250 0.9167
vt 0.1667 0.9167
vt 0.2083 0.9167
vt 0.2500 0.9167
vt 0.2917 0.9167
vt 0.3333 0.9167
vt 0.3750 0.9167
vt 0.4167 0.9167
vt 0.4583 0.9167
vt 0.5000 0.9167
vt 0.5417 0.9167
vt 0.5833 0.9167
vt 0.6250 0.9167
vt 0.6667 0.9167
vt 0.7083 0.9167
vt 0.7500 0.9167
vt 0.7917 0.9167
vt 0.8333 0.9167
vt 0.8750 0.9167
vt 0.9167 0.9167
vt 0.9583 0.9167
vt 0.0000 0.9583
vt 0.0417 0.9583
vt 0.0833 0.9583
vt 0.1250 0.9583
vt 0.1667 0.9583
vt 0.2083 0.9583
vt 0.2500 0.9583
vt 0.2917 0.9583
vt 0.3333 0.9583
vt 0.3750 0.9583
vt 0.4167 0.9583
vt 0.4583 0.9583
vt 0.5000 0.9583
vt 0.5417 0.9583
vt 0.5833 0.9583
vt 0.6250 0.9583
vt 0.6667 0.9583
vt 0.7083 0.9583
vt 0.7500 0.9583
vt 0.7917 0.9583
vt 0.8333 0.9583
vt 0.8750 0.9583
vt 0.9167 0.9583
vt 0.9583 0.9583
vt 0.0000 1.0000
vt 0.0417 1.0000
vt 0.0833 1.0000
vt 0.1250 1.0000
vt 0.1667 1.0000
vt 0.2083 1.0000
vt 0.2500 1.0000
vt 0.2917 1.0000
vt 0.3333 1.0000
vt 0.3750 1.0000
vt 0.4167 1.0000
vt 0.4583 1.0000
vt 0.5000 1.0000
vt 0.5417 1.0000
vt 0.5833 1.0000
vt 0.6250 1.0000
vt 0.6667 1.0000
vt 0.7083 1.0000
vt 0.7500 1.0000
vt 0.7917 1.0000
vt 0.8333 1.0000
vt 0.8750 1.0000
vt 0.9167 1.0000
vt 0.9583 1.0000
vt 0.5000 0.5000
vt 0.5000 0.5000
f 1/1/1 2/2/2 26/26/26
f 1/1/1 26/26/26 25/25/25
f 2/2/2 3/3/3 27/27/27
f 2/2/2 27/27/27 26/26/26
f 3/3/3 4/4/4 28/28/28
f 3/3/3 28/28/28 27/27/27
f 4/4/4 5/5/5 29/29/29
f 4/4/4 29/29/29 28/28/28
f 5/5/5 6/6/6 30/30/30
f 5/5/5 30/30/30 29/29/29
f 6/6/6 7/7/7 31/31/31
f 6/6/6 31/31/31 30/30/30
f 7/7/7 8/8/8 32/32/32
f 7/7/7 32/32/32 31/31/31
f 8/8/8 9/9/9 33/33/33
f 8/8/8 33/33/33 32/32/32
f 9/9/9 10/10/10 34/34/34
f 9/9/9 34/34/34 33/33/33
f 10/10/10 11/11/11 35/35/35
f 10/10/10 35/35/35 34/34/34
f 11/11/11 12/12/12 36/36/36
f 11/11/11 36/36/36 35/35/35
f 12/12/12 13/13/13 37/37/37
f 12/12/12 37/37/37 36/36/36
f 13/13/13 14/14/14 38/38/38
f 13/13/13 38/38/38 37/37/37
f 14/14/14 15/15/15 39/39/39
f 14/14/14 39/39/39 38/38/38
f 15/15/15 16/16/16 40/40/40
f 15/15/15 40/40/40 39/39/39
f 16/16/16 17/17/17 41/41/41
f 16/16/16 41/41/41 40/40/40
f 17/17/17 18/18/18 42/42/42
f 17/17/17 42/42/42 41/41/41
f 18/18/18 19/19/19 43/43/43
f 18/18/18 43/43/43 42/42/42
f 19/19/19 20/20/20 44/44/44
f 19/19/19 44/44/44 43/43/43
f 20/20/20 21/21/21 45/45/45
f 20/20/20 45/45/45 44/44/44
f 21/21/21 22/22/22 46/46/46
f 21/21/21 46/46/46 45/45/45
f 22/22/22 23/23/23 47/47/47
f 22/22/22 47/47/47 46/46/46
f 23/23/23 24/24/24 48/48/48
f 23/23/23 48/48/48 47/47/47
f 24/24/24 1/1/1 25/25/25
f 24/24/24 25/25/25 48/48/48
f 25/25/25 26/26/26 50/50/50
f 25/25/25 50/50/50 49/49/49
f 26/26/26 27/27/27 51/51/51
f 26/26/26 51/51/51 50/50/50
f 27/27/27 28/28/28 52/52/52
f 27/27/27 52/52/52 51/51/51
f 28/28/28 29/29/29 53/53/53
f 28/28/28 53/53/53 52/52/52
f 29/29/29 30/30/30 54/54/54
f 29/29/29 54/54/54 53/53/53
f 30/30/30 31/31/31 55/55/55
f 30/30/30 55/55/55 54/54/54
f 31/31/31 32/32/32 56/56/56
f 31/31/31 56/56/56 55/55/55
f 32/32/32 33/33/33 57/57/57
f 32/32/32 57/57/57 56/56/56
f 33/33/33 34/34/34 58/58/58
f 33/33/33 58/58/58 57/57/57
f 34/34/34 35/35/35 59/59/59
f 34/34/34 59/59/59 58/58/58
f 35/35/35 36/36/36 60/60/60
f 35/35/35 60/60/60 59/59/59
f 36/36/36 37/37/37 61/61/61
f 36/36/36 61/61/61 60/60/60
f 37/37/37 38/38/38 62/62/62
f 37/37/37 62/62/62 61/61/61
f 38/38/38 39/39/39 63/63/63
f 38/38/38 63/63/63 62/62/62
f 39/39/39 40/40/40 64/64/64
f 39/39/39 64/64/64 63/63/63
f 40/40/40 41/41/41 65/65/65
f 40/40/40 65/65/65 64/64/64
f 41/41/41 42/42/42 66/66/66
f 41/41/41 66/66/66 65/65/65
f 42/42/42 43/43/43 67/67/67
f 42/42/42 67/67/67 66/66/66
f 43/43/43 44/44/44 68/68/68
f 43/43/43 68/68/68 67/67/67
f 44/44/44 45/45/45 69/69/69
f 44/44/44 69/69/69 68/68/68
f 45/45/45 46/46/46 70/70/70
f 45/45/45 70/70/70 69/69/69
f 46/46/46 47/47/47 71/71/71
f 46/46/46 71/71/71 70/70/70
f 47/47/47 48/48/48 72/72/72
f 47/47/47 72/72/72 71/71/71
f 48/48/48 25/25/25 49/49/49
f 48/48/48 49/49/49 72/72/72
f 49/49/49 50/50/50 74/74/74
f 49/49/49 74/74/74 73/73/73
f 50/50/50 51/51/51 75/75/75
f 50/50/50 75/75/75 74/74/74
f 51/51/51 52/52/52 76/76/76
f 51/51/51 76/76/76 75/75/75
f 52/52/52 53/53/53 77/77/77
f 52/52/52 77/77/77 76/76/76
f 53/53/53 54/54/54 78/78/78
f 53/53/53 78/78/78 77/77/77
f 54/54/54 55/55/55 79/79/79
f 54/54/54 79/79/79 78/78/78
f 55/55/55 56/56/56 80/80/80
f 55/55/55 80/80/80 79/79/79
f 56/56/56 57/57/57 81/81/81
f 56/56/56 81/81/81 80/80/80
f 57/57/57 58/58/58 82/82/82
f 57/57/57 82/82/82 81/81/81
f 58/58/58 59/59/59 83/83/83
f 58/58/58 83/83/83 82/82/82
f 59/59/59 60/60/60 84/84/84
f 59/59/59 84/84/84 83/83/83
f 60/60/60 61/61/61 85/85/85
f 60/60/60 85/85/85 84/84/84
f 61/61/61 62/62/62 86/86/86
f 61/61/61 86/86/86 85/85/85
f 62/62/62 63/63/63 87/87/87
f 62/62/62 87/87/87 86/86/86
f 63/63/63 64/64/64 88/88/88
f 63/63/63 88/88/88 87/87/87
f 64/64/64 65/65/65 89/89/89
f 64/64/64 89/89/89 88/88/88
f 65/65/65 66/66/66 90/90/90
f 65/65/65 90/90/90 89/89/89
f 66/66/66 67/67/67 91/91/91
f 66/66/66 91/91/91 90/90/90
f 67/67/67 68/68/68 92/92/92
f 67/67/67 92/92/92 91/91/91
f 68/68/68 69/69/69 93/93/93
f 68/68/68 93/93/93 92/92/92
f 69/69/69 70/70/70 94/94/94
f 69/69/69 94/94/94 93/93/93
f 70/70/70 71/71/71 95/95/95
f 70/70/70 95/95/95 94/94/94
f 71/71/71 72/72/72 96/96/96
f 71/71/71 96/96/96 95/95/95
f 72/72/72 49/49/49 73/73/73
f 72/72/72 73/73/73 96/96/96
f 73/73/73 74/74/74 98/98/98
f 73/73/73 98/98/98 97/97/97
f 74/74/74 75/75/75 99/99/99
f 74/74/74 99/99/99 98/98/98
f 75/75/75 76/76/76 100/100/100
f 75/75/75 100/100/100 99/99/99
f 76/76/76 77/77/77 101/101/101
f 76/76/76 101/101/101 100/100/100
f 77/77/77 78/78/78 102/102/102
f 77/77/77 102/102/102 101/101/101
f 78/78/78 79/79/79 103/103/103
f 78/78/78 103/103/103 102/102/102
f 79/79/79 80/80/80 104/104/104
f 79/79/79 104/104/104 103/103/103
f 80/80/80 81/81/81 105/105/105
f 80/80/80 105/105/105 104/104/104
f 81/81/81 82/82/82 106/106/106
f 81/81/81 106/106/106 105/105/105
f 82/82/82 83/83/83 107/107/107
f 82/82/82 107/107/107 106/106/106
f 83/83/83 84/84/84 108/108/108
f 83/83/83 108/108/108 107/107/107
f 84/84/84 85/85/85 109/109/109
f 84/84/84 109/109/109 108/108/108
f 85/85/85 86/86/86 110/110/110
f 85/85/85 110/110/110 109/109/109
f 86/86/86 87/87/87 111/111/111
f 86/86/86 111/111/111 110/110/110
f 87/87/87 88/88/88 112/112/112
f 87/87/87 112/112/112 111/111/111
f 88/88/88 89/89/89 113/113/113
f 88/88/88 113/113/113 112/112/112
f 89/89/89 90/90/90 114/114/114
f 89/89/89 114/114/114 113/113/113
f 90/90/90 91/91/91 115/115/115
f 90/90/90 115/115/115 114/114/114
f 91/91/91 92/92/92 116/116/116
f 91/91/91 116/116/116 115/115/115
f 92/92/92 93/93/93 117/117/117
f 92/92/92 117/117/117 116/116/116
f 93/93/93 94/94/94 118/118/118
f 93/93/93 118/118/118 117/117/117
f 94/94/94 95/95/95 119/119/119
f 94/94/94 119/119/119 118/118/118
f 95/95/95 96/96/96 120/120/120
f 95/95/95 120/120/120 119/119/119
f 96/96/96 73/73/73 97/97/97
f 96/96/96 97/97/97 120/120/120
f 97/97/97 98/98/98 122/122/122
f 97/97/97 122/122/122 121/121/121
f 98/98/98 99/99/99 123/123/123
f 98/98/98 123/123/123 122/122/122
f 99/99/99 100/100/100 124/124/124
f 99/99/99 124/124/124 123/123/123
f 100/100/100 101/101/101 125/125/125
f 100/100/100 125/125/125 124/124/124
f 101/101/101 102/102/102 126/126/126
f 101/101/101 126/126/126 125/125/125
f 102/102/102 103/103/103 127/127/127
f 102/102/102 127/127/127 126/126/126
f 103/103/103 104/104/104 128/128/128
f 103/103/103 128/128/128 127/127/127
f 104/104/104 105/105/105 129/129/129
f 104/104/104 129/129/129 128/128/128
f 105/105/105 106/106/106 130/130/130
f 105/105/105 130/130/130 129/129/129
f 106/106/106 107/107/107 131/131/131
f 106/106/106 131/131/131 130/130/130
f 107/107/107 108/108/108 132/132/132
f 107/107/107 132/132/132 131/131/131
f 108/108/108 109/109/109 133/133/133
f 108/108/108 133/133/133 132/132/132
f 109/109/109 110/110/110 134/134/134
f 109/109/109 134/134/134 133/133/133
f 110/110/110 111/111/111 135/135/135
f 110/110/110 135/135/135 134/134/134
f 111/111/111 112/112/112 136/136/136
f 111/111/111 136/136/136 135/135/135
f 112/112/112 113/113/113 137/137/137
f 112/112/112 137/137/137 136/136/136
f 113/113/113 114/114/114 138/138/138
f 113/113/113 138/138/138 137/137/137
f 114/114/114 115/115/115 139/139/139
f 114/114/114 139/139/139 138/138/138
f 115/115/115 116/116/116 140/140/140
f 115/115/115 140/140/140 139/139/139
f 116/116/116 117/117/117 141/141/141
f 116/116/116 141/141/141 140/140/140
f 117/117/117 118/118/118 142/142/142
f 117/117/117 142/142/142 141/141/141
f 118/118/118 119/119/119 143/143/143
f 118/118/118 143/143/143 142/142/142
f 119/119/119 120/120/120 144/144/144
f 119/119/119 144/144/144 143/143/143
f 120/120/120 97/97/97 121/121/121
f 120/120/120 121/121/121 144/144/144
f 121/121/121 122/122/122 146/146/146
f 121/121/121 146/146/146 145/145/145
f 122/122/122 123/123/123 147/147/147
f 122/122/122 147/147/147 146/146/146
f 123/123/123 124/124/124 148/148/148
f 123/123/123 148/148/148 147/147/147
f 124/124/124 125/125/125 149/149/149
f 124/124/124 149/149/149 148/148/148
f 125/125/125 126/126/126 150/150/150
f 125/125/125 150/150/150 149/149/149
f 126/126/126 127/127/127 151/151/151
f 126/126/126 151/151/151 150/150/150
f 127/127/127 128/128/128 152/152/152
f 127/127/127 152/152/152 151/151/151
f 128/128/128 129/129/129 153/153/153
f 128/128/128 153/153/153 152/152/152
f 129/129/129 130/130/130 154/154/154
f 129/129/129 154/154/154 153/153/153
f 130/130/130 131/131/131 155/155/155
f 130/130/130 155/155/155 154/154/154
f 131/131/131 132/132/132 156/156/156
f 131/131/131 156/156/156 155/155/155
f 132/132/132 133/133/133 157/157/157
f 132/132/132 157/157/157 156/156/156
f 133/133/133 134/134/134 158/158/158
f 133/133/133 158/158/158 157/157/157
f 134/134/134 135/135/135 159/159/159
f 134/134/134 159/159/159 158/158/158
f 135/135/135 136/136/136 160/160/160
f 135/135/135 160/160/160 159/159/159
f 136/136/136 137/137/137 161/161/161
f 136/136/136 161/161/161 160/160/160
f 137/137/137 138/138/138 162/162/162
f 137/137/137 162/162/162 161/161/161
f 138/138/138 139/139/139 163/163/163
f 138/138/138 163/163/163 162/162/162
f 139/139/139 140/140/140 164/164/164
f 139/139/139 164/164/164 163/163/163
f 140/140/140 141/141/141 165/165/165
f 140/140/140 165/165/165 164/164/164
f 141/141/141 142/142/142 166/166/166
f 141/141/141 166/166/166 165/165/165
f 142/142/142 143/143/143 167/167/167
f 142/142/142 167/167/167 166/166/166
f 143/143/143 144/144/144 168/168/168
f 143/143/143 168/168/168 167/167/167
f 144/144/144 121/121/121 145/145/145
f 144/144/144 145/145/145 168/168/168
f 145/145/145 146/146/146 170/170/170
f 145/145/145 170/170/170 169/169/169
f 146/146/146 147/147/147 171/171/171
f 146/146/146 171/171/171 170/170/170
f 147/147/147 148/148/148 172/172/172
f 147/147/147 172/172/172 171/171/171
f 148/148/148 149/149/149 173/173/173
f 148/148/148 173/173/173 172/172/172
f 149/149/149 150/150/150 174/174/174
f 149/149/149 174/174/174 173/173/173
f 150/150/150 151/151/151 175/175/175
f 150/150/150 175/175/175 174/174/174
f 151/151/151 152/152/152 176/176/176
f 151/151/151 176/176/176 175/175/175
f 152/152/152 153/153/153 177/177/177
f 152/152/152 177/177/177 176/176/176
f 153/153/153 154/154/154 178/178/178
f 153/153/153 178/178/178 177/177/177
f 154/154/154 155/155/155 179/179/179
f 154/154/154 179/179/179 178/178/178
f 155/155/155 156/156/156 180/180/180
f 155/155/155 180/180/180 179/179/179
f 156/156/156 157/157/157 181/181/181
f 156/156/156 181/181/181 180/180/180
f 157/157/157 158/158/158 182/182/182
f 157/157/157 182/182/182 181/181/181
f 158/158/158 159/159/159 183/183/183
f 158/158/158 183/183/183 182/182/182
f 159/159/159 160/160/160 184/184/184
f 159/159/159 184/184/184 183/183/183
f 160/160/160 161/161/161 185/185/185
f 160/160/160 185/185/185 184/184/184
f 161/161/161 162/162/162 186/186/186
f 161/161/161 186/186/186 185/185/185
f 162/162/162 163/163/163 187/187/187
f 162/162/162 187/187/187 186/186/186
f 163/163/163 164/164/164 188/188/188
f 163/163/163 188/188/188 187/187/187
f 164/164/164 165/165/165 189/189/189
f 164/164/164 189/189/189 188/188/188
f 165/165/165 166/166/166 190/190/190
f 165/165/165 190/190/190 189/189/189
f 166/166/166 167/167/167 191/191/191
f 166/166/166 191/191/191 190/190/190
f 167/167/167 168/168/168 192/192/192
f 167/167/167 192/192/192 191/191/191
f 168/168/168 145/145/145 169/169/169
f 168/168/168 169/169/169 192/192/192
f 169/169/169 170/170/170 194/194/194
f 169/169/169 194/194/194 193/193/193
f 170/170/170 171/171/171 195/195/195
f 170/170/170 195/195/195 194/194/194
f 171/171/171 172/172/172 196/196/196
f 171/171/171 196/196/196 195/195/195
f 172/172/172 173/173/173 197/197/197
f 172/172/172 197/197/197 196/196/196
f 173/173/173 174/174/174 198/198/198
f 173/173/173 198/198/198 197/197/197
f 174/174/174 175/175/175 199/199/199
f 174/174/174 199/199/199 198/198/198
f 175/175/175 176/176/176 200/200/200
f 175/175/175 200/200/200 199/199/199
f 176/176/176 177/177/177 201/201/201
f 176/176/176 201/201/201 200/200/200
f 177/177/177 178/178/178 202/202/202
f 177/177/177 202/202/202 201/201/201
f 178/178/178 179/179/179 203/203/203
f 178/178/178 203/203/203 202/202/202
f 179/179/179 180/180/180 204/204/204
f 179/179/179 204/204/204 203/203/203
f 180/180/180 181/181/181 205/205/205
f 180/180/180 205/205/205 204/204/204
f 181/181/181 182/182/182 206/206/206
f 181/181/181 206/206/206 205/205/205
f 182/182/182 183/183/183 207/207/207
f 182/182/182 207/207/207 206/206/206
f 183/183/183 184/184/184 208/208/208
f 183/183/183 208/208/208 207/207/207
f 184/184/184 185/185/185 209/209/209
f 184/184/184 209/209/209 208/208/208
f 185/185/185 186/186/186 210/210/210
f 185/185/185 210/210/210 209/209/209
f 186/186/186 187/187/187 211/211/211
f 186/186/186 211/211/211 210/210/210
f 187/187/187 188/188/188 212/212/212
f 187/187/187 212/212/212 211/211/211
f 188/188/188 189/189/189 213/213/213
f 188/188/188 213/213/213 212/212/212
f 189/189/189 190/190/190 214/214/214
f 189/189/189 214/214/214 213/213/213
f 190/190/190 191/191/191 215/215/215
f 190/190/190 215/215/215 214/214/214
f 191/191/191 192/192/192 216/216/216
f 191/191/191 216/216/216 215/215/215
f 192/192/192 169/169/169 193/193/193
f 192/192/192 193/193/193 216/216/216
f 193/193/193 194/194/194 218/218/218
f 193/193/193 218/218/218 217/217/217
f 194/194/194 195/195/195 219/219/219
f 194/194/194 219/219/219 218/218/218
f 195/195/195 196/196/196 220/220/220
f 195/195/195 220/220/220 219/219/219
f 196/196/196 197/197/197 221/221/221
f 196/196/196 221/221/221 220/220/220
f 197/197/197 198/198/198 222/222/222
f 197/197/197 222/222/222 221/221/221
f 198/198/198 199/199/199 223/223/223
f 198/198/198 223/223/223 222/222/222
f 199/199/199 200/200/200 224/224/224
f 199/199/199 224/224/224 223/223/223
f 200/200/200 201/201/201 225/225/225
f 200/200/200 225/225/225 224/224/224
f 201/201/201 202/202/202 226/226/226
f 201/201/201 226/226/226 225/225/225
f 202/202/202 203/203/203 227/227/227
f 202/202/202 227/227/227 226/226/226
f 203/203/203 204/204/204 228/228/228
f 203/203/203 228/228/228 227/227/227
f 204/204/204 205/205/205 229/229/229
f 204/204/204 229/229/229 228/228/228
f 205/205/205 206/206/206 230/230/230
f 205/205/205 230/230/230 229/229/229
f 206/206/206 207/207/207 231/231/231
f 206/206/206 231/231/231 230/230/230
f 207/207/207 208/208/208 232/232/232
f 207/207/207 232/232/232 231/231/231
f 208/208/208 209/209/209 233/233/233
f 208/208/208 233/233/233 232/232/232
f 209/209/209 210/210/210 234/234/234
f 209/209/209 234/234/234 233/233/233
f 210/210/210 211/211/211 235/235/235
f 210/210/210 235/235/235 234/234/234
f 211/211/211 212/212/212 236/236/236
f 211/211/211 236/236/236 235/235/235
f 212/212/212 213/213/213 237/237/237
f 212/212/212 237/237/237 236/236/236
f 213/213/213 214/214/214 238/238/238
f 213/213/213 238/238/238 237/237/237
f 214/214/214 215/215/215 239/239/239
f 214/214/214 239/239/239 238/238/238
f 215/215/215 216/216/216 240/240/240
f 215/215/215 240/240/240 239/239/239
f 216/216/216 193/193/193 217/217/217
f 216/216/216 217/217/217 240/240/240
f 217/217/217 218/218/218 242/242/242
f 217/217/217 242/242/242 241/241/241
f 218/218/218 219/219/219 243/243/243
f 218/218/218 243/243/243 242/242/242
f 219/219/219 220/220/220 244/244/244
f 219/219/219 244/244/244 243/243/243
f 220/220/220 221/221/221 245/245/245
f 220/220/220 245/245/245 244/244/244
f 221/221/221 222/222/222 246/246/246
f 221/221/221 246/246/246 245/245/245
f 222/222/222 223/223/223 247/247/247
f 222/222/222 247/247/247 246/246/246
f 223/223/223 224/224/224 248/248/248
f 223/223/223 248/248/248 247/247/247
f 224/224/224 225/225/225 249/249/249
f 224/224/224 249/249/249 248/248/248
f 225/225/225 226/226/226 250/250/250
f 225/225/225 250/250/250 249/249/249
f 226/226/226 227/227/227 251/251/251
f 226/226/226 251/251/251 250/250/250
f 227/227/227 228/228/228 252/252/252
f 227/227/227 252/252/252 251/251/251
f 228/228/228 229/229/229 253/253/253
f 228/228/228 253/253/253 252/252/252
f 229/229/229 230/230/230 254/254/254
f 229/229/229 254/254/254 253/253/253
f 230/230/230 231/231/231 255/255/255
f 230/230/230 255/255/255 254/254/254
f 231/231/231 232/232/232 256/256/256
f 231/231/231 256/256/256 255/255/255
f 232/232/232 233/233/233 257/257/257
f 232/232/232 257/257/257 256/256/256
f 233/233/233 234/234/234 258/258/258
f 233/233/233 258/258/258 257/257/257
f 234/234/234 235/235/235 259/259/259
f 234/234/234 259/259/259 258/258/258
f 235/235/235 236/236/236 260/260/260
f 235/235/235 260/260/260 259/259/259
f 236/236/236 237/237/237 261/261/261
f 236/236/236 261/261/261 260/260/260
f 237/237/237 238/238/238 262/262/262
f 237/237/237 262/262/262 261/261/261
f 238/238/238 239/239/239 263/263/263
f 238/238/238 263/263/263 262/262/262
f 239/239/239 240/240/240 264/264/264
f 239/239/239 264/264/264 263/263/263
f 240/240/240 217/217/217 241/241/241
f 240/240/240 241/241/241 264/264/264
f 241/241/241 242/242/242 266/266/266
f 241/241/241 266/266/266 265/265/265
f 242/242/242 243/243/243 267/267/267
f 242/242/242 267/267/267 266/266/266
f 243/243/243 244/244/244 268/268/268
f 243/243/243 268/268/268 267/267/267
f 244/244/244 245/245/245 269/269/269
f 244/244/244 269/269/269 268/268/268
f 245/245/245 246/246/246 270/270/270
f 245/245/245 270/270/270 269/269/269
f 246/246/246 247/247/247 271/271/271
f 246/246/246 271/271/271 270/270/270
f 247/247/247 248/248/248 272/272/272
f 247/247/247 272/272/272 271/271/271
f 248/248/248 249/249/249 273/273/273
f 248/248/248 273/273/273 272/272/272
f 249/249/249 250/250/250 274/274/274
f 249/249/249 274/274/274 273/273/273
f 250/250/250 251/251/251 275/275/275
f 250/250/250 275/275/275 274/274/274
f 251/251/251 252/252/252 276/276/276
f 251/251/251 276/276/276 275/275/275
f 252/252/252 253/253/253 277/277/277
f 252/252/252 277/277/277 276/276/276
f 253/253/253 254/254/254 278/278/278
f 253/253/253 278/278/278 277/277/277
f 254/254/254 255/255/255 279/279/279
f 254/254/254 279/279/279 278/278/278
f 255/255/255 256/256/256 280/280/280
f 255/255/255 280/280/280 279/279/279
f 256/256/256 257/257/257 281/281/281
f 256/256/256 281/281/281 280/280/280
f 257/257/257 258/258/258 282/282/282
f 257/257/257 282/282/282 281/281/281
f 258/258/258 259/259/259 283/283/283
f 258/258/258 283/283/283 282/282/282
f 259/259/259 260/260/260 284/284/284
f 259/259/259 284/284/284 283/283/283
f 260/260/260 261/261/261 285/285/285
f 260/260/260 285/285/285 284/284/284
f 261/261/261 262/262/262 286/286/286
f 261/261/261 286/286/286 285/285/285
f 262/262/262 263/263/263 287/287/287
f 262/262/262 287/287/287 286/286/286
f 263/263/263 264/264/264 288/288/288
f 263/263/263 288/288/288 287/287/287
f 264/264/264 241/241/241 265/265/265
f 264/264/264 265/265/265 288/288/288
f 265/265/265 266/266/266 290/290/290
f 265/265/265 290/290/290 289/289/289
f 266/266/266 267/267/267 291/291/291
f 266/266/266 291/291/291 290/290/290
f 267/267/267 268/268/268 292/292/292
f 267/267/267 292/292/292 291/291/291
f 268/268/268 269/269/269 293/293/293
f 268/268/268 293/293/293 292/292/292
f 269/269/269 270/270/270 294/294/294
f 269/269/269 294/294/294 293/293/293
f 270/270/270 271/271/271 295/295/295
f 270/270/270 295/295/295 294/294/294
f 271/271/271 272/272/272 296/296/296
f 271/271/271 296/296/296 295/295/295
f 272/272/272 273/273/273 297/297/297
f 272/272/272 297/297/297 296/296/296
f 273/273/273 274/274/274 298/298/298
f 273/273/273 298/298/298 297/297/297
f 274/274/274 275/275/275 299/299/299
f 274/274/274 299/299/299 298/298/298
f 275/275/275 276/276/276 300/300/300
f 275/275/275 300/300/300 299/299/299
f 276/276/276 277/277/277 301/301/301
f 276/276/276 301/301/301 300/300/300
f 277/277/277 278/278/278 302/302/302
f 277/277/277 302/302/302 301/301/301
f 278/278/278 279/279/279 303/303/303
f 278/278/278 303/303/303 302/302/302
f 279/279/279 280/280/280 304/304/304
f 279/279/279 304/304/304 303/303/303
f 280/280/280 281/281/281 305/305/305
f 280/280/280 305/305/305 304/304/304
f 281/281/281 282/282/282 306/306/306
f 281/281/281 306/306/306 305/305/305
f 282/282/282 283/283/283 307/307/307
f 282/282/282 307/307/307 306/306/306
f 283/283/283 284/284/284 308/308/308
f 283/283/283 308/308/308 307/307/307
f 284/284/284 285/285/285 309/309/309
f 284/284/284 309/309/309 308/308/308
f 285/285/285 286/286/286 310/310/310
f 285/285/285 310/310/310 309/309/309
f 286/286/286 287/287/287 311/311/311
f 286/286/286 311/311/311 310/310/310
f 287/287/287 288/288/288 312/312/312
f 287/287/287 312/312/312 311/311/311
f 288/288/288 265/265/265 289/289/289
f 288/288/288 289/289/289 312/312/312
f 289/289/289 290/290/290 314/314/314
f 289/289/289 314/314/314 313/313/313
f 290/290/290 291/291/291 315/315/315
f 290/290/290 315/315/315 314/314/314
f 291/291/291 292/292/292 316/316/316
f 291/291/291 316/316/316 315/315/315
f 292/292/292 293/293/293 317/317/317
f 292/292/292 317/317/317 316/316/316
f 293/293/293 294/294/294 318/318/318
f 293/293/293 318/318/318 317/317/317
f 294/294/294 295/295/295 319/319/319
f 294/294/294 319/319/319 318/318/318
f 295/295/295 296/296/296 320/320/320
f 295/295/295 320/320/320 319/319/319
f 296/296/296 297/297/297 321/321/321
f 296/296/296 321/321/321 320/320/320
f 297/297/297 298/298/298 322/322/322
f 297/297/297 322/322/322 321/321/321
f 298/298/298 299/299/299 323/323/323
f 298/298/298 323/323/323 322/322/322
f 299/299/299 300/300/300 324/324/324
f 299/299/299 324/324/324 323/323/323
f 300/300/300 301/301/301 325/325/325
f 300/300/300 325/325/325 324/324/324
f 301/301/301 302/302/302 326/326/326
f 301/301/301 326/326/326 325/325/325
f 302/302/302 303/303/303 327/327/327
f 302/302/302 327/327/327 326/326/326
f 303/303/303 304/304/304 328/328/328
f 303/303/303 328/328/328 327/327/327
f 304/304/304 305/305/305 329/329/329
f 304/304/304 329/329/329 328/328/328
f 305/305/305 306/306/306 330/330/330
f 305/305/305 330/330/330 329/329/329
f 306/306/306 307/307/307 331/331/331
f 306/306/306 331/331/331 330/330/330
f 307/307/307 308/308/308 332/332/332
f 307/307/307 332/332/332 331/331/331
f 308/308/308 309/309/309 333/333/333
f 308/308/308 333/333/333 332/332/332
f 309/309/309 310/310/310 334/334/334
f 309/309/309 334/334/334 333/333/333
f 310/310/310 311/311/311 335/335/335
f 310/310/310 335/335/335 334/334/334
f 311/311/311 312/312/312 336/336/336
f 311/311/311 336/336/336 335/335/335
f 312/312/312 289/289/289 313/313/313
f 312/312/312 313/313/313 336/336/336
f 313/313/313 314/314/314 338/338/338
f 313/313/313 338/338/338 337/337/337
f 314/314/314 315/315/315 339/339/339
f 314/314/314 339/339/339 338/338/338
f 315/315/315 316/316/316 340/340/340
f 315/315/315 340/340/340 339/339/339
f 316/316/316 317/317/317 341/341/341
f 316/316/316 341/341/341 340/340/340
f 317/317/317 318/318/318 342/342/342
f 317/317/317 342/342/342 341/341/341
f 318/318/318 319/319/319 343/343/343
f 318/318/318 343/343/343 342/342/342
f 319/319/319 320/320/320 344/344/344
f 319/319/319 344/344/344 343/343/343
f 320/320/320 321/321/321 345/345/345
f 320/320/320 345/345/345 344/344/344
f 321/321/321 322/322/322 346/346/346
f 321/321/321 346/346/346 345/345/345
f 322/322/322 323/323/323 347/347/347
f 322/322/322 347/347/347 346/346/346
f 323/323/323 324/324/324 348/348/348
f 323/323/323 348/348/348 347/347/347
f 324/324/324 325/325/325 349/349/349
f 324/324/324 349/349/349 348/348/348
f 325/325/325 326/326/326 350/350/350
f 325/325/325 350/350/350 349/349/349
f 326/326/326 327/327/327 351/351/351
f 326/326/326 351/351/351 350/350/350
f 327/327/327 328/328/328 352/352/352
f 327/327/327 352/352/352 351/351/351
f 328/328/328 329/329/329 353/353/353
f 328/328/328 353/353/353 352/352/352
f 329/329/329 330/330/330 354/354/354
f 329/329/329 354/354/354 353/353/353
f 330/330/330 331/331/331 355/355/355
f 330/330/330 355/355/355 354/354/354
f 331/331/331 332/332/332 356/356/356
f 331/331/331 356/356/356 355/355/355
f 332/332/332 333/333/333 357/357/357
f 332/332/332 357/357/357 356/356/356
f 333/333/333 334/334/334 358/358/358
f 333/333/333 358/358/358 357/357/357
f 334/334/334 335/335/335 359/359/359
f 334/334/334 359/359/359 358/358/358
f 335/335/335 336/336/336 360/360/360
f 335/335/335 360/360/360 359/359/359
f 336/336/336 313/313/313 337/337/337
f 336/336/336 337/337/337 360/360/360
f 337/337/337 338/338/338 362/362/362
f 337/337/337 362/362/362 361/361/361
f 338/338/338 339/339/339 363/363/363
f 338/338/338 363/363/363 362/362/362
f 339/339/339 340/340/340 364/364/364
f 339/339/339 364/364/364 363/363/363
f 340/340/340 341/341/341 365/365/365
f 340/340/340 365/365/365 364/364/364
f 341/341/341 342/342/342 366/366/366
f 341/341/341 366/366/366 365/365/365
f 342/342/342 343/343/343 367/367/367
f 342/342/342 367/367/367 366/366/366
f 343/343/343 344/344/344 368/368/368
f 343/343/343 368/368/368 367/367/367
f 344/344/344 345/345/345 369/369/369
f 344/344/344 369/369/369 368/368/368
f 345/345/345 346/346/346 370/370/370
f 345/345/345 370/370/370 369/369/369
f 346/346/346 347/347/347 371/371/371
f 346/346/346 371/371/371 370/370/370
f 347/347/347 348/348/348 372/372/372
f 347/347/347 372/372/372 371/371/371
f 348/348/348 349/349/349 373/373/373
f 348/348/348 373/373/373 372/372/372
f 349/349/349 350/350/350 374/374/374
f 349/349/349 374/374/374 373/373/373
f 350/350/350 351/351/351 375/375/375
f 350/350/350 375/375/375 374/374/374
f 351/351/351 352/352/352 376/376/376
f 351/351/351 376/376/376 375/375/375
f 352/352/352 353/353/353 377/377/377
f 352/352/352 377/377/377 376/376/376
f 353/353/353 354/354/354 378/378/378
f 353/353/353 378/378/378 377/377/377
f 354/354/354 355/355/355 379/379/379
f 354/354/354 379/379/379 378/378/378
f 355/355/355 356/356/356 380/380/380
f 355/355/355 380/380/380 379/379/379
f 356/356/356 357/357/357 381/381/381
f 356/356/356 381/381/381 380/380/380
f 357/357/357 358/358/358 382/382/382
f 357/357/357 382/382/382 381/381/381
f 358/358/358 359/359/359 383/383/383
f 358/358/358 383/383/383 382/382/382
f 359/359/359 360/360/360 384/384/384
f 359/359/359 384/384/384 383/383/383
f 360/360/360 337/337/337 361/361/361
f 360/360/360 361/361/361 384/384/384
f 361/361/361 362/362/362 386/386/386
f 361/361/361 386/386/386 385/385/385
f 362/362/362 363/363/363 387/387/387
f 362/362/362 387/387/387 386/386/386
f 363/363/363 364/364/364 388/388/388
f 363/363/363 388/388/388 387/387/387
f 364/364/364 365/365/365 389/389/389
f 364/364/364 389/389/389 388/388/388
f 365/365/365 366/366/366 390/390/390
f 365/365/365 390/390/390 389/389/389
f 366/366/366 367/367/367 391/391/391
f 366/366/366 391/391/391 390/390/390
f 367/367/367 368/368/368 392/392/392
f 367/367/367 392/392/392 391/391/391
f 368/368/368 369/369/369 393/393/393
f 368/368/368 393/393/393 392/392/392
f 369/369/369 370/370/370 394/394/394
f 369/369/369 394/394/394 393/393/393
f 370/370/370 371/371/371 395/395/395
f 370/370/370 395/395/395 394/394/394
f 371/371/371 372/372/372 396/396/396
f 371/371/371 396/396/396 395/395/395
f 372/372/372 373/373/373 397/397/397
f 372/372/372 397/397/397 396/396/396
f 373/373/373 374/374/374 398/398/398
f 373/373/373 398/398/398 397/397/397
f 374/374/374 375/375/375 399/399/399
f 374/374/374 399/399/399 398/398/398
f 375/375/375 376/376/376 400/400/400
f 375/375/375 400/400/400 399/399/399
f 376/376/376 377/377/377 401/401/401
f 376/376/376 401/401/401 400/400/400
f 377/377/377 378/378/378 402/402/402
f 377/377/377 402/402/402 401/401/401
f 378/378/378 379/379/379 403/403/403
f 378/378/378 403/403/403 402/402/402
f 379/379/379 380/380/380 404/404/404
f 379/379/379 404/404/404 403/403/403
f 380/380/380 381/381/381 405/405/405
f 380/380/380 405/405/405 404/404/404
f 381/381/381 382/382/382 406/406/406
f 381/381/381 406/406/406 405/405/405
f 382/382/382 383/383/383 407/407/407
f 382/382/382 407/407/407 406/406/406
f 383/383/383 384/384/384 408/408/408
f 383/383/383 408/408/408 407/407/407
f 384/384/384 361/361/361 385/385/385
f 384/384/384 385/385/385 408/408/408
f 385/385/385 386/386/386 410/410/410
f 385/385/385 410/410/410 409/409/409
f 386/386/386 387/387/387 411/411/411
f 386/386/386 411/411/411 410/410/410
f 387/387/387 388/388/388 412/412/412
f 387/387/387 412/412/412 411/411/411
f 388/388/388 389/389/389 413/413/413
f 388/388/388 413/413/413 412/412/412
f 389/389/389 390/390/390 414/414/414
f 389/389/389 414/414/414 413/413/413
f 390/390/390 391/391/391 415/415/415
f 390/390/390 415/415/415 414/414/414
f 391/391/391 392/392/392 416/416/416
f 391/391/391 416/416/416 415/415/415
f 392/392/392 393/393/393 417/417/417
f 392/392/392 417/417/417 416/416/416
f 393/393/393 394/394/394 418/418/418
f 393/393/393 418/418/418 417/417/417
f 394/394/394 395/395/395 419/419/419
f 394/394/394 419/419/419 418/418/418
f 395/395/395 396/396/396 420/420/420
f 395/395/395 420/420/420 419/419/419
f 396/396/396 397/397/397 421/421/421
f 396/396/396 421/421/421 420/420/420
f 397/397/397 398/398/398 422/422/422
f 397/397/397 422/422/422 421/421/421
f 398/398/398 399/399/399 423/423/423
f 398/398/398 423/423/423 422/422/422
f 399/399/399 400/400/400 424/424/424
f 399/399/399 424/424/424 423/423/423
f 400/400/400 401/401/401 425/425/425
f 400/400/400 425/425/425 424/424/424
f 401/401/401 402/402/402 426/426/426
f 401/401/401 426/426/426 425/425/425
f 402/402/402 403/403/403 427/427/427
f 402/402/402 427/427/427 426/426/426
f 403/403/403 404/404/404 428/428/428
f 403/403/403 428/428/428 427/427/427
f 404/404/404 405/405/405 429/429/429
f 404/404/404 429/429/429 428/428/428
f 405/405/405 406/406/406 430/430/430
f 405/405/405 430/430/430 429/429/429
f 406/406/406 407/407/407 431/431/431
f 406/406/406 431/431/431 430/430/430
f 407/407/407 408/408/408 432/432/432
f 407/407/407 432/432/432 431/431/431
f 408/408/408 385/385/385 409/409/409
f 408/408/408 409/409/409 432/432/432
f 409/409/409 410/410/410 434/434/434
f 409/409/409 434/434/434 433/433/433
f 410/410/410 411/411/411 435/435/435
f 410/410/410 435/435/435 434/434/434
f 411/411/411 412/412/412 436/436/436
f 411/411/411 436/436/436 435/435/435
f 412/412/412 413/413/413 437/437/437
f 412/412/412 437/437/437 436/436/436
f 413/413/413 414/414/414 438/438/438
f 413/413/413 438/438/438 437/437/437
f 414/414/414 415/415/415 439/439/439
f 414/414/414 439/439/439 438/438/438
f 415/415/415 416/416/416 440/440/440
f 415/415/415 440/440/440 439/439/439
f 416/416/416 417/417/417 441/441/441
f 416/416/416 441/441/441 440/440/440
f 417/417/417 418/418/418 442/442/442
f 417/417/417 442/442/442 441/441/441
f 418/418/418 419/419/419 443/443/443
f 418/418/418 443/443/443 442/442/442
f 419/419/419 420/420/420 444/444/444
f 419/419/419 444/444/444 443/443/443
f 420/420/420 421/421/421 445/445/445
f 420/420/420 445/445/445 444/444/444
f 421/421/421 422/422/422 446/446/446
f 421/421/421 446/446/446 445/445/445
f 422/422/422 423/423/423 447/447/447
f 422/422/422 447/447/447 446/446/446
f 423/423/423 424/424/424 448/448/448
f 423/423/423 448/448/448 447/447/447
f 424/424/424 425/425/425 449/449/449
f 424/424/424 449/449/449 448/448/448
f 425/425/425 426/426/426 450/450/450
f 425/425/425 450/450/450 449/449/449
f 426/426/426 427/427/427 451/451/451
f 426/426/426 451/451/451 450/450/450
f 427/427/427 428/428/428 452/452/452
f 427/427/427 452/452/452 451/451/451
f 428/428/428 429/429/429 453/453/453
f 428/428/428 453/453/453 452/452/452
f 429/429/429 430/430/430 454/454/454
f 429/429/429 454/454/454 453/453/453
f 430/430/430 431/431/431 455/455/455
f 430/430/430 455/455/455 454/454/454
f 431/431/431 432/432/432 456/456/456
f 431/431/431 456/456/456 455/455/455
f 432/432/432 409/409/409 433/433/433
f 432/432/432 433/433/433 456/456/456
f 433/433/433 434/434/434 458/458/458
f 433/433/433 458/458/458 457/457/457
f 434/434/434 435/435/435 459/459/459
f 434/434/434 459/459/459 458/458/458
f 435/435/435 436/436/436 460/460/460
f 435/435/435 460/460/460 459/459/459
f 436/436/436 437/437/437 461/461/461
f 436/436/436 461/461/461 460/460/460
f 437/437/437 438/438/438 462/462/462
f 437/437/437 462/462/462 461/461/461
f 438/438/438 439/439/439 463/463/463
f 438/438/438 463/463/463 462/462/462
f 439/439/439 440/440/440 464/464/464
f 439/439/439 464/464/464 463/463/463
f 440/440/440 441/441/441 465/465/465
f 440/440/440 465/465/465 464/464/464
f 441/441/441 442/442/442 466/466/466
f 441/441/441 466/466/466 465/465/465
f 442/442/442 443/443/443 467/467/467
f 442/442/442 467/467/467 466/466/466
f 443/443/443 444/444/444 468/468/468
f 443/443/443 468/468/468 467/467/467
f 444/444/444 445/445/445 469/469/469
f 444/444/444 469/469/469 468/468/468
f 445/445/445 446/446/446 470/470/470
f 445/445/445 470/470/470 469/469/469
f 446/446/446 447/447/447 471/471/471
f 446/446/446 471/471/471 470/470/470
f 447/447/447 448/448/448 472/472/472
f 447/447/447 472/472/472 471/471/471
f 448/448/448 449/449/449 473/473/473
f 448/448/448 473/473/473 472/472/472
f 449/449/449 450/450/450 474/474/474
f 449/449/449 474/474/474 473/473/473
f 450/450/450 451/451/451 475/475/475
f 450/450/450 475/475/475 474/474/474
f 451/451/451 452/452/452 476/476/476
f 451/451/451 476/476/476 475/475/475
f 452/452/452 453/453/453 477/477/477
f 452/452/452 477/477/477 476/476/476
f 453/453/453 454/454/454 478/478/478
f 453/453/453 478/478/478 477/477/477
f 454/454/454 455/455/455 479/479/479
f 454/454/454 479/479/479 478/478/478
f 455/455/455 456/456/456 480/480/480
f 455/455/455 480/480/480 479/479/479
f 456/456/456 433/433/433 457/457/457
f 456/456/456 457/457/457 480/480/480
f 457/457/457 458/458/458 482/482/482
f 457/457/457 482/482/482 481/481/481
f 458/458/458 459/459/459 483/483/483
f 458/458/458 483/483/483 482/482/482
f 459/459/459 460/460/460 484/484/484
f 459/459/459 484/484/484 483/483/483
f 460/460/460 461/461/461 485/485/485
f 460/460/460 485/485/485 484/484/484
f 461/461/461 462/462/462 486/486/486
f 461/461/461 486/486/486 485/485/485
f 462/462/462 463/463/463 487/487/487
f 462/462/462 487/487/487 486/486/486
f 463/463/463 464/464/464 488/488/488
f 463/463/463 488/488/488 487/487/487
f 464/464/464 465/465/465 489/489/489
f 464/464/464 489/489/489 488/488/488
f 465/465/465 466/466/466 490/490/490
f 465/465/465 490/490/490 489/489/489
f 466/466/466 467/467/467 491/491/491
f 466/466/466 491/491/491 490/490/490
f 467/467/467 468/468/468 492/492/492
f 467/467/467 492/492/492 491/491/491
f 468/468/468 469/469/469 493/493/493
f 468/468/468 493/493/493 492/492/492
f 469/469/469 470/470/470 494/494/494
f 469/469/469 494/494/494 493/493/493
f 470/470/470 471/471/471 495/495/495
f 470/470/470 495/495/495 494/494/494
f 471/471/471 472/472/472 496/496/496
f 471/471/471 496/496/496 495/495/495
f 472/472/472 473/473/473 497/497/497
f 472/472/472 497/497/497 496/496/496
f 473/473/473 474/474/474 498/498/498
f 473/473/473 498/498/498 497/497/497
f 474/474/474 475/475/475 499/499/499
f 474/474/474 499/499/499 498/498/498
f 475/475/475 476/476/476 500/500/500
f 475/475/475 500/500/500 499/499/499
f 476/476/476 477/477/477 501/501/501
f 476/476/476 501/501/501 500/500/500
f 477/477/477 478/478/478 502/502/502
f 477/477/477 502/502/502 501/501/501
f 478/478/478 479/479/479 503/503/503
f 478/478/478 503/503/503 502/502/502
f 479/479/479 480/480/480 504/504/504
f 479/479/479 504/504/504 503/503/503
f 480/480/480 457/457/457 481/481/481
f 480/480/480 481/481/481 504/504/504
f 481/481/481 482/482/482 506/506/506
f 481/481/481 506/506/506 505/505/505
f 482/482/482 483/483/483 507/507/507
f 482/482/482 507/507/507 506/506/506
f 483/483/483 484/484/484 508/508/508
f 483/483/483 508/508/508 507/507/507
f 484/484/484 485/485/485 509/509/509
f 484/484/484 509/509/509 508/508/508
f 485/485/485 486/486/486 510/510/510
f 485/485/485 510/510/510 509/509/509
f 486/486/486 487/487/487 511/511/511
f 486/486/486 511/511/511 510/510/510
f 487/487/487 488/488/488 512/512/512
f 487/487/487 512/512/512 511/511/511
f 488/488/488 489/489/489 513/513/513
f 488/488/488 513/513/513 512/512/512
f 489/489/489 490/490/490 514/514/514
f 489/489/489 514/514/514 513/513/513
f 490/490/490 491/491/491 515/515/515
f 490/490/490 515/515/515 514/514/514
f 491/491/491 492/492/492 516/516/516
f 491/491/491 516/516/516 515/515/515
f 492/492/492 493/493/493 517/517/517
f 492/492/492 517/517/517 516/516/516
f 493/493/493 494/494/494 518/518/518
f 493/493/493 518/518/518 517/517/517
f 494/494/494 495/495/495 519/519/519
f 494/494/494 519/519/519 518/518/518
f 495/495/495 496/496/496 520/520/520
f 495/495/495 520/520/520 519/519/519
f 496/496/496 497/497/497 521/521/521
f 496/496/496 521/521/521 520/520/520
f 497/497/497 498/498/498 522/522/522
f 497/497/497 522/522/522 521/521/521
f 498/498/498 499/499/499 523/523/523
f 498/498/498 523/523/523 522/522/522
f 499/499/499 500/500/500 524/524/524
f 499/499/499 524/524/524 523/523/523
f 500/500/500 501/501/501 525/525/525
f 500/500/500 525/525/525 524/524/524
f 501/501/501 502/502/502 526/526/526
f 501/501/501 526/526/526 525/525/525
f 502/502/502 503/503/503 527/527/527
f 502/502/502 527/527/527 526/526/526
f 503/503/503 504/504/504 528/528/528
f 503/503/503 528/528/528 527/527/527
f 504/504/504 481/481/481 505/505/505
f 504/504/504 505/505/505 528/528/528
f 505/505/505 506/506/506 530/530/530
f 505/505/505 530/530/530 529/529/529
f 506/506/506 507/507/507 531/531/531
f 506/506/506 531/531/531 530/530/530
f 507/507/507 508/508/508 532/532/532
f 507/507/507 532/532/532 531/531/531
f 508/508/508 509/509/509 533/533/533
f 508/508/508 533/533/533 532/532/532
f 509/509/509 510/510/510 534/534/534
f 509/509/509 534/534/534 533/533/533
f 510/510/510 511/511/511 535/535/535
f 510/510/510 535/535/535 534/534/534
f 511/511/511 512/512/512 536/536/536
f 511/511/511 536/536/536 535/535/535
f 512/512/512 513/513/513 537/537/537
f 512/512/512 537/537/537 536/536/536
f 513/513/513 514/514/514 538/538/538
f 513/513/513 538/538/538 537/537/537
f 514/514/514 515/515/515 539/539/539
f 514/514/514 539/539/539 538/538/538
f 515/515/515 516/516/516 540/540/540
f 515/515/515 540/540/540 539/539/539
f 516/516/516 517/517/517 541/541/541
f 516/516/516 541/541/541 540/540/540
f 517/517/517 518/518/518 542/542/542
f 517/517/517 542/542/542 541/541/541
f 518/518/518 519/519/519 543/543/543
f 518/518/518 543/543/543 542/542/542
f 519/519/519 520/520/520 544/544/544
f 519/519/519 544/544/544 543/543/543
f 520/520/520 521/521/521 545/545/545
f 520/520/520 545/545/545 544/544/544
f 521/521/521 522/522/522 546/546/546
f 521/521/521 546/546/546 545/545/545
f 522/522/522 523/523/523 547/547/547
f 522/522/522 547/547/547 546/546/546
f 523/523/523 524/524/524 548/548/548
f 523/523/523 548/548/548 547/547/547
f 524/524/524 525/525/525 549/549/549
f 524/524/524 549/549/549 548/548/548
f 525/525/525 526/526/526 550/550/550
f 525/525/525 550/550/550 549/549/549
f 526/526/526 527/527/527 551/551/551
f 526/526/526 551/551/551 550/550/550
f 527/527/527 528/528/528 552/552/552
f 527/527/527 552/552/552 551/551/551
f 528/528/528 505/505/505 529/529/529
f 528/528/528 529/529/529 552/552/552
f 529/529/529 530/530/530 554/554/554
f 529/529/529 554/554/554 553/553/553
f 530/530/530 531/531/531 555/555/555
f 530/530/530 555/555/555 554/554/554
f 531/531/531 532/532/532 556/556/556
f 531/531/531 556/556/556 555/555/555
f 532/532/532 533/533/533 557/557/557
f 532/532/532 557/557/557 556/556/556
f 533/533/533 534/534/534 558/558/558
f 533/533/533 558/558/558 557/557/557
f 534/534/534 535/535/535 559/559/559
f 534/534/534 559/559/559 558/558/558
f 535/535/535 536/536/536 560/560/560
f 535/535/535 560/560/560 559/559/559
f 536/536/536 537/537/537 561/561/561
f 536/536/536 561/561/561 560/560/560
f 537/537/537 538/538/538 562/562/562
f 537/537/537 562/562/562 561/561/561
f 538/538/538 539/539/539 563/563/563
f 538/538/538 563/563/563 562/562/562
f 539/539/539 540/540/540 564/564/564
f 539/539/539 564/564/564 563/563/563
f 540/540/540 541/541/541 565/565/565
f 540/540/540 565/565/565 564/564/564
f 541/541/541 542/542/542 566/566/566
f 541/541/541 566/566/566 565/565/565
f 542/542/542 543/543/543 567/567/567
f 542/542/542 567/567/567 566/566/566
f 543/543/543 544/544/544 568/568/568
f 543/543/543 568/568/568 567/567/567
f 544/544/544 545/545/545 569/569/569
f 544/544/544 569/569/569 568/568/568
f 545/545/545 546/546/546 570/570/570
f 545/545/545 570/570/570 569/569/569
f 546/546/546 547/547/547 571/571/571
f 546/546/546 571/571/571 570/570/570
f 547/547/547 548/548/548 572/572/572
f 547/547/547 572/572/572 571/571/571
f 548/548/548 549/549/549 573/573/573
f 548/548/548 573/573/573 572/572/572
f 549/549/549 550/550/550 574/574/574
f 549/549/549 574/574/574 573/573/573
f 550/550/550 551/551/551 575/575/575
f 550/550/550 575/575/575 574/574/574
f 551/551/551 552/552/552 576/576/576
f 551/551/551 576/576/576 575/575/575
f 552/552/552 529/529/529 553/553/553
f 552/552/552 553/553/553 576/576/576
f 553/553/553 554/554/554 578/578/578
f 553/553/553 578/578/578 577/577/577
f 554/554/554 555/555/555 579/579/579
f 554/554/554 579/579/579 578/578/578
f 555/555/555 556/556/556 580/580/580
f 555/555/555 580/580/580 579/579/579
f 556/556/556 557/557/557 581/581/581
f 556/556/556 581/581/581 580/580/580
f 557/557/557 558/558/558 582/582/582
f 557/557/557 582/582/582 581/581/581
f 558/558/558 559/559/559 583/583/583
f 558/558/558 583/583/583 582/582/582
f 559/559/559 560/560/560 584/584/584
f 559/559/559 584/584/584 583/583/583
f 560/560/560 561/561/561 585/585/585
f 560/560/560 585/585/585 584/584/584
f 561/561/561 562/562/562 586/586/586
f 561/561/561 586/586/586 585/585/585
f 562/562/562 563/563/563 587/587/587
f 562/562/562 587/587/587 586/586/586
f 563/563/563 564/564/564 588/588/588
f 563/563/563 588/588/588 587/587/587
f 564/564/564 565/565/565 589/589/589
f 564/564/564 589/589/589 588/588/588
f 565/565/565 566/566/566 590/590/590
f 565/565/565 590/590/590 589/589/589
f 566/566/566 567/567/567 591/591/591
f 566/566/566 591/591/591 590/590/590
f 567/567/567 568/568/568 592/592/592
f 567/567/567 592/592/592 591/591/591
f 568/568/568 569/569/569 593/593/593
f 568/568/568 593/593/593 592/592/592
f 569/569/569 570/570/570 594/594/594
f 569/569/569 594/594/594 593/593/593
f 570/570/570 571/571/571 595/595/595
f 570/570/570 595/595/595 594/594/594
f 571/571/571 572/572/572 596/596/596
f 571/571/571 596/596/596 595/595/595
f 572/572/572 573/573/573 597/597/597
f 572/572/572 597/597/597 596/596/596
f 573/573/573 574/574/574 598/598/598
f 573/573/573 598/598/598 597/597/597
f 574/574/574 575/575/575 599/599/599
f 574/574/574 599/599/599 598/598/598
f 575/575/575 576/576/576 600/600/600
f 575/575/575 600/600/600 599/599/599
f 576/576/576 553/553/553 577/577/577
f 576/576/576 577/577/577 600/600/600
f 601/601/601 577/577/601 578/578/601
f 601/601/601 578/578/601 579/579/601
f 601/601/601 579/579/601 580/580/601
f 601/601/601 580/580/601 581/581/601
f 601/601/601 581/581/601 582/582/601
f 601/601/601 582/582/601 583/583/601
f 601/601/601 583/583/601 584/584/601
f 601/601/601 584/584/601 585/585/601
f 601/601/601 585/585/601 586/586/601
f 601/601/601 586/586/601 587/587/601
f 601/601/601 587/587/601 588/588/601
f 601/601/601 588/588/601 589/589/601
f 601/601/601 589/589/601 590/590/601
f 601/601/601 590/590/601 591/591/601
f 601/601/601 591/591/601 592/592/601
f 601/601/601 592/592/601 593/593/601
f 601/601/601 593/593/601 594/594/601
f 601/601/601 594/594/601 595/595/601
f 601/601/601 595/595/601 596/596/601
f 601/601/601 596/596/601 597/597/601
f 601/601/601 597/597/601 598/598/601
f 601/601/601 598/598/601 599/599/601
f 601/601/601 599/599/601 600/600/601
f 601/601/601 600/600/601 577/577/601
f 602/602/602 2/2/602 1/1/602
f 602/602/602 3/3/602 2/2/602
f 602/602/602 4/4/602 3/3/602
f 602/602/602 5/5/602 4/4/602
f 602/602/602 6/6/602 5/5/602
f 602/602/602 7/7/602 6/6/602
f 602/602/602 8/8/602 7/7/602
f 602/602/602 9/9/602 8/8/602
f 602/602/602 10/10/602 9/9/602
f 602/602/602 11/11/602 10/10/602
f 602/602/602 12/12/602 11/11/602
f 602/602/602 13/13/602 12/12/602
f 602/602/602 14/14/602 13/13/602
f 602/602/602 15/15/602 14/14/602
f 602/602/602 16/16/602 15/15/602
f 602/602/602 17/17/602 16/16/602
f 602/602/602 18/18/602 17/17/602
f 602/602/602 19/19/602 18/18/602
f 602/602/602 20/20/602 19/19/602
f 602/602/602 21/21/602 20/20/602
f 602/602/602 22/22/602 21/21/602
f 602/602/602 23/23/602 22/22/602
f 602/602/602 24/24/602 23/23/602
f 602/602/602 1/1/602 24/24/602

g Exterior_Windshield
usemtl Mat_Glass_Tinted
v -1.1592 1.7923 5.8500
v -1.1782 2.3252 5.8500
v -1.1782 2.8096 5.8500
v -1.0927 3.0809 5.8500
v -0.8551 3.2165 5.8500
v 0.0000 3.2456 5.8500
v 0.8551 3.2165 5.8500
v 1.0927 3.0809 5.8500
v 1.1782 2.8096 5.8500
v 1.1782 2.3252 5.8500
v 1.1592 1.7923 5.8500
v -1.1549 1.7883 5.9125
v -1.1738 2.3199 5.9125
v -1.1738 2.8033 5.9125
v -1.0886 3.0739 5.9125
v -0.8520 3.2093 5.9125
v 0.0000 3.2383 5.9125
v 0.8520 3.2093 5.9125
v 1.0886 3.0739 5.9125
v 1.1738 2.8033 5.9125
v 1.1738 2.3199 5.9125
v 1.1549 1.7883 5.9125
v -1.1505 1.7841 5.9750
v -1.1694 2.3146 5.9750
v -1.1694 2.7968 5.9750
v -1.0845 3.0668 5.9750
v -0.8487 3.2018 5.9750
v 0.0000 3.2308 5.9750
v 0.8487 3.2018 5.9750
v 1.0845 3.0668 5.9750
v 1.1694 2.7968 5.9750
v 1.1694 2.3146 5.9750
v 1.1505 1.7841 5.9750
v -1.1461 1.7799 6.0375
v -1.1648 2.3091 6.0375
v -1.1648 2.7901 6.0375
v -1.0803 3.0595 6.0375
v -0.8454 3.1942 6.0375
v 0.0000 3.2231 6.0375
v 0.8454 3.1942 6.0375
v 1.0803 3.0595 6.0375
v 1.1648 2.7901 6.0375
v 1.1648 2.3091 6.0375
v 1.1461 1.7799 6.0375
v -1.1415 1.7756 6.1000
v -1.1602 2.3035 6.1000
v -1.1602 2.7834 6.1000
v -1.0760 3.0521 6.1000
v -0.8421 3.1865 6.1000
v 0.0000 3.2153 6.1000
v 0.8421 3.1865 6.1000
v 1.0760 3.0521 6.1000
v 1.1602 2.7834 6.1000
v 1.1602 2.3035 6.1000
v 1.1415 1.7756 6.1000
v -1.1369 1.7712 6.1625
v -1.1555 2.2978 6.1625
v -1.1555 2.7765 6.1625
v -1.0716 3.0445 6.1625
v -0.8387 3.1786 6.1625
v 0.0000 3.2073 6.1625
v 0.8387 3.1786 6.1625
v 1.0716 3.0445 6.1625
v 1.1555 2.7765 6.1625
v 1.1555 2.2978 6.1625
v 1.1369 1.7712 6.1625
v -1.1321 1.7667 6.2250
v -1.1507 2.2920 6.2250
v -1.1507 2.7694 6.2250
v -1.0672 3.0368 6.2250
v -0.8352 3.1705 6.2250
v 0.0000 3.1992 6.2250
v 0.8352 3.1705 6.2250
v 1.0672 3.0368 6.2250
v 1.1507 2.7694 6.2250
v 1.1507 2.2920 6.2250
v 1.1321 1.7667 6.2250
v -1.1273 1.7621 6.2875
v -1.1458 2.2860 6.2875
v -1.1458 2.7623 6.2875
v -1.0626 3.0290 6.2875
v -0.8316 3.1623 6.2875
v 0.0000 3.1909 6.2875
v 0.8316 3.1623 6.2875
v 1.0626 3.0290 6.2875
v 1.1458 2.7623 6.2875
v 1.1458 2.2860 6.2875
v 1.1273 1.7621 6.2875
v -1.1224 1.7575 6.3500
v -1.1408 2.2800 6.3500
v -1.1408 2.7550 6.3500
v -1.0580 3.0210 6.3500
v -0.8280 3.1540 6.3500
v 0.0000 3.1825 6.3500
v 0.8280 3.1540 6.3500
v 1.0580 3.0210 6.3500
v 1.1408 2.7550 6.3500
v 1.1408 2.2800 6.3500
v 1.1224 1.7575 6.3500
v 0.0000 1.8000 6.3500
v 0.0000 1.8000 5.8500
vn -0.7070 0.7070 0.0000
vn -0.7070 0.7070 0.0000
vn -0.7070 0.7070 0.0000
vn -0.7070 0.7070 0.0000
vn -0.7070 0.7070 0.0000
vn 0.0000 0.7070 0.0000
vn 0.7070 0.7070 0.0000
vn 0.7070 0.7070 0.0000
vn 0.7070 0.7070 0.0000
vn 0.7070 0.7070 0.0000
vn 0.7070 0.7070 0.0000
vn -0.7070 0.7070 0.0000
vn -0.7070 0.7070 0.0000
vn -0.7070 0.7070 0.0000
vn -0.7070 0.7070 0.0000
vn -0.7070 0.7070 0.0000
vn 0.0000 0.7070 0.0000
vn 0.7070 0.7070 0.0000
vn 0.7070 0.7070 0.0000
vn 0.7070 0.7070 0.0000
vn 0.7070 0.7070 0.0000
vn 0.7070 0.7070 0.0000
vn -0.7070 0.7070 0.0000
vn -0.7070 0.7070 0.0000
vn -0.7070 0.7070 0.0000
vn -0.7070 0.7070 0.0000
vn -0.7070 0.7070 0.0000
vn 0.0000 0.7070 0.0000
vn 0.7070 0.7070 0.0000
vn 0.7070 0.7070 0.0000
vn 0.7070 0.7070 0.0000
vn 0.7070 0.7070 0.0000
vn 0.7070 0.7070 0.0000
vn -0.7070 0.7070 0.0000
vn -0.7070 0.7070 0.0000
vn -0.7070 0.7070 0.0000
vn -0.7070 0.7070 0.0000
vn -0.7070 0.7070 0.0000
vn 0.0000 0.7070 0.0000
vn 0.7070 0.7070 0.0000
vn 0.7070 0.7070 0.0000
vn 0.7070 0.7070 0.0000
vn 0.7070 0.7070 0.0000
vn 0.7070 0.7070 0.0000
vn -0.7070 0.7070 0.0000
vn -0.7070 0.7070 0.0000
vn -0.7070 0.7070 0.0000
vn -0.7070 0.7070 0.0000
vn -0.7070 0.7070 0.0000
vn 0.0000 0.7070 0.0000
vn 0.7070 0.7070 0.0000
vn 0.7070 0.7070 0.0000
vn 0.7070 0.7070 0.0000
vn 0.7070 0.7070 0.0000
vn 0.7070 0.7070 0.0000
vn -0.7070 0.7070 0.0000
vn -0.7070 0.7070 0.0000
vn -0.7070 0.7070 0.0000
vn -0.7070 0.7070 0.0000
vn -0.7070 0.7070 0.0000
vn 0.0000 0.7070 0.0000
vn 0.7070 0.7070 0.0000
vn 0.7070 0.7070 0.0000
vn 0.7070 0.7070 0.0000
vn 0.7070 0.7070 0.0000
vn 0.7070 0.7070 0.0000
vn -0.7070 0.7070 0.0000
vn -0.7070 0.7070 0.0000
vn -0.7070 0.7070 0.0000
vn -0.7070 0.7070 0.0000
vn -0.7070 0.7070 0.0000
vn 0.0000 0.7070 0.0000
vn 0.7070 0.7070 0.0000
vn 0.7070 0.7070 0.0000
vn 0.7070 0.7070 0.0000
vn 0.7070 0.7070 0.0000
vn 0.7070 0.7070 0.0000
vn -0.7070 0.7070 0.0000
vn -0.7070 0.7070 0.0000
vn -0.7070 0.7070 0.0000
vn -0.7070 0.7070 0.0000
vn -0.7070 0.7070 0.0000
vn 0.0000 0.7070 0.0000
vn 0.7070 0.7070 0.0000
vn 0.7070 0.7070 0.0000
vn 0.7070 0.7070 0.0000
vn 0.7070 0.7070 0.0000
vn 0.7070 0.7070 0.0000
vn -0.7070 0.7070 0.0000
vn -0.7070 0.7070 0.0000
vn -0.7070 0.7070 0.0000
vn -0.7070 0.7070 0.0000
vn -0.7070 0.7070 0.0000
vn 0.0000 0.7070 0.0000
vn 0.7070 0.7070 0.0000
vn 0.7070 0.7070 0.0000
vn 0.7070 0.7070 0.0000
vn 0.7070 0.7070 0.0000
vn 0.7070 0.7070 0.0000
vn 0.0000 0.0000 1.0000
vn 0.0000 0.0000 -1.0000
vt 0.0000 0.0000
vt 0.0909 0.0000
vt 0.1818 0.0000
vt 0.2727 0.0000
vt 0.3636 0.0000
vt 0.4545 0.0000
vt 0.5455 0.0000
vt 0.6364 0.0000
vt 0.7273 0.0000
vt 0.8182 0.0000
vt 0.9091 0.0000
vt 0.0000 0.1250
vt 0.0909 0.1250
vt 0.1818 0.1250
vt 0.2727 0.1250
vt 0.3636 0.1250
vt 0.4545 0.1250
vt 0.5455 0.1250
vt 0.6364 0.1250
vt 0.7273 0.1250
vt 0.8182 0.1250
vt 0.9091 0.1250
vt 0.0000 0.2500
vt 0.0909 0.2500
vt 0.1818 0.2500
vt 0.2727 0.2500
vt 0.3636 0.2500
vt 0.4545 0.2500
vt 0.5455 0.2500
vt 0.6364 0.2500
vt 0.7273 0.2500
vt 0.8182 0.2500
vt 0.9091 0.2500
vt 0.0000 0.3750
vt 0.0909 0.3750
vt 0.1818 0.3750
vt 0.2727 0.3750
vt 0.3636 0.3750
vt 0.4545 0.3750
vt 0.5455 0.3750
vt 0.6364 0.3750
vt 0.7273 0.3750
vt 0.8182 0.3750
vt 0.9091 0.3750
vt 0.0000 0.5000
vt 0.0909 0.5000
vt 0.1818 0.5000
vt 0.2727 0.5000
vt 0.3636 0.5000
vt 0.4545 0.5000
vt 0.5455 0.5000
vt 0.6364 0.5000
vt 0.7273 0.5000
vt 0.8182 0.5000
vt 0.9091 0.5000
vt 0.0000 0.6250
vt 0.0909 0.6250
vt 0.1818 0.6250
vt 0.2727 0.6250
vt 0.3636 0.6250
vt 0.4545 0.6250
vt 0.5455 0.6250
vt 0.6364 0.6250
vt 0.7273 0.6250
vt 0.8182 0.6250
vt 0.9091 0.6250
vt 0.0000 0.7500
vt 0.0909 0.7500
vt 0.1818 0.7500
vt 0.2727 0.7500
vt 0.3636 0.7500
vt 0.4545 0.7500
vt 0.5455 0.7500
vt 0.6364 0.7500
vt 0.7273 0.7500
vt 0.8182 0.7500
vt 0.9091 0.7500
vt 0.0000 0.8750
vt 0.0909 0.8750
vt 0.1818 0.8750
vt 0.2727 0.8750
vt 0.3636 0.8750
vt 0.4545 0.8750
vt 0.5455 0.8750
vt 0.6364 0.8750
vt 0.7273 0.8750
vt 0.8182 0.8750
vt 0.9091 0.8750
vt 0.0000 1.0000
vt 0.0909 1.0000
vt 0.1818 1.0000
vt 0.2727 1.0000
vt 0.3636 1.0000
vt 0.4545 1.0000
vt 0.5455 1.0000
vt 0.6364 1.0000
vt 0.7273 1.0000
vt 0.8182 1.0000
vt 0.9091 1.0000
vt 0.5000 0.5000
vt 0.5000 0.5000
f 603/603/603 604/604/604 615/615/615
f 603/603/603 615/615/615 614/614/614
f 604/604/604 605/605/605 616/616/616
f 604/604/604 616/616/616 615/615/615
f 605/605/605 606/606/606 617/617/617
f 605/605/605 617/617/617 616/616/616
f 606/606/606 607/607/607 618/618/618
f 606/606/606 618/618/618 617/617/617
f 607/607/607 608/608/608 619/619/619
f 607/607/607 619/619/619 618/618/618
f 608/608/608 609/609/609 620/620/620
f 608/608/608 620/620/620 619/619/619
f 609/609/609 610/610/610 621/621/621
f 609/609/609 621/621/621 620/620/620
f 610/610/610 611/611/611 622/622/622
f 610/610/610 622/622/622 621/621/621
f 611/611/611 612/612/612 623/623/623
f 611/611/611 623/623/623 622/622/622
f 612/612/612 613/613/613 624/624/624
f 612/612/612 624/624/624 623/623/623
f 613/613/613 603/603/603 614/614/614
f 613/613/613 614/614/614 624/624/624
f 614/614/614 615/615/615 626/626/626
f 614/614/614 626/626/626 625/625/625
f 615/615/615 616/616/616 627/627/627
f 615/615/615 627/627/627 626/626/626
f 616/616/616 617/617/617 628/628/628
f 616/616/616 628/628/628 627/627/627
f 617/617/617 618/618/618 629/629/629
f 617/617/617 629/629/629 628/628/628
f 618/618/618 619/619/619 630/630/630
f 618/618/618 630/630/630 629/629/629
f 619/619/619 620/620/620 631/631/631
f 619/619/619 631/631/631 630/630/630
f 620/620/620 621/621/621 632/632/632
f 620/620/620 632/632/632 631/631/631
f 621/621/621 622/622/622 633/633/633
f 621/621/621 633/633/633 632/632/632
f 622/622/622 623/623/623 634/634/634
f 622/622/622 634/634/634 633/633/633
f 623/623/623 624/624/624 635/635/635
f 623/623/623 635/635/635 634/634/634
f 624/624/624 614/614/614 625/625/625
f 624/624/624 625/625/625 635/635/635
f 625/625/625 626/626/626 637/637/637
f 625/625/625 637/637/637 636/636/636
f 626/626/626 627/627/627 638/638/638
f 626/626/626 638/638/638 637/637/637
f 627/627/627 628/628/628 639/639/639
f 627/627/627 639/639/639 638/638/638
f 628/628/628 629/629/629 640/640/640
f 628/628/628 640/640/640 639/639/639
f 629/629/629 630/630/630 641/641/641
f 629/629/629 641/641/641 640/640/640
f 630/630/630 631/631/631 642/642/642
f 630/630/630 642/642/642 641/641/641
f 631/631/631 632/632/632 643/643/643
f 631/631/631 643/643/643 642/642/642
f 632/632/632 633/633/633 644/644/644
f 632/632/632 644/644/644 643/643/643
f 633/633/633 634/634/634 645/645/645
f 633/633/633 645/645/645 644/644/644
f 634/634/634 635/635/635 646/646/646
f 634/634/634 646/646/646 645/645/645
f 635/635/635 625/625/625 636/636/636
f 635/635/635 636/636/636 646/646/646
f 636/636/636 637/637/637 648/648/648
f 636/636/636 648/648/648 647/647/647
f 637/637/637 638/638/638 649/649/649
f 637/637/637 649/649/649 648/648/648
f 638/638/638 639/639/639 650/650/650
f 638/638/638 650/650/650 649/649/649
f 639/639/639 640/640/640 651/651/651
f 639/639/639 651/651/651 650/650/650
f 640/640/640 641/641/641 652/652/652
f 640/640/640 652/652/652 651/651/651
f 641/641/641 642/642/642 653/653/653
f 641/641/641 653/653/653 652/652/652
f 642/642/642 643/643/643 654/654/654
f 642/642/642 654/654/654 653/653/653
f 643/643/643 644/644/644 655/655/655
f 643/643/643 655/655/655 654/654/654
f 644/644/644 645/645/645 656/656/656
f 644/644/644 656/656/656 655/655/655
f 645/645/645 646/646/646 657/657/657
f 645/645/645 657/657/657 656/656/656
f 646/646/646 636/636/636 647/647/647
f 646/646/646 647/647/647 657/657/657
f 647/647/647 648/648/648 659/659/659
f 647/647/647 659/659/659 658/658/658
f 648/648/648 649/649/649 660/660/660
f 648/648/648 660/660/660 659/659/659
f 649/649/649 650/650/650 661/661/661
f 649/649/649 661/661/661 660/660/660
f 650/650/650 651/651/651 662/662/662
f 650/650/650 662/662/662 661/661/661
f 651/651/651 652/652/652 663/663/663
f 651/651/651 663/663/663 662/662/662
f 652/652/652 653/653/653 664/664/664
f 652/652/652 664/664/664 663/663/663
f 653/653/653 654/654/654 665/665/665
f 653/653/653 665/665/665 664/664/664
f 654/654/654 655/655/655 666/666/666
f 654/654/654 666/666/666 665/665/665
f 655/655/655 656/656/656 667/667/667
f 655/655/655 667/667/667 666/666/666
f 656/656/656 657/657/657 668/668/668
f 656/656/656 668/668/668 667/667/667
f 657/657/657 647/647/647 658/658/658
f 657/657/657 658/658/658 668/668/668
f 658/658/658 659/659/659 670/670/670
f 658/658/658 670/670/670 669/669/669
f 659/659/659 660/660/660 671/671/671
f 659/659/659 671/671/671 670/670/670
f 660/660/660 661/661/661 672/672/672
f 660/660/660 672/672/672 671/671/671
f 661/661/661 662/662/662 673/673/673
f 661/661/661 673/673/673 672/672/672
f 662/662/662 663/663/663 674/674/674
f 662/662/662 674/674/674 673/673/673
f 663/663/663 664/664/664 675/675/675
f 663/663/663 675/675/675 674/674/674
f 664/664/664 665/665/665 676/676/676
f 664/664/664 676/676/676 675/675/675
f 665/665/665 666/666/666 677/677/677
f 665/665/665 677/677/677 676/676/676
f 666/666/666 667/667/667 678/678/678
f 666/666/666 678/678/678 677/677/677
f 667/667/667 668/668/668 679/679/679
f 667/667/667 679/679/679 678/678/678
f 668/668/668 658/658/658 669/669/669
f 668/668/668 669/669/669 679/679/679
f 669/669/669 670/670/670 681/681/681
f 669/669/669 681/681/681 680/680/680
f 670/670/670 671/671/671 682/682/682
f 670/670/670 682/682/682 681/681/681
f 671/671/671 672/672/672 683/683/683
f 671/671/671 683/683/683 682/682/682
f 672/672/672 673/673/673 684/684/684
f 672/672/672 684/684/684 683/683/683
f 673/673/673 674/674/674 685/685/685
f 673/673/673 685/685/685 684/684/684
f 674/674/674 675/675/675 686/686/686
f 674/674/674 686/686/686 685/685/685
f 675/675/675 676/676/676 687/687/687
f 675/675/675 687/687/687 686/686/686
f 676/676/676 677/677/677 688/688/688
f 676/676/676 688/688/688 687/687/687
f 677/677/677 678/678/678 689/689/689
f 677/677/677 689/689/689 688/688/688
f 678/678/678 679/679/679 690/690/690
f 678/678/678 690/690/690 689/689/689
f 679/679/679 669/669/669 680/680/680
f 679/679/679 680/680/680 690/690/690
f 680/680/680 681/681/681 692/692/692
f 680/680/680 692/692/692 691/691/691
f 681/681/681 682/682/682 693/693/693
f 681/681/681 693/693/693 692/692/692
f 682/682/682 683/683/683 694/694/694
f 682/682/682 694/694/694 693/693/693
f 683/683/683 684/684/684 695/695/695
f 683/683/683 695/695/695 694/694/694
f 684/684/684 685/685/685 696/696/696
f 684/684/684 696/696/696 695/695/695
f 685/685/685 686/686/686 697/697/697
f 685/685/685 697/697/697 696/696/696
f 686/686/686 687/687/687 698/698/698
f 686/686/686 698/698/698 697/697/697
f 687/687/687 688/688/688 699/699/699
f 687/687/687 699/699/699 698/698/698
f 688/688/688 689/689/689 700/700/700
f 688/688/688 700/700/700 699/699/699
f 689/689/689 690/690/690 701/701/701
f 689/689/689 701/701/701 700/700/700
f 690/690/690 680/680/680 691/691/691
f 690/690/690 691/691/691 701/701/701
f 702/702/702 691/691/702 692/692/702
f 702/702/702 692/692/702 693/693/702
f 702/702/702 693/693/702 694/694/702
f 702/702/702 694/694/702 695/695/702
f 702/702/702 695/695/702 696/696/702
f 702/702/702 696/696/702 697/697/702
f 702/702/702 697/697/702 698/698/702
f 702/702/702 698/698/702 699/699/702
f 702/702/702 699/699/702 700/700/702
f 702/702/702 700/700/702 701/701/702
f 702/702/702 701/701/702 691/691/702
f 703/703/703 604/604/703 603/603/703
f 703/703/703 605/605/703 604/604/703
f 703/703/703 606/606/703 605/605/703
f 703/703/703 607/607/703 606/606/703
f 703/703/703 608/608/703 607/607/703
f 703/703/703 609/609/703 608/608/703
f 703/703/703 610/610/703 609/609/703
f 703/703/703 611/611/703 610/610/703
f 703/703/703 612/612/703 611/611/703
f 703/703/703 613/613/703 612/612/703
f 703/703/703 603/603/703 613/613/703

g Wheels_FrontLeft
usemtl Mat_Wheel_PBR
v -1.0000 0.5200 4.1200
v -1.3000 0.5200 4.1200
v -1.0075 0.5200 4.0992
v -1.2925 0.5200 4.0992
v -1.0270 0.5200 4.0056
v -1.2730 0.5200 4.0056
v -1.0600 0.5200 3.9848
v -1.2400 0.5200 3.9848
v -1.0975 0.5200 3.8340
v -1.2025 0.5200 3.8340
v -1.0900 0.5200 3.7456
v -1.2100 0.5200 3.7456
v -1.0000 0.6546 4.1023
v -1.3000 0.6546 4.1023
v -1.0075 0.6492 4.0822
v -1.2925 0.6492 4.0822
v -1.0270 0.6250 3.9918
v -1.2730 0.6250 3.9918
v -1.0600 0.6196 3.9717
v -1.2400 0.6196 3.9717
v -1.0975 0.5806 3.8260
v -1.2025 0.5806 3.8260
v -1.0900 0.5577 3.7406
v -1.2100 0.5577 3.7406
v -1.0000 0.7800 4.0503
v -1.3000 0.7800 4.0503
v -1.0075 0.7696 4.0323
v -1.2925 0.7696 4.0323
v -1.0270 0.7228 3.9513
v -1.2730 0.7228 3.9513
v -1.0600 0.7124 3.9332
v -1.2400 0.7124 3.9332
v -1.0975 0.6370 3.8026
v -1.2025 0.6370 3.8026
v -1.0900 0.5928 3.7261
v -1.2100 0.5928 3.7261
v -1.0000 0.8877 3.9677
v -1.3000 0.8877 3.9677
v -1.0075 0.8730 3.9530
v -1.2925 0.8730 3.9530
v -1.0270 0.8068 3.8868
v -1.2730 0.8068 3.8868
v -1.0600 0.7921 3.8721
v -1.2400 0.7921 3.8721
v -1.0975 0.6855 3.7655
v -1.2025 0.6855 3.7655
v -1.0900 0.6230 3.7030
v -1.2100 0.6230 3.7030
v -1.0000 0.9703 3.8600
v -1.3000 0.9703 3.8600
v -1.0075 0.9523 3.8496
v -1.2925 0.9523 3.8496
v -1.0270 0.8713 3.8028
v -1.2730 0.8713 3.8028
v -1.0600 0.8532 3.7924
v -1.2400 0.8532 3.7924
v -1.0975 0.7226 3.7170
v -1.2025 0.7226 3.7170
v -1.0900 0.6461 3.6728
v -1.2100 0.6461 3.6728
v -1.0000 1.0223 3.7346
v -1.3000 1.0223 3.7346
v -1.0075 1.0022 3.7292
v -1.2925 1.0022 3.7292
v -1.0270 0.9118 3.7050
v -1.2730 0.9118 3.7050
v -1.0600 0.8917 3.6996
v -1.2400 0.8917 3.6996
v -1.0975 0.7460 3.6606
v -1.2025 0.7460 3.6606
v -1.0900 0.6606 3.6377
v -1.2100 0.6606 3.6377
v -1.0000 1.0400 3.6000
v -1.3000 1.0400 3.6000
v -1.0075 1.0192 3.6000
v -1.2925 1.0192 3.6000
v -1.0270 0.9256 3.6000
v -1.2730 0.9256 3.6000
v -1.0600 0.9048 3.6000
v -1.2400 0.9048 3.6000
v -1.0975 0.7540 3.6000
v -1.2025 0.7540 3.6000
v -1.0900 0.6656 3.6000
v -1.2100 0.6656 3.6000
v -1.0000 1.0223 3.4654
v -1.3000 1.0223 3.4654
v -1.0075 1.0022 3.4708
v -1.2925 1.0022 3.4708
v -1.0270 0.9118 3.4950
v -1.2730 0.9118 3.4950
v -1.0600 0.8917 3.5004
v -1.2400 0.8917 3.5004
v -1.0975 0.7460 3.5394
v -1.2025 0.7460 3.5394
v -1.0900 0.6606 3.5623
v -1.2100 0.6606 3.5623
v -1.0000 0.9703 3.3400
v -1.3000 0.9703 3.3400
v -1.0075 0.9523 3.3504
v -1.2925 0.9523 3.3504
v -1.0270 0.8713 3.3972
v -1.2730 0.8713 3.3972
v -1.0600 0.8532 3.4076
v -1.2400 0.8532 3.4076
v -1.0975 0.7226 3.4830
v -1.2025 0.7226 3.4830
v -1.0900 0.6461 3.5272
v -1.2100 0.6461 3.5272
v -1.0000 0.8877 3.2323
v -1.3000 0.8877 3.2323
v -1.0075 0.8730 3.2470
v -1.2925 0.8730 3.2470
v -1.0270 0.8068 3.3132
v -1.2730 0.8068 3.3132
v -1.0600 0.7921 3.3279
v -1.2400 0.7921 3.3279
v -1.0975 0.6855 3.4345
v -1.2025 0.6855 3.4345
v -1.0900 0.6230 3.4970
v -1.2100 0.6230 3.4970
v -1.0000 0.7800 3.1497
v -1.3000 0.7800 3.1497
v -1.0075 0.7696 3.1677
v -1.2925 0.7696 3.1677
v -1.0270 0.7228 3.2487
v -1.2730 0.7228 3.2487
v -1.0600 0.7124 3.2668
v -1.2400 0.7124 3.2668
v -1.0975 0.6370 3.3974
v -1.2025 0.6370 3.3974
v -1.0900 0.5928 3.4739
v -1.2100 0.5928 3.4739
v -1.0000 0.6546 3.0977
v -1.3000 0.6546 3.0977
v -1.0075 0.6492 3.1178
v -1.2925 0.6492 3.1178
v -1.0270 0.6250 3.2082
v -1.2730 0.6250 3.2082
v -1.0600 0.6196 3.2283
v -1.2400 0.6196 3.2283
v -1.0975 0.5806 3.3740
v -1.2025 0.5806 3.3740
v -1.0900 0.5577 3.4594
v -1.2100 0.5577 3.4594
v -1.0000 0.5200 3.0800
v -1.3000 0.5200 3.0800
v -1.0075 0.5200 3.1008
v -1.2925 0.5200 3.1008
v -1.0270 0.5200 3.1944
v -1.2730 0.5200 3.1944
v -1.0600 0.5200 3.2152
v -1.2400 0.5200 3.2152
v -1.0975 0.5200 3.3660
v -1.2025 0.5200 3.3660
v -1.0900 0.5200 3.4544
v -1.2100 0.5200 3.4544
v -1.0000 0.3854 3.0977
v -1.3000 0.3854 3.0977
v -1.0075 0.3908 3.1178
v -1.2925 0.3908 3.1178
v -1.0270 0.4150 3.2082
v -1.2730 0.4150 3.2082
v -1.0600 0.4204 3.2283
v -1.2400 0.4204 3.2283
v -1.0975 0.4594 3.3740
v -1.2025 0.4594 3.3740
v -1.0900 0.4823 3.4594
v -1.2100 0.4823 3.4594
v -1.0000 0.2600 3.1497
v -1.3000 0.2600 3.1497
v -1.0075 0.2704 3.1677
v -1.2925 0.2704 3.1677
v -1.0270 0.3172 3.2487
v -1.2730 0.3172 3.2487
v -1.0600 0.3276 3.2668
v -1.2400 0.3276 3.2668
v -1.0975 0.4030 3.3974
v -1.2025 0.4030 3.3974
v -1.0900 0.4472 3.4739
v -1.2100 0.4472 3.4739
v -1.0000 0.1523 3.2323
v -1.3000 0.1523 3.2323
v -1.0075 0.1670 3.2470
v -1.2925 0.1670 3.2470
v -1.0270 0.2332 3.3132
v -1.2730 0.2332 3.3132
v -1.0600 0.2479 3.3279
v -1.2400 0.2479 3.3279
v -1.0975 0.3545 3.4345
v -1.2025 0.3545 3.4345
v -1.0900 0.4170 3.4970
v -1.2100 0.4170 3.4970
v -1.0000 0.0697 3.3400
v -1.3000 0.0697 3.3400
v -1.0075 0.0877 3.3504
v -1.2925 0.0877 3.3504
v -1.0270 0.1687 3.3972
v -1.2730 0.1687 3.3972
v -1.0600 0.1868 3.4076
v -1.2400 0.1868 3.4076
v -1.0975 0.3174 3.4830
v -1.2025 0.3174 3.4830
v -1.0900 0.3939 3.5272
v -1.2100 0.3939 3.5272
v -1.0000 0.0177 3.4654
v -1.3000 0.0177 3.4654
v -1.0075 0.0378 3.4708
v -1.2925 0.0378 3.4708
v -1.0270 0.1282 3.4950
v -1.2730 0.1282 3.4950
v -1.0600 0.1483 3.5004
v -1.2400 0.1483 3.5004
v -1.0975 0.2940 3.5394
v -1.2025 0.2940 3.5394
v -1.0900 0.3794 3.5623
v -1.2100 0.3794 3.5623
v -1.0000 0.0000 3.6000
v -1.3000 0.0000 3.6000
v -1.0075 0.0208 3.6000
v -1.2925 0.0208 3.6000
v -1.0270 0.1144 3.6000
v -1.2730 0.1144 3.6000
v -1.0600 0.1352 3.6000
v -1.2400 0.1352 3.6000
v -1.0975 0.2860 3.6000
v -1.2025 0.2860 3.6000
v -1.0900 0.3744 3.6000
v -1.2100 0.3744 3.6000
v -1.0000 0.0177 3.7346
v -1.3000 0.0177 3.7346
v -1.0075 0.0378 3.7292
v -1.2925 0.0378 3.7292
v -1.0270 0.1282 3.7050
v -1.2730 0.1282 3.7050
v -1.0600 0.1483 3.6996
v -1.2400 0.1483 3.6996
v -1.0975 0.2940 3.6606
v -1.2025 0.2940 3.6606
v -1.0900 0.3794 3.6377
v -1.2100 0.3794 3.6377
v -1.0000 0.0697 3.8600
v -1.3000 0.0697 3.8600
v -1.0075 0.0877 3.8496
v -1.2925 0.0877 3.8496
v -1.0270 0.1687 3.8028
v -1.2730 0.1687 3.8028
v -1.0600 0.1868 3.7924
v -1.2400 0.1868 3.7924
v -1.0975 0.3174 3.7170
v -1.2025 0.3174 3.7170
v -1.0900 0.3939 3.6728
v -1.2100 0.3939 3.6728
v -1.0000 0.1523 3.9677
v -1.3000 0.1523 3.9677
v -1.0075 0.1670 3.9530
v -1.2925 0.1670 3.9530
v -1.0270 0.2332 3.8868
v -1.2730 0.2332 3.8868
v -1.0600 0.2479 3.8721
v -1.2400 0.2479 3.8721
v -1.0975 0.3545 3.7655
v -1.2025 0.3545 3.7655
v -1.0900 0.4170 3.7030
v -1.2100 0.4170 3.7030
v -1.0000 0.2600 4.0503
v -1.3000 0.2600 4.0503
v -1.0075 0.2704 4.0323
v -1.2925 0.2704 4.0323
v -1.0270 0.3172 3.9513
v -1.2730 0.3172 3.9513
v -1.0600 0.3276 3.9332
v -1.2400 0.3276 3.9332
v -1.0975 0.4030 3.8026
v -1.2025 0.4030 3.8026
v -1.0900 0.4472 3.7261
v -1.2100 0.4472 3.7261
v -1.0000 0.3854 4.1023
v -1.3000 0.3854 4.1023
v -1.0075 0.3908 4.0822
v -1.2925 0.3908 4.0822
v -1.0270 0.4150 3.9918
v -1.2730 0.4150 3.9918
v -1.0600 0.4204 3.9717
v -1.2400 0.4204 3.9717
v -1.0975 0.4594 3.8260
v -1.2025 0.4594 3.8260
v -1.0900 0.4823 3.7406
v -1.2100 0.4823 3.7406
v -1.0900 0.5200 3.6000
v -1.2100 0.5200 3.6000
vn 0.5000 0.0000 0.5000
vn -0.5000 0.0000 0.5000
vn 0.5000 0.0000 0.5000
vn -0.5000 0.0000 0.5000
vn 0.5000 0.0000 0.5000
vn -0.5000 0.0000 0.5000
vn 0.5000 0.0000 0.5000
vn -0.5000 0.0000 0.5000
vn 0.5000 0.0000 0.5000
vn -0.5000 0.0000 0.5000
vn 0.5000 0.0000 0.5000
vn -0.5000 0.0000 0.5000
vn 0.5000 0.1294 0.4830
vn -0.5000 0.1294 0.4830
vn 0.5000 0.1294 0.4830
vn -0.5000 0.1294 0.4830
vn 0.5000 0.1294 0.4830
vn -0.5000 0.1294 0.4830
vn 0.5000 0.1294 0.4830
vn -0.5000 0.1294 0.4830
vn 0.5000 0.1294 0.4830
vn -0.5000 0.1294 0.4830
vn 0.5000 0.1294 0.4830
vn -0.5000 0.1294 0.4830
vn 0.5000 0.2500 0.4330
vn -0.5000 0.2500 0.4330
vn 0.5000 0.2500 0.4330
vn -0.5000 0.2500 0.4330
vn 0.5000 0.2500 0.4330
vn -0.5000 0.2500 0.4330
vn 0.5000 0.2500 0.4330
vn -0.5000 0.2500 0.4330
vn 0.5000 0.2500 0.4330
vn -0.5000 0.2500 0.4330
vn 0.5000 0.2500 0.4330
vn -0.5000 0.2500 0.4330
vn 0.5000 0.3536 0.3536
vn -0.5000 0.3536 0.3536
vn 0.5000 0.3536 0.3536
vn -0.5000 0.3536 0.3536
vn 0.5000 0.3536 0.3536
vn -0.5000 0.3536 0.3536
vn 0.5000 0.3536 0.3536
vn -0.5000 0.3536 0.3536
vn 0.5000 0.3536 0.3536
vn -0.5000 0.3536 0.3536
vn 0.5000 0.3536 0.3536
vn -0.5000 0.3536 0.3536
vn 0.5000 0.4330 0.2500
vn -0.5000 0.4330 0.2500
vn 0.5000 0.4330 0.2500
vn -0.5000 0.4330 0.2500
vn 0.5000 0.4330 0.2500
vn -0.5000 0.4330 0.2500
vn 0.5000 0.4330 0.2500
vn -0.5000 0.4330 0.2500
vn 0.5000 0.4330 0.2500
vn -0.5000 0.4330 0.2500
vn 0.5000 0.4330 0.2500
vn -0.5000 0.4330 0.2500
vn 0.5000 0.4830 0.1294
vn -0.5000 0.4830 0.1294
vn 0.5000 0.4830 0.1294
vn -0.5000 0.4830 0.1294
vn 0.5000 0.4830 0.1294
vn -0.5000 0.4830 0.1294
vn 0.5000 0.4830 0.1294
vn -0.5000 0.4830 0.1294
vn 0.5000 0.4830 0.1294
vn -0.5000 0.4830 0.1294
vn 0.5000 0.4830 0.1294
vn -0.5000 0.4830 0.1294
vn 0.5000 0.5000 0.0000
vn -0.5000 0.5000 0.0000
vn 0.5000 0.5000 0.0000
vn -0.5000 0.5000 0.0000
vn 0.5000 0.5000 0.0000
vn -0.5000 0.5000 0.0000
vn 0.5000 0.5000 0.0000
vn -0.5000 0.5000 0.0000
vn 0.5000 0.5000 0.0000
vn -0.5000 0.5000 0.0000
vn 0.5000 0.5000 0.0000
vn -0.5000 0.5000 0.0000
vn 0.5000 0.4830 -0.1294
vn -0.5000 0.4830 -0.1294
vn 0.5000 0.4830 -0.1294
vn -0.5000 0.4830 -0.1294
vn 0.5000 0.4830 -0.1294
vn -0.5000 0.4830 -0.1294
vn 0.5000 0.4830 -0.1294
vn -0.5000 0.4830 -0.1294
vn 0.5000 0.4830 -0.1294
vn -0.5000 0.4830 -0.1294
vn 0.5000 0.4830 -0.1294
vn -0.5000 0.4830 -0.1294
vn 0.5000 0.4330 -0.2500
vn -0.5000 0.4330 -0.2500
vn 0.5000 0.4330 -0.2500
vn -0.5000 0.4330 -0.2500
vn 0.5000 0.4330 -0.2500
vn -0.5000 0.4330 -0.2500
vn 0.5000 0.4330 -0.2500
vn -0.5000 0.4330 -0.2500
vn 0.5000 0.4330 -0.2500
vn -0.5000 0.4330 -0.2500
vn 0.5000 0.4330 -0.2500
vn -0.5000 0.4330 -0.2500
vn 0.5000 0.3536 -0.3536
vn -0.5000 0.3536 -0.3536
vn 0.5000 0.3536 -0.3536
vn -0.5000 0.3536 -0.3536
vn 0.5000 0.3536 -0.3536
vn -0.5000 0.3536 -0.3536
vn 0.5000 0.3536 -0.3536
vn -0.5000 0.3536 -0.3536
vn 0.5000 0.3536 -0.3536
vn -0.5000 0.3536 -0.3536
vn 0.5000 0.3536 -0.3536
vn -0.5000 0.3536 -0.3536
vn 0.5000 0.2500 -0.4330
vn -0.5000 0.2500 -0.4330
vn 0.5000 0.2500 -0.4330
vn -0.5000 0.2500 -0.4330
vn 0.5000 0.2500 -0.4330
vn -0.5000 0.2500 -0.4330
vn 0.5000 0.2500 -0.4330
vn -0.5000 0.2500 -0.4330
vn 0.5000 0.2500 -0.4330
vn -0.5000 0.2500 -0.4330
vn 0.5000 0.2500 -0.4330
vn -0.5000 0.2500 -0.4330
vn 0.5000 0.1294 -0.4830
vn -0.5000 0.1294 -0.4830
vn 0.5000 0.1294 -0.4830
vn -0.5000 0.1294 -0.4830
vn 0.5000 0.1294 -0.4830
vn -0.5000 0.1294 -0.4830
vn 0.5000 0.1294 -0.4830
vn -0.5000 0.1294 -0.4830
vn 0.5000 0.1294 -0.4830
vn -0.5000 0.1294 -0.4830
vn 0.5000 0.1294 -0.4830
vn -0.5000 0.1294 -0.4830
vn 0.5000 0.0000 -0.5000
vn -0.5000 0.0000 -0.5000
vn 0.5000 0.0000 -0.5000
vn -0.5000 0.0000 -0.5000
vn 0.5000 0.0000 -0.5000
vn -0.5000 0.0000 -0.5000
vn 0.5000 0.0000 -0.5000
vn -0.5000 0.0000 -0.5000
vn 0.5000 0.0000 -0.5000
vn -0.5000 0.0000 -0.5000
vn 0.5000 0.0000 -0.5000
vn -0.5000 0.0000 -0.5000
vn 0.5000 -0.1294 -0.4830
vn -0.5000 -0.1294 -0.4830
vn 0.5000 -0.1294 -0.4830
vn -0.5000 -0.1294 -0.4830
vn 0.5000 -0.1294 -0.4830
vn -0.5000 -0.1294 -0.4830
vn 0.5000 -0.1294 -0.4830
vn -0.5000 -0.1294 -0.4830
vn 0.5000 -0.1294 -0.4830
vn -0.5000 -0.1294 -0.4830
vn 0.5000 -0.1294 -0.4830
vn -0.5000 -0.1294 -0.4830
vn 0.5000 -0.2500 -0.4330
vn -0.5000 -0.2500 -0.4330
vn 0.5000 -0.2500 -0.4330
vn -0.5000 -0.2500 -0.4330
vn 0.5000 -0.2500 -0.4330
vn -0.5000 -0.2500 -0.4330
vn 0.5000 -0.2500 -0.4330
vn -0.5000 -0.2500 -0.4330
vn 0.5000 -0.2500 -0.4330
vn -0.5000 -0.2500 -0.4330
vn 0.5000 -0.2500 -0.4330
vn -0.5000 -0.2500 -0.4330
vn 0.5000 -0.3536 -0.3536
vn -0.5000 -0.3536 -0.3536
vn 0.5000 -0.3536 -0.3536
vn -0.5000 -0.3536 -0.3536
vn 0.5000 -0.3536 -0.3536
vn -0.5000 -0.3536 -0.3536
vn 0.5000 -0.3536 -0.3536
vn -0.5000 -0.3536 -0.3536
vn 0.5000 -0.3536 -0.3536
vn -0.5000 -0.3536 -0.3536
vn 0.5000 -0.3536 -0.3536
vn -0.5000 -0.3536 -0.3536
vn 0.5000 -0.4330 -0.2500
vn -0.5000 -0.4330 -0.2500
vn 0.5000 -0.4330 -0.2500
vn -0.5000 -0.4330 -0.2500
vn 0.5000 -0.4330 -0.2500
vn -0.5000 -0.4330 -0.2500
vn 0.5000 -0.4330 -0.2500
vn -0.5000 -0.4330 -0.2500
vn 0.5000 -0.4330 -0.2500
vn -0.5000 -0.4330 -0.2500
vn 0.5000 -0.4330 -0.2500
vn -0.5000 -0.4330 -0.2500
vn 0.5000 -0.4830 -0.1294
vn -0.5000 -0.4830 -0.1294
vn 0.5000 -0.4830 -0.1294
vn -0.5000 -0.4830 -0.1294
vn 0.5000 -0.4830 -0.1294
vn -0.5000 -0.4830 -0.1294
vn 0.5000 -0.4830 -0.1294
vn -0.5000 -0.4830 -0.1294
vn 0.5000 -0.4830 -0.1294
vn -0.5000 -0.4830 -0.1294
vn 0.5000 -0.4830 -0.1294
vn -0.5000 -0.4830 -0.1294
vn 0.5000 -0.5000 -0.0000
vn -0.5000 -0.5000 -0.0000
vn 0.5000 -0.5000 -0.0000
vn -0.5000 -0.5000 -0.0000
vn 0.5000 -0.5000 -0.0000
vn -0.5000 -0.5000 -0.0000
vn 0.5000 -0.5000 -0.0000
vn -0.5000 -0.5000 -0.0000
vn 0.5000 -0.5000 -0.0000
vn -0.5000 -0.5000 -0.0000
vn 0.5000 -0.5000 -0.0000
vn -0.5000 -0.5000 -0.0000
vn 0.5000 -0.4830 0.1294
vn -0.5000 -0.4830 0.1294
vn 0.5000 -0.4830 0.1294
vn -0.5000 -0.4830 0.1294
vn 0.5000 -0.4830 0.1294
vn -0.5000 -0.4830 0.1294
vn 0.5000 -0.4830 0.1294
vn -0.5000 -0.4830 0.1294
vn 0.5000 -0.4830 0.1294
vn -0.5000 -0.4830 0.1294
vn 0.5000 -0.4830 0.1294
vn -0.5000 -0.4830 0.1294
vn 0.5000 -0.4330 0.2500
vn -0.5000 -0.4330 0.2500
vn 0.5000 -0.4330 0.2500
vn -0.5000 -0.4330 0.2500
vn 0.5000 -0.4330 0.2500
vn -0.5000 -0.4330 0.2500
vn 0.5000 -0.4330 0.2500
vn -0.5000 -0.4330 0.2500
vn 0.5000 -0.4330 0.2500
vn -0.5000 -0.4330 0.2500
vn 0.5000 -0.4330 0.2500
vn -0.5000 -0.4330 0.2500
vn 0.5000 -0.3536 0.3536
vn -0.5000 -0.3536 0.3536
vn 0.5000 -0.3536 0.3536
vn -0.5000 -0.3536 0.3536
vn 0.5000 -0.3536 0.3536
vn -0.5000 -0.3536 0.3536
vn 0.5000 -0.3536 0.3536
vn -0.5000 -0.3536 0.3536
vn 0.5000 -0.3536 0.3536
vn -0.5000 -0.3536 0.3536
vn 0.5000 -0.3536 0.3536
vn -0.5000 -0.3536 0.3536
vn 0.5000 -0.2500 0.4330
vn -0.5000 -0.2500 0.4330
vn 0.5000 -0.2500 0.4330
vn -0.5000 -0.2500 0.4330
vn 0.5000 -0.2500 0.4330
vn -0.5000 -0.2500 0.4330
vn 0.5000 -0.2500 0.4330
vn -0.5000 -0.2500 0.4330
vn 0.5000 -0.2500 0.4330
vn -0.5000 -0.2500 0.4330
vn 0.5000 -0.2500 0.4330
vn -0.5000 -0.2500 0.4330
vn 0.5000 -0.1294 0.4830
vn -0.5000 -0.1294 0.4830
vn 0.5000 -0.1294 0.4830
vn -0.5000 -0.1294 0.4830
vn 0.5000 -0.1294 0.4830
vn -0.5000 -0.1294 0.4830
vn 0.5000 -0.1294 0.4830
vn -0.5000 -0.1294 0.4830
vn 0.5000 -0.1294 0.4830
vn -0.5000 -0.1294 0.4830
vn 0.5000 -0.1294 0.4830
vn -0.5000 -0.1294 0.4830
vn 1.0000 0.0000 0.0000
vn -1.0000 0.0000 0.0000
vt 0.0000 0.0000
vt 0.0000 0.0000
vt 0.0000 0.1667
vt 0.0000 0.1667
vt 0.0000 0.3333
vt 0.0000 0.3333
vt 0.0000 0.5000
vt 0.0000 0.5000
vt 0.0000 0.6667
vt 0.0000 0.6667
vt 0.0000 0.8333
vt 0.0000 0.8333
vt 0.0417 0.0000
vt 0.0417 0.0000
vt 0.0417 0.1667
vt 0.0417 0.1667
vt 0.0417 0.3333
vt 0.0417 0.3333
vt 0.0417 0.5000
vt 0.0417 0.5000
vt 0.0417 0.6667
vt 0.0417 0.6667
vt 0.0417 0.8333
vt 0.0417 0.8333
vt 0.0833 0.0000
vt 0.0833 0.0000
vt 0.0833 0.1667
vt 0.0833 0.1667
vt 0.0833 0.3333
vt 0.0833 0.3333
vt 0.0833 0.5000
vt 0.0833 0.5000
vt 0.0833 0.6667
vt 0.0833 0.6667
vt 0.0833 0.8333
vt 0.0833 0.8333
vt 0.1250 0.0000
vt 0.1250 0.0000
vt 0.1250 0.1667
vt 0.1250 0.1667
vt 0.1250 0.3333
vt 0.1250 0.3333
vt 0.1250 0.5000
vt 0.1250 0.5000
vt 0.1250 0.6667
vt 0.1250 0.6667
vt 0.1250 0.8333
vt 0.1250 0.8333
vt 0.1667 0.0000
vt 0.1667 0.0000
vt 0.1667 0.1667
vt 0.1667 0.1667
vt 0.1667 0.3333
vt 0.1667 0.3333
vt 0.1667 0.5000
vt 0.1667 0.5000
vt 0.1667 0.6667
vt 0.1667 0.6667
vt 0.1667 0.8333
vt 0.1667 0.8333
vt 0.2083 0.0000
vt 0.2083 0.0000
vt 0.2083 0.1667
vt 0.2083 0.1667
vt 0.2083 0.3333
vt 0.2083 0.3333
vt 0.2083 0.5000
vt 0.2083 0.5000
vt 0.2083 0.6667
vt 0.2083 0.6667
vt 0.2083 0.8333
vt 0.2083 0.8333
vt 0.2500 0.0000
vt 0.2500 0.0000
vt 0.2500 0.1667
vt 0.2500 0.1667
vt 0.2500 0.3333
vt 0.2500 0.3333
vt 0.2500 0.5000
vt 0.2500 0.5000
vt 0.2500 0.6667
vt 0.2500 0.6667
vt 0.2500 0.8333
vt 0.2500 0.8333
vt 0.2917 0.0000
vt 0.2917 0.0000
vt 0.2917 0.1667
vt 0.2917 0.1667
vt 0.2917 0.3333
vt 0.2917 0.3333
vt 0.2917 0.5000
vt 0.2917 0.5000
vt 0.2917 0.6667
vt 0.2917 0.6667
vt 0.2917 0.8333
vt 0.2917 0.8333
vt 0.3333 0.0000
vt 0.3333 0.0000
vt 0.3333 0.1667
vt 0.3333 0.1667
vt 0.3333 0.3333
vt 0.3333 0.3333
vt 0.3333 0.5000
vt 0.3333 0.5000
vt 0.3333 0.6667
vt 0.3333 0.6667
vt 0.3333 0.8333
vt 0.3333 0.8333
vt 0.3750 0.0000
vt 0.3750 0.0000
vt 0.3750 0.1667
vt 0.3750 0.1667
vt 0.3750 0.3333
vt 0.3750 0.3333
vt 0.3750 0.5000
vt 0.3750 0.5000
vt 0.3750 0.6667
vt 0.3750 0.6667
vt 0.3750 0.8333
vt 0.3750 0.8333
vt 0.4167 0.0000
vt 0.4167 0.0000
vt 0.4167 0.1667
vt 0.4167 0.1667
vt 0.4167 0.3333
vt 0.4167 0.3333
vt 0.4167 0.5000
vt 0.4167 0.5000
vt 0.4167 0.6667
vt 0.4167 0.6667
vt 0.4167 0.8333
vt 0.4167 0.8333
vt 0.4583 0.0000
vt 0.4583 0.0000
vt 0.4583 0.1667
vt 0.4583 0.1667
vt 0.4583 0.3333
vt 0.4583 0.3333
vt 0.4583 0.5000
vt 0.4583 0.5000
vt 0.4583 0.6667
vt 0.4583 0.6667
vt 0.4583 0.8333
vt 0.4583 0.8333
vt 0.5000 0.0000
vt 0.5000 0.0000
vt 0.5000 0.1667
vt 0.5000 0.1667
vt 0.5000 0.3333
vt 0.5000 0.3333
vt 0.5000 0.5000
vt 0.5000 0.5000
vt 0.5000 0.6667
vt 0.5000 0.6667
vt 0.5000 0.8333
vt 0.5000 0.8333
vt 0.5417 0.0000
vt 0.5417 0.0000
vt 0.5417 0.1667
vt 0.5417 0.1667
vt 0.5417 0.3333
vt 0.5417 0.3333
vt 0.5417 0.5000
vt 0.5417 0.5000
vt 0.5417 0.6667
vt 0.5417 0.6667
vt 0.5417 0.8333
vt 0.5417 0.8333
vt 0.5833 0.0000
vt 0.5833 0.0000
vt 0.5833 0.1667
vt 0.5833 0.1667
vt 0.5833 0.3333
vt 0.5833 0.3333
vt 0.5833 0.5000
vt 0.5833 0.5000
vt 0.5833 0.6667
vt 0.5833 0.6667
vt 0.5833 0.8333
vt 0.5833 0.8333
vt 0.6250 0.0000
vt 0.6250 0.0000
vt 0.6250 0.1667
vt 0.6250 0.1667
vt 0.6250 0.3333
vt 0.6250 0.3333
vt 0.6250 0.5000
vt 0.6250 0.5000
vt 0.6250 0.6667
vt 0.6250 0.6667
vt 0.6250 0.8333
vt 0.6250 0.8333
vt 0.6667 0.0000
vt 0.6667 0.0000
vt 0.6667 0.1667
vt 0.6667 0.1667
vt 0.6667 0.3333
vt 0.6667 0.3333
vt 0.6667 0.5000
vt 0.6667 0.5000
vt 0.6667 0.6667
vt 0.6667 0.6667
vt 0.6667 0.8333
vt 0.6667 0.8333
vt 0.7083 0.0000
vt 0.7083 0.0000
vt 0.7083 0.1667
vt 0.7083 0.1667
vt 0.7083 0.3333
vt 0.7083 0.3333
vt 0.7083 0.5000
vt 0.7083 0.5000
vt 0.7083 0.6667
vt 0.7083 0.6667
vt 0.7083 0.8333
vt 0.7083 0.8333
vt 0.7500 0.0000
vt 0.7500 0.0000
vt 0.7500 0.1667
vt 0.7500 0.1667
vt 0.7500 0.3333
vt 0.7500 0.3333
vt 0.7500 0.5000
vt 0.7500 0.5000
vt 0.7500 0.6667
vt 0.7500 0.6667
vt 0.7500 0.8333
vt 0.7500 0.8333
vt 0.7917 0.0000
vt 0.7917 0.0000
vt 0.7917 0.1667
vt 0.7917 0.1667
vt 0.7917 0.3333
vt 0.7917 0.3333
vt 0.7917 0.5000
vt 0.7917 0.5000
vt 0.7917 0.6667
vt 0.7917 0.6667
vt 0.7917 0.8333
vt 0.7917 0.8333
vt 0.8333 0.0000
vt 0.8333 0.0000
vt 0.8333 0.1667
vt 0.8333 0.1667
vt 0.8333 0.3333
vt 0.8333 0.3333
vt 0.8333 0.5000
vt 0.8333 0.5000
vt 0.8333 0.6667
vt 0.8333 0.6667
vt 0.8333 0.8333
vt 0.8333 0.8333
vt 0.8750 0.0000
vt 0.8750 0.0000
vt 0.8750 0.1667
vt 0.8750 0.1667
vt 0.8750 0.3333
vt 0.8750 0.3333
vt 0.8750 0.5000
vt 0.8750 0.5000
vt 0.8750 0.6667
vt 0.8750 0.6667
vt 0.8750 0.8333
vt 0.8750 0.8333
vt 0.9167 0.0000
vt 0.9167 0.0000
vt 0.9167 0.1667
vt 0.9167 0.1667
vt 0.9167 0.3333
vt 0.9167 0.3333
vt 0.9167 0.5000
vt 0.9167 0.5000
vt 0.9167 0.6667
vt 0.9167 0.6667
vt 0.9167 0.8333
vt 0.9167 0.8333
vt 0.9583 0.0000
vt 0.9583 0.0000
vt 0.9583 0.1667
vt 0.9583 0.1667
vt 0.9583 0.3333
vt 0.9583 0.3333
vt 0.9583 0.5000
vt 0.9583 0.5000
vt 0.9583 0.6667
vt 0.9583 0.6667
vt 0.9583 0.8333
vt 0.9583 0.8333
vt 0.5000 0.5000
vt 0.5000 0.5000
f 704/704/704 706/706/706 718/718/718
f 704/704/704 718/718/718 716/716/716
f 706/706/706 708/708/708 720/720/720
f 706/706/706 720/720/720 718/718/718
f 708/708/708 710/710/710 722/722/722
f 708/708/708 722/722/722 720/720/720
f 710/710/710 712/712/712 724/724/724
f 710/710/710 724/724/724 722/722/722
f 712/712/712 714/714/714 726/726/726
f 712/712/712 726/726/726 724/724/724
f 705/705/705 717/717/717 719/719/719
f 705/705/705 719/719/719 707/707/707
f 707/707/707 719/719/719 721/721/721
f 707/707/707 721/721/721 709/709/709
f 709/709/709 721/721/721 723/723/723
f 709/709/709 723/723/723 711/711/711
f 711/711/711 723/723/723 725/725/725
f 711/711/711 725/725/725 713/713/713
f 713/713/713 725/725/725 727/727/727
f 713/713/713 727/727/727 715/715/715
f 704/704/704 705/705/705 717/717/717
f 704/704/704 717/717/717 716/716/716
f 992/992/992 714/714/714 726/726/726
f 993/993/993 727/727/727 715/715/715
f 716/716/716 718/718/718 730/730/730
f 716/716/716 730/730/730 728/728/728
f 718/718/718 720/720/720 732/732/732
f 718/718/718 732/732/732 730/730/730
f 720/720/720 722/722/722 734/734/734
f 720/720/720 734/734/734 732/732/732
f 722/722/722 724/724/724 736/736/736
f 722/722/722 736/736/736 734/734/734
f 724/724/724 726/726/726 738/738/738
f 724/724/724 738/738/738 736/736/736
f 717/717/717 729/729/729 731/731/731
f 717/717/717 731/731/731 719/719/719
f 719/719/719 731/731/731 733/733/733
f 719/719/719 733/733/733 721/721/721
f 721/721/721 733/733/733 735/735/735
f 721/721/721 735/735/735 723/723/723
f 723/723/723 735/735/735 737/737/737
f 723/723/723 737/737/737 725/725/725
f 725/725/725 737/737/737 739/739/739
f 725/725/725 739/739/739 727/727/727
f 716/716/716 717/717/717 729/729/729
f 716/716/716 729/729/729 728/728/728
f 992/992/992 726/726/726 738/738/738
f 993/993/993 739/739/739 727/727/727
f 728/728/728 730/730/730 742/742/742
f 728/728/728 742/742/742 740/740/740
f 730/730/730 732/732/732 744/744/744
f 730/730/730 744/744/744 742/742/742
f 732/732/732 734/734/734 746/746/746
f 732/732/732 746/746/746 744/744/744
f 734/734/734 736/736/736 748/748/748
f 734/734/734 748/748/748 746/746/746
f 736/736/736 738/738/738 750/750/750
f 736/736/736 750/750/750 748/748/748
f 729/729/729 741/741/741 743/743/743
f 729/729/729 743/743/743 731/731/731
f 731/731/731 743/743/743 745/745/745
f 731/731/731 745/745/745 733/733/733
f 733/733/733 745/745/745 747/747/747
f 733/733/733 747/747/747 735/735/735
f 735/735/735 747/747/747 749/749/749
f 735/735/735 749/749/749 737/737/737
f 737/737/737 749/749/749 751/751/751
f 737/737/737 751/751/751 739/739/739
f 728/728/728 729/729/729 741/741/741
f 728/728/728 741/741/741 740/740/740
f 992/992/992 738/738/738 750/750/750
f 993/993/993 751/751/751 739/739/739
f 740/740/740 742/742/742 754/754/754
f 740/740/740 754/754/754 752/752/752
f 742/742/742 744/744/744 756/756/756
f 742/742/742 756/756/756 754/754/754
f 744/744/744 746/746/746 758/758/758
f 744/744/744 758/758/758 756/756/756
f 746/746/746 748/748/748 760/760/760
f 746/746/746 760/760/760 758/758/758
f 748/748/748 750/750/750 762/762/762
f 748/748/748 762/762/762 760/760/760
f 741/741/741 753/753/753 755/755/755
f 741/741/741 755/755/755 743/743/743
f 743/743/743 755/755/755 757/757/757
f 743/743/743 757/757/757 745/745/745
f 745/745/745 757/757/757 759/759/759
f 745/745/745 759/759/759 747/747/747
f 747/747/747 759/759/759 761/761/761
f 747/747/747 761/761/761 749/749/749
f 749/749/749 761/761/761 763/763/763
f 749/749/749 763/763/763 751/751/751
f 740/740/740 741/741/741 753/753/753
f 740/740/740 753/753/753 752/752/752
f 992/992/992 750/750/750 762/762/762
f 993/993/993 763/763/763 751/751/751
f 752/752/752 754/754/754 766/766/766
f 752/752/752 766/766/766 764/764/764
f 754/754/754 756/756/756 768/768/768
f 754/754/754 768/768/768 766/766/766
f 756/756/756 758/758/758 770/770/770
f 756/756/756 770/770/770 768/768/768
f 758/758/758 760/760/760 772/772/772
f 758/758/758 772/772/772 770/770/770
f 760/760/760 762/762/762 774/774/774
f 760/760/760 774/774/774 772/772/772
f 753/753/753 765/765/765 767/767/767
f 753/753/753 767/767/767 755/755/755
f 755/755/755 767/767/767 769/769/769
f 755/755/755 769/769/769 757/757/757
f 757/757/757 769/769/769 771/771/771
f 757/757/757 771/771/771 759/759/759
f 759/759/759 771/771/771 773/773/773
f 759/759/759 773/773/773 761/761/761
f 761/761/761 773/773/773 775/775/775
f 761/761/761 775/775/775 763/763/763
f 752/752/752 753/753/753 765/765/765
f 752/752/752 765/765/765 764/764/764
f 992/992/992 762/762/762 774/774/774
f 993/993/993 775/775/775 763/763/763
f 764/764/764 766/766/766 778/778/778
f 764/764/764 778/778/778 776/776/776
f 766/766/766 768/768/768 780/780/780
f 766/766/766 780/780/780 778/778/778
f 768/768/768 770/770/770 782/782/782
f 768/768/768 782/782/782 780/780/780
f 770/770/770 772/772/772 784/784/784
f 770/770/770 784/784/784 782/782/782
f 772/772/772 774/774/774 786/786/786
f 772/772/772 786/786/786 784/784/784
f 765/765/765 777/777/777 779/779/779
f 765/765/765 779/779/779 767/767/767
f 767/767/767 779/779/779 781/781/781
f 767/767/767 781/781/781 769/769/769
f 769/769/769 781/781/781 783/783/783
f 769/769/769 783/783/783 771/771/771
f 771/771/771 783/783/783 785/785/785
f 771/771/771 785/785/785 773/773/773
f 773/773/773 785/785/785 787/787/787
f 773/773/773 787/787/787 775/775/775
f 764/764/764 765/765/765 777/777/777
f 764/764/764 777/777/777 776/776/776
f 992/992/992 774/774/774 786/786/786
f 993/993/993 787/787/787 775/775/775
f 776/776/776 778/778/778 790/790/790
f 776/776/776 790/790/790 788/788/788
f 778/778/778 780/780/780 792/792/792
f 778/778/778 792/792/792 790/790/790
f 780/780/780 782/782/782 794/794/794
f 780/780/780 794/794/794 792/792/792
f 782/782/782 784/784/784 796/796/796
f 782/782/782 796/796/796 794/794/794
f 784/784/784 786/786/786 798/798/798
f 784/784/784 798/798/798 796/796/796
f 777/777/777 789/789/789 791/791/791
f 777/777/777 791/791/791 779/779/779
f 779/779/779 791/791/791 793/793/793
f 779/779/779 793/793/793 781/781/781
f 781/781/781 793/793/793 795/795/795
f 781/781/781 795/795/795 783/783/783
f 783/783/783 795/795/795 797/797/797
f 783/783/783 797/797/797 785/785/785
f 785/785/785 797/797/797 799/799/799
f 785/785/785 799/799/799 787/787/787
f 776/776/776 777/777/777 789/789/789
f 776/776/776 789/789/789 788/788/788
f 992/992/992 786/786/786 798/798/798
f 993/993/993 799/799/799 787/787/787
f 788/788/788 790/790/790 802/802/802
f 788/788/788 802/802/802 800/800/800
f 790/790/790 792/792/792 804/804/804
f 790/790/790 804/804/804 802/802/802
f 792/792/792 794/794/794 806/806/806
f 792/792/792 806/806/806 804/804/804
f 794/794/794 796/796/796 808/808/808
f 794/794/794 808/808/808 806/806/806
f 796/796/796 798/798/798 810/810/810
f 796/796/796 810/810/810 808/808/808
f 789/789/789 801/801/801 803/803/803
f 789/789/789 803/803/803 791/791/791
f 791/791/791 803/803/803 805/805/805
f 791/791/791 805/805/805 793/793/793
f 793/793/793 805/805/805 807/807/807
f 793/793/793 807/807/807 795/795/795
f 795/795/795 807/807/807 809/809/809
f 795/795/795 809/809/809 797/797/797
f 797/797/797 809/809/809 811/811/811
f 797/797/797 811/811/811 799/799/799
f 788/788/788 789/789/789 801/801/801
f 788/788/788 801/801/801 800/800/800
f 992/992/992 798/798/798 810/810/810
f 993/993/993 811/811/811 799/799/799
f 800/800/800 802/802/802 814/814/814
f 800/800/800 814/814/814 812/812/812
f 802/802/802 804/804/804 816/816/816
f 802/802/802 816/816/816 814/814/814
f 804/804/804 806/806/806 818/818/818
f 804/804/804 818/818/818 816/816/816
f 806/806/806 808/808/808 820/820/820
f 806/806/806 820/820/820 818/818/818
f 808/808/808 810/810/810 822/822/822
f 808/808/808 822/822/822 820/820/820
f 801/801/801 813/813/813 815/815/815
f 801/801/801 815/815/815 803/803/803
f 803/803/803 815/815/815 817/817/817
f 803/803/803 817/817/817 805/805/805
f 805/805/805 817/817/817 819/819/819
f 805/805/805 819/819/819 807/807/807
f 807/807/807 819/819/819 821/821/821
f 807/807/807 821/821/821 809/809/809
f 809/809/809 821/821/821 823/823/823
f 809/809/809 823/823/823 811/811/811
f 800/800/800 801/801/801 813/813/813
f 800/800/800 813/813/813 812/812/812
f 992/992/992 810/810/810 822/822/822
f 993/993/993 823/823/823 811/811/811
f 812/812/812 814/814/814 826/826/826
f 812/812/812 826/826/826 824/824/824
f 814/814/814 816/816/816 828/828/828
f 814/814/814 828/828/828 826/826/826
f 816/816/816 818/818/818 830/830/830
f 816/816/816 830/830/830 828/828/828
f 818/818/818 820/820/820 832/832/832
f 818/818/818 832/832/832 830/830/830
f 820/820/820 822/822/822 834/834/834
f 820/820/820 834/834/834 832/832/832
f 813/813/813 825/825/825 827/827/827
f 813/813/813 827/827/827 815/815/815
f 815/815/815 827/827/827 829/829/829
f 815/815/815 829/829/829 817/817/817
f 817/817/817 829/829/829 831/831/831
f 817/817/817 831/831/831 819/819/819
f 819/819/819 831/831/831 833/833/833
f 819/819/819 833/833/833 821/821/821
f 821/821/821 833/833/833 835/835/835
f 821/821/821 835/835/835 823/823/823
f 812/812/812 813/813/813 825/825/825
f 812/812/812 825/825/825 824/824/824
f 992/992/992 822/822/822 834/834/834
f 993/993/993 835/835/835 823/823/823
f 824/824/824 826/826/826 838/838/838
f 824/824/824 838/838/838 836/836/836
f 826/826/826 828/828/828 840/840/840
f 826/826/826 840/840/840 838/838/838
f 828/828/828 830/830/830 842/842/842
f 828/828/828 842/842/842 840/840/840
f 830/830/830 832/832/832 844/844/844
f 830/830/830 844/844/844 842/842/842
f 832/832/832 834/834/834 846/846/846
f 832/832/832 846/846/846 844/844/844
f 825/825/825 837/837/837 839/839/839
f 825/825/825 839/839/839 827/827/827
f 827/827/827 839/839/839 841/841/841
f 827/827/827 841/841/841 829/829/829
f 829/829/829 841/841/841 843/843/843
f 829/829/829 843/843/843 831/831/831
f 831/831/831 843/843/843 845/845/845
f 831/831/831 845/845/845 833/833/833
f 833/833/833 845/845/845 847/847/847
f 833/833/833 847/847/847 835/835/835
f 824/824/824 825/825/825 837/837/837
f 824/824/824 837/837/837 836/836/836
f 992/992/992 834/834/834 846/846/846
f 993/993/993 847/847/847 835/835/835
f 836/836/836 838/838/838 850/850/850
f 836/836/836 850/850/850 848/848/848
f 838/838/838 840/840/840 852/852/852
f 838/838/838 852/852/852 850/850/850
f 840/840/840 842/842/842 854/854/854
f 840/840/840 854/854/854 852/852/852
f 842/842/842 844/844/844 856/856/856
f 842/842/842 856/856/856 854/854/854
f 844/844/844 846/846/846 858/858/858
f 844/844/844 858/858/858 856/856/856
f 837/837/837 849/849/849 851/851/851
f 837/837/837 851/851/851 839/839/839
f 839/839/839 851/851/851 853/853/853
f 839/839/839 853/853/853 841/841/841
f 841/841/841 853/853/853 855/855/855
f 841/841/841 855/855/855 843/843/843
f 843/843/843 855/855/855 857/857/857
f 843/843/843 857/857/857 845/845/845
f 845/845/845 857/857/857 859/859/859
f 845/845/845 859/859/859 847/847/847
f 836/836/836 837/837/837 849/849/849
f 836/836/836 849/849/849 848/848/848
f 992/992/992 846/846/846 858/858/858
f 993/993/993 859/859/859 847/847/847
f 848/848/848 850/850/850 862/862/862
f 848/848/848 862/862/862 860/860/860
f 850/850/850 852/852/852 864/864/864
f 850/850/850 864/864/864 862/862/862
f 852/852/852 854/854/854 866/866/866
f 852/852/852 866/866/866 864/864/864
f 854/854/854 856/856/856 868/868/868
f 854/854/854 868/868/868 866/866/866
f 856/856/856 858/858/858 870/870/870
f 856/856/856 870/870/870 868/868/868
f 849/849/849 861/861/861 863/863/863
f 849/849/849 863/863/863 851/851/851
f 851/851/851 863/863/863 865/865/865
f 851/851/851 865/865/865 853/853/853
f 853/853/853 865/865/865 867/867/867
f 853/853/853 867/867/867 855/855/855
f 855/855/855 867/867/867 869/869/869
f 855/855/855 869/869/869 857/857/857
f 857/857/857 869/869/869 871/871/871
f 857/857/857 871/871/871 859/859/859
f 848/848/848 849/849/849 861/861/861
f 848/848/848 861/861/861 860/860/860
f 992/992/992 858/858/858 870/870/870
f 993/993/993 871/871/871 859/859/859
f 860/860/860 862/862/862 874/874/874
f 860/860/860 874/874/874 872/872/872
f 862/862/862 864/864/864 876/876/876
f 862/862/862 876/876/876 874/874/874
f 864/864/864 866/866/866 878/878/878
f 864/864/864 878/878/878 876/876/876
f 866/866/866 868/868/868 880/880/880
f 866/866/866 880/880/880 878/878/878
f 868/868/868 870/870/870 882/882/882
f 868/868/868 882/882/882 880/880/880
f 861/861/861 873/873/873 875/875/875
f 861/861/861 875/875/875 863/863/863
f 863/863/863 875/875/875 877/877/877
f 863/863/863 877/877/877 865/865/865
f 865/865/865 877/877/877 879/879/879
f 865/865/865 879/879/879 867/867/867
f 867/867/867 879/879/879 881/881/881
f 867/867/867 881/881/881 869/869/869
f 869/869/869 881/881/881 883/883/883
f 869/869/869 883/883/883 871/871/871
f 860/860/860 861/861/861 873/873/873
f 860/860/860 873/873/873 872/872/872
f 992/992/992 870/870/870 882/882/882
f 993/993/993 883/883/883 871/871/871
f 872/872/872 874/874/874 886/886/886
f 872/872/872 886/886/886 884/884/884
f 874/874/874 876/876/876 888/888/888
f 874/874/874 888/888/888 886/886/886
f 876/876/876 878/878/878 890/890/890
f 876/876/876 890/890/890 888/888/888
f 878/878/878 880/880/880 892/892/892
f 878/878/878 892/892/892 890/890/890
f 880/880/880 882/882/882 894/894/894
f 880/880/880 894/894/894 892/892/892
f 873/873/873 885/885/885 887/887/887
f 873/873/873 887/887/887 875/875/875
f 875/875/875 887/887/887 889/889/889
f 875/875/875 889/889/889 877/877/877
f 877/877/877 889/889/889 891/891/891
f 877/877/877 891/891/891 879/879/879
f 879/879/879 891/891/891 893/893/893
f 879/879/879 893/893/893 881/881/881
f 881/881/881 893/893/893 895/895/895
f 881/881/881 895/895/895 883/883/883
f 872/872/872 873/873/873 885/885/885
f 872/872/872 885/885/885 884/884/884
f 992/992/992 882/882/882 894/894/894
f 993/993/993 895/895/895 883/883/883
f 884/884/884 886/886/886 898/898/898
f 884/884/884 898/898/898 896/896/896
f 886/886/886 888/888/888 900/900/900
f 886/886/886 900/900/900 898/898/898
f 888/888/888 890/890/890 902/902/902
f 888/888/888 902/902/902 900/900/900
f 890/890/890 892/892/892 904/904/904
f 890/890/890 904/904/904 902/902/902
f 892/892/892 894/894/894 906/906/906
f 892/892/892 906/906/906 904/904/904
f 885/885/885 897/897/897 899/899/899
f 885/885/885 899/899/899 887/887/887
f 887/887/887 899/899/899 901/901/901
f 887/887/887 901/901/901 889/889/889
f 889/889/889 901/901/901 903/903/903
f 889/889/889 903/903/903 891/891/891
f 891/891/891 903/903/903 905/905/905
f 891/891/891 905/905/905 893/893/893
f 893/893/893 905/905/905 907/907/907
f 893/893/893 907/907/907 895/895/895
f 884/884/884 885/885/885 897/897/897
f 884/884/884 897/897/897 896/896/896
f 992/992/992 894/894/894 906/906/906
f 993/993/993 907/907/907 895/895/895
f 896/896/896 898/898/898 910/910/910
f 896/896/896 910/910/910 908/908/908
f 898/898/898 900/900/900 912/912/912
f 898/898/898 912/912/912 910/910/910
f 900/900/900 902/902/902 914/914/914
f 900/900/900 914/914/914 912/912/912
f 902/902/902 904/904/904 916/916/916
f 902/902/902 916/916/916 914/914/914
f 904/904/904 906/906/906 918/918/918
f 904/904/904 918/918/918 916/916/916
f 897/897/897 909/909/909 911/911/911
f 897/897/897 911/911/911 899/899/899
f 899/899/899 911/911/911 913/913/913
f 899/899/899 913/913/913 901/901/901
f 901/901/901 913/913/913 915/915/915
f 901/901/901 915/915/915 903/903/903
f 903/903/903 915/915/915 917/917/917
f 903/903/903 917/917/917 905/905/905
f 905/905/905 917/917/917 919/919/919
f 905/905/905 919/919/919 907/907/907
f 896/896/896 897/897/897 909/909/909
f 896/896/896 909/909/909 908/908/908
f 992/992/992 906/906/906 918/918/918
f 993/993/993 919/919/919 907/907/907
f 908/908/908 910/910/910 922/922/922
f 908/908/908 922/922/922 920/920/920
f 910/910/910 912/912/912 924/924/924
f 910/910/910 924/924/924 922/922/922
f 912/912/912 914/914/914 926/926/926
f 912/912/912 926/926/926 924/924/924
f 914/914/914 916/916/916 928/928/928
f 914/914/914 928/928/928 926/926/926
f 916/916/916 918/918/918 930/930/930
f 916/916/916 930/930/930 928/928/928
f 909/909/909 921/921/921 923/923/923
f 909/909/909 923/923/923 911/911/911
f 911/911/911 923/923/923 925/925/925
f 911/911/911 925/925/925 913/913/913
f 913/913/913 925/925/925 927/927/927
f 913/913/913 927/927/927 915/915/915
f 915/915/915 927/927/927 929/929/929
f 915/915/915 929/929/929 917/917/917
f 917/917/917 929/929/929 931/931/931
f 917/917/917 931/931/931 919/919/919
f 908/908/908 909/909/909 921/921/921
f 908/908/908 921/921/921 920/920/920
f 992/992/992 918/918/918 930/930/930
f 993/993/993 931/931/931 919/919/919
f 920/920/920 922/922/922 934/934/934
f 920/920/920 934/934/934 932/932/932
f 922/922/922 924/924/924 936/936/936
f 922/922/922 936/936/936 934/934/934
f 924/924/924 926/926/926 938/938/938
f 924/924/924 938/938/938 936/936/936
f 926/926/926 928/928/928 940/940/940
f 926/926/926 940/940/940 938/938/938
f 928/928/928 930/930/930 942/942/942
f 928/928/928 942/942/942 940/940/940
f 921/921/921 933/933/933 935/935/935
f 921/921/921 935/935/935 923/923/923
f 923/923/923 935/935/935 937/937/937
f 923/923/923 937/937/937 925/925/925
f 925/925/925 937/937/937 939/939/939
f 925/925/925 939/939/939 927/927/927
f 927/927/927 939/939/939 941/941/941
f 927/927/927 941/941/941 929/929/929
f 929/929/929 941/941/941 943/943/943
f 929/929/929 943/943/943 931/931/931
f 920/920/920 921/921/921 933/933/933
f 920/920/920 933/933/933 932/932/932
f 992/992/992 930/930/930 942/942/942
f 993/993/993 943/943/943 931/931/931
f 932/932/932 934/934/934 946/946/946
f 932/932/932 946/946/946 944/944/944
f 934/934/934 936/936/936 948/948/948
f 934/934/934 948/948/948 946/946/946
f 936/936/936 938/938/938 950/950/950
f 936/936/936 950/950/950 948/948/948
f 938/938/938 940/940/940 952/952/952
f 938/938/938 952/952/952 950/950/950
f 940/940/940 942/942/942 954/954/954
f 940/940/940 954/954/954 952/952/952
f 933/933/933 945/945/945 947/947/947
f 933/933/933 947/947/947 935/935/935
f 935/935/935 947/947/947 949/949/949
f 935/935/935 949/949/949 937/937/937
f 937/937/937 949/949/949 951/951/951
f 937/937/937 951/951/951 939/939/939
f 939/939/939 951/951/951 953/953/953
f 939/939/939 953/953/953 941/941/941
f 941/941/941 953/953/953 955/955/955
f 941/941/941 955/955/955 943/943/943
f 932/932/932 933/933/933 945/945/945
f 932/932/932 945/945/945 944/944/944
f 992/992/992 942/942/942 954/954/954
f 993/993/993 955/955/955 943/943/943
f 944/944/944 946/946/946 958/958/958
f 944/944/944 958/958/958 956/956/956
f 946/946/946 948/948/948 960/960/960
f 946/946/946 960/960/960 958/958/958
f 948/948/948 950/950/950 962/962/962
f 948/948/948 962/962/962 960/960/960
f 950/950/950 952/952/952 964/964/964
f 950/950/950 964/964/964 962/962/962
f 952/952/952 954/954/954 966/966/966
f 952/952/952 966/966/966 964/964/964
f 945/945/945 957/957/957 959/959/959
f 945/945/945 959/959/959 947/947/947
f 947/947/947 959/959/959 961/961/961
f 947/947/947 961/961/961 949/949/949
f 949/949/949 961/961/961 963/963/963
f 949/949/949 963/963/963 951/951/951
f 951/951/951 963/963/963 965/965/965
f 951/951/951 965/965/965 953/953/953
f 953/953/953 965/965/965 967/967/967
f 953/953/953 967/967/967 955/955/955
f 944/944/944 945/945/945 957/957/957
f 944/944/944 957/957/957 956/956/956
f 992/992/992 954/954/954 966/966/966
f 993/993/993 967/967/967 955/955/955
f 956/956/956 958/958/958 970/970/970
f 956/956/956 970/970/970 968/968/968
f 958/958/958 960/960/960 972/972/972
f 958/958/958 972/972/972 970/970/970
f 960/960/960 962/962/962 974/974/974
f 960/960/960 974/974/974 972/972/972
f 962/962/962 964/964/964 976/976/976
f 962/962/962 976/976/976 974/974/974
f 964/964/964 966/966/966 978/978/978
f 964/964/964 978/978/978 976/976/976
f 957/957/957 969/969/969 971/971/971
f 957/957/957 971/971/971 959/959/959
f 959/959/959 971/971/971 973/973/973
f 959/959/959 973/973/973 961/961/961
f 961/961/961 973/973/973 975/975/975
f 961/961/961 975/975/975 963/963/963
f 963/963/963 975/975/975 977/977/977
f 963/963/963 977/977/977 965/965/965
f 965/965/965 977/977/977 979/979/979
f 965/965/965 979/979/979 967/967/967
f 956/956/956 957/957/957 969/969/969
f 956/956/956 969/969/969 968/968/968
f 992/992/992 966/966/966 978/978/978
f 993/993/993 979/979/979 967/967/967
f 968/968/968 970/970/970 982/982/982
f 968/968/968 982/982/982 980/980/980
f 970/970/970 972/972/972 984/984/984
f 970/970/970 984/984/984 982/982/982
f 972/972/972 974/974/974 986/986/986
f 972/972/972 986/986/986 984/984/984
f 974/974/974 976/976/976 988/988/988
f 974/974/974 988/988/988 986/986/986
f 976/976/976 978/978/978 990/990/990
f 976/976/976 990/990/990 988/988/988
f 969/969/969 981/981/981 983/983/983
f 969/969/969 983/983/983 971/971/971
f 971/971/971 983/983/983 985/985/985
f 971/971/971 985/985/985 973/973/973
f 973/973/973 985/985/985 987/987/987
f 973/973/973 987/987/987 975/975/975
f 975/975/975 987/987/987 989/989/989
f 975/975/975 989/989/989 977/977/977
f 977/977/977 989/989/989 991/991/991
f 977/977/977 991/991/991 979/979/979
f 968/968/968 969/969/969 981/981/981
f 968/968/968 981/981/981 980/980/980
f 992/992/992 978/978/978 990/990/990
f 993/993/993 991/991/991 979/979/979
f 980/980/980 982/982/982 706/706/706
f 980/980/980 706/706/706 704/704/704
f 982/982/982 984/984/984 708/708/708
f 982/982/982 708/708/708 706/706/706
f 984/984/984 986/986/986 710/710/710
f 984/984/984 710/710/710 708/708/708
f 986/986/986 988/988/988 712/712/712
f 986/986/986 712/712/712 710/710/710
f 988/988/988 990/990/990 714/714/714
f 988/988/988 714/714/714 712/712/712
f 981/981/981 705/705/705 707/707/707
f 981/981/981 707/707/707 983/983/983
f 983/983/983 707/707/707 709/709/709
f 983/983/983 709/709/709 985/985/985
f 985/985/985 709/709/709 711/711/711
f 985/985/985 711/711/711 987/987/987
f 987/987/987 711/711/711 713/713/713
f 987/987/987 713/713/713 989/989/989
f 989/989/989 713/713/713 715/715/715
f 989/989/989 715/715/715 991/991/991
f 980/980/980 981/981/981 705/705/705
f 980/980/980 705/705/705 704/704/704
f 992/992/992 990/990/990 714/714/714
f 993/993/993 715/715/715 991/991/991

g Wheels_FrontRight
usemtl Mat_Wheel_PBR
v 1.3000 0.5200 4.1200
v 1.0000 0.5200 4.1200
v 1.2925 0.5200 4.0992
v 1.0075 0.5200 4.0992
v 1.2730 0.5200 4.0056
v 1.0270 0.5200 4.0056
v 1.2400 0.5200 3.9848
v 1.0600 0.5200 3.9848
v 1.2025 0.5200 3.8340
v 1.0975 0.5200 3.8340
v 1.2100 0.5200 3.7456
v 1.0900 0.5200 3.7456
v 1.3000 0.6546 4.1023
v 1.0000 0.6546 4.1023
v 1.2925 0.6492 4.0822
v 1.0075 0.6492 4.0822
v 1.2730 0.6250 3.9918
v 1.0270 0.6250 3.9918
v 1.2400 0.6196 3.9717
v 1.0600 0.6196 3.9717
v 1.2025 0.5806 3.8260
v 1.0975 0.5806 3.8260
v 1.2100 0.5577 3.7406
v 1.0900 0.5577 3.7406
v 1.3000 0.7800 4.0503
v 1.0000 0.7800 4.0503
v 1.2925 0.7696 4.0323
v 1.0075 0.7696 4.0323
v 1.2730 0.7228 3.9513
v 1.0270 0.7228 3.9513
v 1.2400 0.7124 3.9332
v 1.0600 0.7124 3.9332
v 1.2025 0.6370 3.8026
v 1.0975 0.6370 3.8026
v 1.2100 0.5928 3.7261
v 1.0900 0.5928 3.7261
v 1.3000 0.8877 3.9677
v 1.0000 0.8877 3.9677
v 1.2925 0.8730 3.9530
v 1.0075 0.8730 3.9530
v 1.2730 0.8068 3.8868
v 1.0270 0.8068 3.8868
v 1.2400 0.7921 3.8721
v 1.0600 0.7921 3.8721
v 1.2025 0.6855 3.7655
v 1.0975 0.6855 3.7655
v 1.2100 0.6230 3.7030
v 1.0900 0.6230 3.7030
v 1.3000 0.9703 3.8600
v 1.0000 0.9703 3.8600
v 1.2925 0.9523 3.8496
v 1.0075 0.9523 3.8496
v 1.2730 0.8713 3.8028
v 1.0270 0.8713 3.8028
v 1.2400 0.8532 3.7924
v 1.0600 0.8532 3.7924
v 1.2025 0.7226 3.7170
v 1.0975 0.7226 3.7170
v 1.2100 0.6461 3.6728
v 1.0900 0.6461 3.6728
v 1.3000 1.0223 3.7346
v 1.0000 1.0223 3.7346
v 1.2925 1.0022 3.7292
v 1.0075 1.0022 3.7292
v 1.2730 0.9118 3.7050
v 1.0270 0.9118 3.7050
v 1.2400 0.8917 3.6996
v 1.0600 0.8917 3.6996
v 1.2025 0.7460 3.6606
v 1.0975 0.7460 3.6606
v 1.2100 0.6606 3.6377
v 1.0900 0.6606 3.6377
v 1.3000 1.0400 3.6000
v 1.0000 1.0400 3.6000
v 1.2925 1.0192 3.6000
v 1.0075 1.0192 3.6000
v 1.2730 0.9256 3.6000
v 1.0270 0.9256 3.6000
v 1.2400 0.9048 3.6000
v 1.0600 0.9048 3.6000
v 1.2025 0.7540 3.6000
v 1.0975 0.7540 3.6000
v 1.2100 0.6656 3.6000
v 1.0900 0.6656 3.6000
v 1.3000 1.0223 3.4654
v 1.0000 1.0223 3.4654
v 1.2925 1.0022 3.4708
v 1.0075 1.0022 3.4708
v 1.2730 0.9118 3.4950
v 1.0270 0.9118 3.4950
v 1.2400 0.8917 3.5004
v 1.0600 0.8917 3.5004
v 1.2025 0.7460 3.5394
v 1.0975 0.7460 3.5394
v 1.2100 0.6606 3.5623
v 1.0900 0.6606 3.5623
v 1.3000 0.9703 3.3400
v 1.0000 0.9703 3.3400
v 1.2925 0.9523 3.3504
v 1.0075 0.9523 3.3504
v 1.2730 0.8713 3.3972
v 1.0270 0.8713 3.3972
v 1.2400 0.8532 3.4076
v 1.0600 0.8532 3.4076
v 1.2025 0.7226 3.4830
v 1.0975 0.7226 3.4830
v 1.2100 0.6461 3.5272
v 1.0900 0.6461 3.5272
v 1.3000 0.8877 3.2323
v 1.0000 0.8877 3.2323
v 1.2925 0.8730 3.2470
v 1.0075 0.8730 3.2470
v 1.2730 0.8068 3.3132
v 1.0270 0.8068 3.3132
v 1.2400 0.7921 3.3279
v 1.0600 0.7921 3.3279
v 1.2025 0.6855 3.4345
v 1.0975 0.6855 3.4345
v 1.2100 0.6230 3.4970
v 1.0900 0.6230 3.4970
v 1.3000 0.7800 3.1497
v 1.0000 0.7800 3.1497
v 1.2925 0.7696 3.1677
v 1.0075 0.7696 3.1677
v 1.2730 0.7228 3.2487
v 1.0270 0.7228 3.2487
v 1.2400 0.7124 3.2668
v 1.0600 0.7124 3.2668
v 1.2025 0.6370 3.3974
v 1.0975 0.6370 3.3974
v 1.2100 0.5928 3.4739
v 1.0900 0.5928 3.4739
v 1.3000 0.6546 3.0977
v 1.0000 0.6546 3.0977
v 1.2925 0.6492 3.1178
v 1.0075 0.6492 3.1178
v 1.2730 0.6250 3.2082
v 1.0270 0.6250 3.2082
v 1.2400 0.6196 3.2283
v 1.0600 0.6196 3.2283
v 1.2025 0.5806 3.3740
v 1.0975 0.5806 3.3740
v 1.2100 0.5577 3.4594
v 1.0900 0.5577 3.4594
v 1.3000 0.5200 3.0800
v 1.0000 0.5200 3.0800
v 1.2925 0.5200 3.1008
v 1.0075 0.5200 3.1008
v 1.2730 0.5200 3.1944
v 1.0270 0.5200 3.1944
v 1.2400 0.5200 3.2152
v 1.0600 0.5200 3.2152
v 1.2025 0.5200 3.3660
v 1.0975 0.5200 3.3660
v 1.2100 0.5200 3.4544
v 1.0900 0.5200 3.4544
v 1.3000 0.3854 3.0977
v 1.0000 0.3854 3.0977
v 1.2925 0.3908 3.1178
v 1.0075 0.3908 3.1178
v 1.2730 0.4150 3.2082
v 1.0270 0.4150 3.2082
v 1.2400 0.4204 3.2283
v 1.0600 0.4204 3.2283
v 1.2025 0.4594 3.3740
v 1.0975 0.4594 3.3740
v 1.2100 0.4823 3.4594
v 1.0900 0.4823 3.4594
v 1.3000 0.2600 3.1497
v 1.0000 0.2600 3.1497
v 1.2925 0.2704 3.1677
v 1.0075 0.2704 3.1677
v 1.2730 0.3172 3.2487
v 1.0270 0.3172 3.2487
v 1.2400 0.3276 3.2668
v 1.0600 0.3276 3.2668
v 1.2025 0.4030 3.3974
v 1.0975 0.4030 3.3974
v 1.2100 0.4472 3.4739
v 1.0900 0.4472 3.4739
v 1.3000 0.1523 3.2323
v 1.0000 0.1523 3.2323
v 1.2925 0.1670 3.2470
v 1.0075 0.1670 3.2470
v 1.2730 0.2332 3.3132
v 1.0270 0.2332 3.3132
v 1.2400 0.2479 3.3279
v 1.0600 0.2479 3.3279
v 1.2025 0.3545 3.4345
v 1.0975 0.3545 3.4345
v 1.2100 0.4170 3.4970
v 1.0900 0.4170 3.4970
v 1.3000 0.0697 3.3400
v 1.0000 0.0697 3.3400
v 1.2925 0.0877 3.3504
v 1.0075 0.0877 3.3504
v 1.2730 0.1687 3.3972
v 1.0270 0.1687 3.3972
v 1.2400 0.1868 3.4076
v 1.0600 0.1868 3.4076
v 1.2025 0.3174 3.4830
v 1.0975 0.3174 3.4830
v 1.2100 0.3939 3.5272
v 1.0900 0.3939 3.5272
v 1.3000 0.0177 3.4654
v 1.0000 0.0177 3.4654
v 1.2925 0.0378 3.4708
v 1.0075 0.0378 3.4708
v 1.2730 0.1282 3.4950
v 1.0270 0.1282 3.4950
v 1.2400 0.1483 3.5004
v 1.0600 0.1483 3.5004
v 1.2025 0.2940 3.5394
v 1.0975 0.2940 3.5394
v 1.2100 0.3794 3.5623
v 1.0900 0.3794 3.5623
v 1.3000 0.0000 3.6000
v 1.0000 0.0000 3.6000
v 1.2925 0.0208 3.6000
v 1.0075 0.0208 3.6000
v 1.2730 0.1144 3.6000
v 1.0270 0.1144 3.6000
v 1.2400 0.1352 3.6000
v 1.0600 0.1352 3.6000
v 1.2025 0.2860 3.6000
v 1.0975 0.2860 3.6000
v 1.2100 0.3744 3.6000
v 1.0900 0.3744 3.6000
v 1.3000 0.0177 3.7346
v 1.0000 0.0177 3.7346
v 1.2925 0.0378 3.7292
v 1.0075 0.0378 3.7292
v 1.2730 0.1282 3.7050
v 1.0270 0.1282 3.7050
v 1.2400 0.1483 3.6996
v 1.0600 0.1483 3.6996
v 1.2025 0.2940 3.6606
v 1.0975 0.2940 3.6606
v 1.2100 0.3794 3.6377
v 1.0900 0.3794 3.6377
v 1.3000 0.0697 3.8600
v 1.0000 0.0697 3.8600
v 1.2925 0.0877 3.8496
v 1.0075 0.0877 3.8496
v 1.2730 0.1687 3.8028
v 1.0270 0.1687 3.8028
v 1.2400 0.1868 3.7924
v 1.0600 0.1868 3.7924
v 1.2025 0.3174 3.7170
v 1.0975 0.3174 3.7170
v 1.2100 0.3939 3.6728
v 1.0900 0.3939 3.6728
v 1.3000 0.1523 3.9677
v 1.0000 0.1523 3.9677
v 1.2925 0.1670 3.9530
v 1.0075 0.1670 3.9530
v 1.2730 0.2332 3.8868
v 1.0270 0.2332 3.8868
v 1.2400 0.2479 3.8721
v 1.0600 0.2479 3.8721
v 1.2025 0.3545 3.7655
v 1.0975 0.3545 3.7655
v 1.2100 0.4170 3.7030
v 1.0900 0.4170 3.7030
v 1.3000 0.2600 4.0503
v 1.0000 0.2600 4.0503
v 1.2925 0.2704 4.0323
v 1.0075 0.2704 4.0323
v 1.2730 0.3172 3.9513
v 1.0270 0.3172 3.9513
v 1.2400 0.3276 3.9332
v 1.0600 0.3276 3.9332
v 1.2025 0.4030 3.8026
v 1.0975 0.4030 3.8026
v 1.2100 0.4472 3.7261
v 1.0900 0.4472 3.7261
v 1.3000 0.3854 4.1023
v 1.0000 0.3854 4.1023
v 1.2925 0.3908 4.0822
v 1.0075 0.3908 4.0822
v 1.2730 0.4150 3.9918
v 1.0270 0.4150 3.9918
v 1.2400 0.4204 3.9717
v 1.0600 0.4204 3.9717
v 1.2025 0.4594 3.8260
v 1.0975 0.4594 3.8260
v 1.2100 0.4823 3.7406
v 1.0900 0.4823 3.7406
v 1.2100 0.5200 3.6000
v 1.0900 0.5200 3.6000
vn 0.5000 0.0000 0.5000
vn -0.5000 0.0000 0.5000
vn 0.5000 0.0000 0.5000
vn -0.5000 0.0000 0.5000
vn 0.5000 0.0000 0.5000
vn -0.5000 0.0000 0.5000
vn 0.5000 0.0000 0.5000
vn -0.5000 0.0000 0.5000
vn 0.5000 0.0000 0.5000
vn -0.5000 0.0000 0.5000
vn 0.5000 0.0000 0.5000
vn -0.5000 0.0000 0.5000
vn 0.5000 0.1294 0.4830
vn -0.5000 0.1294 0.4830
vn 0.5000 0.1294 0.4830
vn -0.5000 0.1294 0.4830
vn 0.5000 0.1294 0.4830
vn -0.5000 0.1294 0.4830
vn 0.5000 0.1294 0.4830
vn -0.5000 0.1294 0.4830
vn 0.5000 0.1294 0.4830
vn -0.5000 0.1294 0.4830
vn 0.5000 0.1294 0.4830
vn -0.5000 0.1294 0.4830
vn 0.5000 0.2500 0.4330
vn -0.5000 0.2500 0.4330
vn 0.5000 0.2500 0.4330
vn -0.5000 0.2500 0.4330
vn 0.5000 0.2500 0.4330
vn -0.5000 0.2500 0.4330
vn 0.5000 0.2500 0.4330
vn -0.5000 0.2500 0.4330
vn 0.5000 0.2500 0.4330
vn -0.5000 0.2500 0.4330
vn 0.5000 0.2500 0.4330
vn -0.5000 0.2500 0.4330
vn 0.5000 0.3536 0.3536
vn -0.5000 0.3536 0.3536
vn 0.5000 0.3536 0.3536
vn -0.5000 0.3536 0.3536
vn 0.5000 0.3536 0.3536
vn -0.5000 0.3536 0.3536
vn 0.5000 0.3536 0.3536
vn -0.5000 0.3536 0.3536
vn 0.5000 0.3536 0.3536
vn -0.5000 0.3536 0.3536
vn 0.5000 0.3536 0.3536
vn -0.5000 0.3536 0.3536
vn 0.5000 0.4330 0.2500
vn -0.5000 0.4330 0.2500
vn 0.5000 0.4330 0.2500
vn -0.5000 0.4330 0.2500
vn 0.5000 0.4330 0.2500
vn -0.5000 0.4330 0.2500
vn 0.5000 0.4330 0.2500
vn -0.5000 0.4330 0.2500
vn 0.5000 0.4330 0.2500
vn -0.5000 0.4330 0.2500
vn 0.5000 0.4330 0.2500
vn -0.5000 0.4330 0.2500
vn 0.5000 0.4830 0.1294
vn -0.5000 0.4830 0.1294
vn 0.5000 0.4830 0.1294
vn -0.5000 0.4830 0.1294
vn 0.5000 0.4830 0.1294
vn -0.5000 0.4830 0.1294
vn 0.5000 0.4830 0.1294
vn -0.5000 0.4830 0.1294
vn 0.5000 0.4830 0.1294
vn -0.5000 0.4830 0.1294
vn 0.5000 0.4830 0.1294
vn -0.5000 0.4830 0.1294
vn 0.5000 0.5000 0.0000
vn -0.5000 0.5000 0.0000
vn 0.5000 0.5000 0.0000
vn -0.5000 0.5000 0.0000
vn 0.5000 0.5000 0.0000
vn -0.5000 0.5000 0.0000
vn 0.5000 0.5000 0.0000
vn -0.5000 0.5000 0.0000
vn 0.5000 0.5000 0.0000
vn -0.5000 0.5000 0.0000
vn 0.5000 0.5000 0.0000
vn -0.5000 0.5000 0.0000
vn 0.5000 0.4830 -0.1294
vn -0.5000 0.4830 -0.1294
vn 0.5000 0.4830 -0.1294
vn -0.5000 0.4830 -0.1294
vn 0.5000 0.4830 -0.1294
vn -0.5000 0.4830 -0.1294
vn 0.5000 0.4830 -0.1294
vn -0.5000 0.4830 -0.1294
vn 0.5000 0.4830 -0.1294
vn -0.5000 0.4830 -0.1294
vn 0.5000 0.4830 -0.1294
vn -0.5000 0.4830 -0.1294
vn 0.5000 0.4330 -0.2500
vn -0.5000 0.4330 -0.2500
vn 0.5000 0.4330 -0.2500
vn -0.5000 0.4330 -0.2500
vn 0.5000 0.4330 -0.2500
vn -0.5000 0.4330 -0.2500
vn 0.5000 0.4330 -0.2500
vn -0.5000 0.4330 -0.2500
vn 0.5000 0.4330 -0.2500
vn -0.5000 0.4330 -0.2500
vn 0.5000 0.4330 -0.2500
vn -0.5000 0.4330 -0.2500
vn 0.5000 0.3536 -0.3536
vn -0.5000 0.3536 -0.3536
vn 0.5000 0.3536 -0.3536
vn -0.5000 0.3536 -0.3536
vn 0.5000 0.3536 -0.3536
vn -0.5000 0.3536 -0.3536
vn 0.5000 0.3536 -0.3536
vn -0.5000 0.3536 -0.3536
vn 0.5000 0.3536 -0.3536
vn -0.5000 0.3536 -0.3536
vn 0.5000 0.3536 -0.3536
vn -0.5000 0.3536 -0.3536
vn 0.5000 0.2500 -0.4330
vn -0.5000 0.2500 -0.4330
vn 0.5000 0.2500 -0.4330
vn -0.5000 0.2500 -0.4330
vn 0.5000 0.2500 -0.4330
vn -0.5000 0.2500 -0.4330
vn 0.5000 0.2500 -0.4330
vn -0.5000 0.2500 -0.4330
vn 0.5000 0.2500 -0.4330
vn -0.5000 0.2500 -0.4330
vn 0.5000 0.2500 -0.4330
vn -0.5000 0.2500 -0.4330
vn 0.5000 0.1294 -0.4830
vn -0.5000 0.1294 -0.4830
vn 0.5000 0.1294 -0.4830
vn -0.5000 0.1294 -0.4830
vn 0.5000 0.1294 -0.4830
vn -0.5000 0.1294 -0.4830
vn 0.5000 0.1294 -0.4830
vn -0.5000 0.1294 -0.4830
vn 0.5000 0.1294 -0.4830
vn -0.5000 0.1294 -0.4830
vn 0.5000 0.1294 -0.4830
vn -0.5000 0.1294 -0.4830
vn 0.5000 0.0000 -0.5000
vn -0.5000 0.0000 -0.5000
vn 0.5000 0.0000 -0.5000
vn -0.5000 0.0000 -0.5000
vn 0.5000 0.0000 -0.5000
vn -0.5000 0.0000 -0.5000
vn 0.5000 0.0000 -0.5000
vn -0.5000 0.0000 -0.5000
vn 0.5000 0.0000 -0.5000
vn -0.5000 0.0000 -0.5000
vn 0.5000 0.0000 -0.5000
vn -0.5000 0.0000 -0.5000
vn 0.5000 -0.1294 -0.4830
vn -0.5000 -0.1294 -0.4830
vn 0.5000 -0.1294 -0.4830
vn -0.5000 -0.1294 -0.4830
vn 0.5000 -0.1294 -0.4830
vn -0.5000 -0.1294 -0.4830
vn 0.5000 -0.1294 -0.4830
vn -0.5000 -0.1294 -0.4830
vn 0.5000 -0.1294 -0.4830
vn -0.5000 -0.1294 -0.4830
vn 0.5000 -0.1294 -0.4830
vn -0.5000 -0.1294 -0.4830
vn 0.5000 -0.2500 -0.4330
vn -0.5000 -0.2500 -0.4330
vn 0.5000 -0.2500 -0.4330
vn -0.5000 -0.2500 -0.4330
vn 0.5000 -0.2500 -0.4330
vn -0.5000 -0.2500 -0.4330
vn 0.5000 -0.2500 -0.4330
vn -0.5000 -0.2500 -0.4330
vn 0.5000 -0.2500 -0.4330
vn -0.5000 -0.2500 -0.4330
vn 0.5000 -0.2500 -0.4330
vn -0.5000 -0.2500 -0.4330
vn 0.5000 -0.3536 -0.3536
vn -0.5000 -0.3536 -0.3536
vn 0.5000 -0.3536 -0.3536
vn -0.5000 -0.3536 -0.3536
vn 0.5000 -0.3536 -0.3536
vn -0.5000 -0.3536 -0.3536
vn 0.5000 -0.3536 -0.3536
vn -0.5000 -0.3536 -0.3536
vn 0.5000 -0.3536 -0.3536
vn -0.5000 -0.3536 -0.3536
vn 0.5000 -0.3536 -0.3536
vn -0.5000 -0.3536 -0.3536
vn 0.5000 -0.4330 -0.2500
vn -0.5000 -0.4330 -0.2500
vn 0.5000 -0.4330 -0.2500
vn -0.5000 -0.4330 -0.2500
vn 0.5000 -0.4330 -0.2500
vn -0.5000 -0.4330 -0.2500
vn 0.5000 -0.4330 -0.2500
vn -0.5000 -0.4330 -0.2500
vn 0.5000 -0.4330 -0.2500
vn -0.5000 -0.4330 -0.2500
vn 0.5000 -0.4330 -0.2500
vn -0.5000 -0.4330 -0.2500
vn 0.5000 -0.4830 -0.1294
vn -0.5000 -0.4830 -0.1294
vn 0.5000 -0.4830 -0.1294
vn -0.5000 -0.4830 -0.1294
vn 0.5000 -0.4830 -0.1294
vn -0.5000 -0.4830 -0.1294
vn 0.5000 -0.4830 -0.1294
vn -0.5000 -0.4830 -0.1294
vn 0.5000 -0.4830 -0.1294
vn -0.5000 -0.4830 -0.1294
vn 0.5000 -0.4830 -0.1294
vn -0.5000 -0.4830 -0.1294
vn 0.5000 -0.5000 -0.0000
vn -0.5000 -0.5000 -0.0000
vn 0.5000 -0.5000 -0.0000
vn -0.5000 -0.5000 -0.0000
vn 0.5000 -0.5000 -0.0000
vn -0.5000 -0.5000 -0.0000
vn 0.5000 -0.5000 -0.0000
vn -0.5000 -0.5000 -0.0000
vn 0.5000 -0.5000 -0.0000
vn -0.5000 -0.5000 -0.0000
vn 0.5000 -0.5000 -0.0000
vn -0.5000 -0.5000 -0.0000
vn 0.5000 -0.4830 0.1294
vn -0.5000 -0.4830 0.1294
vn 0.5000 -0.4830 0.1294
vn -0.5000 -0.4830 0.1294
vn 0.5000 -0.4830 0.1294
vn -0.5000 -0.4830 0.1294
vn 0.5000 -0.4830 0.1294
vn -0.5000 -0.4830 0.1294
vn 0.5000 -0.4830 0.1294
vn -0.5000 -0.4830 0.1294
vn 0.5000 -0.4830 0.1294
vn -0.5000 -0.4830 0.1294
vn 0.5000 -0.4330 0.2500
vn -0.5000 -0.4330 0.2500
vn 0.5000 -0.4330 0.2500
vn -0.5000 -0.4330 0.2500
vn 0.5000 -0.4330 0.2500
vn -0.5000 -0.4330 0.2500
vn 0.5000 -0.4330 0.2500
vn -0.5000 -0.4330 0.2500
vn 0.5000 -0.4330 0.2500
vn -0.5000 -0.4330 0.2500
vn 0.5000 -0.4330 0.2500
vn -0.5000 -0.4330 0.2500
vn 0.5000 -0.3536 0.3536
vn -0.5000 -0.3536 0.3536
vn 0.5000 -0.3536 0.3536
vn -0.5000 -0.3536 0.3536
vn 0.5000 -0.3536 0.3536
vn -0.5000 -0.3536 0.3536
vn 0.5000 -0.3536 0.3536
vn -0.5000 -0.3536 0.3536
vn 0.5000 -0.3536 0.3536
vn -0.5000 -0.3536 0.3536
vn 0.5000 -0.3536 0.3536
vn -0.5000 -0.3536 0.3536
vn 0.5000 -0.2500 0.4330
vn -0.5000 -0.2500 0.4330
vn 0.5000 -0.2500 0.4330
vn -0.5000 -0.2500 0.4330
vn 0.5000 -0.2500 0.4330
vn -0.5000 -0.2500 0.4330
vn 0.5000 -0.2500 0.4330
vn -0.5000 -0.2500 0.4330
vn 0.5000 -0.2500 0.4330
vn -0.5000 -0.2500 0.4330
vn 0.5000 -0.2500 0.4330
vn -0.5000 -0.2500 0.4330
vn 0.5000 -0.1294 0.4830
vn -0.5000 -0.1294 0.4830
vn 0.5000 -0.1294 0.4830
vn -0.5000 -0.1294 0.4830
vn 0.5000 -0.1294 0.4830
vn -0.5000 -0.1294 0.4830
vn 0.5000 -0.1294 0.4830
vn -0.5000 -0.1294 0.4830
vn 0.5000 -0.1294 0.4830
vn -0.5000 -0.1294 0.4830
vn 0.5000 -0.1294 0.4830
vn -0.5000 -0.1294 0.4830
vn 1.0000 0.0000 0.0000
vn -1.0000 0.0000 0.0000
vt 0.0000 0.0000
vt 0.0000 0.0000
vt 0.0000 0.1667
vt 0.0000 0.1667
vt 0.0000 0.3333
vt 0.0000 0.3333
vt 0.0000 0.5000
vt 0.0000 0.5000
vt 0.0000 0.6667
vt 0.0000 0.6667
vt 0.0000 0.8333
vt 0.0000 0.8333
vt 0.0417 0.0000
vt 0.0417 0.0000
vt 0.0417 0.1667
vt 0.0417 0.1667
vt 0.0417 0.3333
vt 0.0417 0.3333
vt 0.0417 0.5000
vt 0.0417 0.5000
vt 0.0417 0.6667
vt 0.0417 0.6667
vt 0.0417 0.8333
vt 0.0417 0.8333
vt 0.0833 0.0000
vt 0.0833 0.0000
vt 0.0833 0.1667
vt 0.0833 0.1667
vt 0.0833 0.3333
vt 0.0833 0.3333
vt 0.0833 0.5000
vt 0.0833 0.5000
vt 0.0833 0.6667
vt 0.0833 0.6667
vt 0.0833 0.8333
vt 0.0833 0.8333
vt 0.1250 0.0000
vt 0.1250 0.0000
vt 0.1250 0.1667
vt 0.1250 0.1667
vt 0.1250 0.3333
vt 0.1250 0.3333
vt 0.1250 0.5000
vt 0.1250 0.5000
vt 0.1250 0.6667
vt 0.1250 0.6667
vt 0.1250 0.8333
vt 0.1250 0.8333
vt 0.1667 0.0000
vt 0.1667 0.0000
vt 0.1667 0.1667
vt 0.1667 0.1667
vt 0.1667 0.3333
vt 0.1667 0.3333
vt 0.1667 0.5000
vt 0.1667 0.5000
vt 0.1667 0.6667
vt 0.1667 0.6667
vt 0.1667 0.8333
vt 0.1667 0.8333
vt 0.2083 0.0000
vt 0.2083 0.0000
vt 0.2083 0.1667
vt 0.2083 0.1667
vt 0.2083 0.3333
vt 0.2083 0.3333
vt 0.2083 0.5000
vt 0.2083 0.5000
vt 0.2083 0.6667
vt 0.2083 0.6667
vt 0.2083 0.8333
vt 0.2083 0.8333
vt 0.2500 0.0000
vt 0.2500 0.0000
vt 0.2500 0.1667
vt 0.2500 0.1667
vt 0.2500 0.3333
vt 0.2500 0.3333
vt 0.2500 0.5000
vt 0.2500 0.5000
vt 0.2500 0.6667
vt 0.2500 0.6667
vt 0.2500 0.8333
vt 0.2500 0.8333
vt 0.2917 0.0000
vt 0.2917 0.0000
vt 0.2917 0.1667
vt 0.2917 0.1667
vt 0.2917 0.3333
vt 0.2917 0.3333
vt 0.2917 0.5000
vt 0.2917 0.5000
vt 0.2917 0.6667
vt 0.2917 0.6667
vt 0.2917 0.8333
vt 0.2917 0.8333
vt 0.3333 0.0000
vt 0.3333 0.0000
vt 0.3333 0.1667
vt 0.3333 0.1667
vt 0.3333 0.3333
vt 0.3333 0.3333
vt 0.3333 0.5000
vt 0.3333 0.5000
vt 0.3333 0.6667
vt 0.3333 0.6667
vt 0.3333 0.8333
vt 0.3333 0.8333
vt 0.3750 0.0000
vt 0.3750 0.0000
vt 0.3750 0.1667
vt 0.3750 0.1667
vt 0.3750 0.3333
vt 0.3750 0.3333
vt 0.3750 0.5000
vt 0.3750 0.5000
vt 0.3750 0.6667
vt 0.3750 0.6667
vt 0.3750 0.8333
vt 0.3750 0.8333
vt 0.4167 0.0000
vt 0.4167 0.0000
vt 0.4167 0.1667
vt 0.4167 0.1667
vt 0.4167 0.3333
vt 0.4167 0.3333
vt 0.4167 0.5000
vt 0.4167 0.5000
vt 0.4167 0.6667
vt 0.4167 0.6667
vt 0.4167 0.8333
vt 0.4167 0.8333
vt 0.4583 0.0000
vt 0.4583 0.0000
vt 0.4583 0.1667
vt 0.4583 0.1667
vt 0.4583 0.3333
vt 0.4583 0.3333
vt 0.4583 0.5000
vt 0.4583 0.5000
vt 0.4583 0.6667
vt 0.4583 0.6667
vt 0.4583 0.8333
vt 0.4583 0.8333
vt 0.5000 0.0000
vt 0.5000 0.0000
vt 0.5000 0.1667
vt 0.5000 0.1667
vt 0.5000 0.3333
vt 0.5000 0.3333
vt 0.5000 0.5000
vt 0.5000 0.5000
vt 0.5000 0.6667
vt 0.5000 0.6667
vt 0.5000 0.8333
vt 0.5000 0.8333
vt 0.5417 0.0000
vt 0.5417 0.0000
vt 0.5417 0.1667
vt 0.5417 0.1667
vt 0.5417 0.3333
vt 0.5417 0.3333
vt 0.5417 0.5000
vt 0.5417 0.5000
vt 0.5417 0.6667
vt 0.5417 0.6667
vt 0.5417 0.8333
vt 0.5417 0.8333
vt 0.5833 0.0000
vt 0.5833 0.0000
vt 0.5833 0.1667
vt 0.5833 0.1667
vt 0.5833 0.3333
vt 0.5833 0.3333
vt 0.5833 0.5000
vt 0.5833 0.5000
vt 0.5833 0.6667
vt 0.5833 0.6667
vt 0.5833 0.8333
vt 0.5833 0.8333
vt 0.6250 0.0000
vt 0.6250 0.0000
vt 0.6250 0.1667
vt 0.6250 0.1667
vt 0.6250 0.3333
vt 0.6250 0.3333
vt 0.6250 0.5000
vt 0.6250 0.5000
vt 0.6250 0.6667
vt 0.6250 0.6667
vt 0.6250 0.8333
vt 0.6250 0.8333
vt 0.6667 0.0000
vt 0.6667 0.0000
vt 0.6667 0.1667
vt 0.6667 0.1667
vt 0.6667 0.3333
vt 0.6667 0.3333
vt 0.6667 0.5000
vt 0.6667 0.5000
vt 0.6667 0.6667
vt 0.6667 0.6667
vt 0.6667 0.8333
vt 0.6667 0.8333
vt 0.7083 0.0000
vt 0.7083 0.0000
vt 0.7083 0.1667
vt 0.7083 0.1667
vt 0.7083 0.3333
vt 0.7083 0.3333
vt 0.7083 0.5000
vt 0.7083 0.5000
vt 0.7083 0.6667
vt 0.7083 0.6667
vt 0.7083 0.8333
vt 0.7083 0.8333
vt 0.7500 0.0000
vt 0.7500 0.0000
vt 0.7500 0.1667
vt 0.7500 0.1667
vt 0.7500 0.3333
vt 0.7500 0.3333
vt 0.7500 0.5000
vt 0.7500 0.5000
vt 0.7500 0.6667
vt 0.7500 0.6667
vt 0.7500 0.8333
vt 0.7500 0.8333
vt 0.7917 0.0000
vt 0.7917 0.0000
vt 0.7917 0.1667
vt 0.7917 0.1667
vt 0.7917 0.3333
vt 0.7917 0.3333
vt 0.7917 0.5000
vt 0.7917 0.5000
vt 0.7917 0.6667
vt 0.7917 0.6667
vt 0.7917 0.8333
vt 0.7917 0.8333
vt 0.8333 0.0000
vt 0.8333 0.0000
vt 0.8333 0.1667
vt 0.8333 0.1667
vt 0.8333 0.3333
vt 0.8333 0.3333
vt 0.8333 0.5000
vt 0.8333 0.5000
vt 0.8333 0.6667
vt 0.8333 0.6667
vt 0.8333 0.8333
vt 0.8333 0.8333
vt 0.8750 0.0000
vt 0.8750 0.0000
vt 0.8750 0.1667
vt 0.8750 0.1667
vt 0.8750 0.3333
vt 0.8750 0.3333
vt 0.8750 0.5000
vt 0.8750 0.5000
vt 0.8750 0.6667
vt 0.8750 0.6667
vt 0.8750 0.8333
vt 0.8750 0.8333
vt 0.9167 0.0000
vt 0.9167 0.0000
vt 0.9167 0.1667
vt 0.9167 0.1667
vt 0.9167 0.3333
vt 0.9167 0.3333
vt 0.9167 0.5000
vt 0.9167 0.5000
vt 0.9167 0.6667
vt 0.9167 0.6667
vt 0.9167 0.8333
vt 0.9167 0.8333
vt 0.9583 0.0000
vt 0.9583 0.0000
vt 0.9583 0.1667
vt 0.9583 0.1667
vt 0.9583 0.3333
vt 0.9583 0.3333
vt 0.9583 0.5000
vt 0.9583 0.5000
vt 0.9583 0.6667
vt 0.9583 0.6667
vt 0.9583 0.8333
vt 0.9583 0.8333
vt 0.5000 0.5000
vt 0.5000 0.5000
f 994/994/994 996/996/996 1008/1008/1008
f 994/994/994 1008/1008/1008 1006/1006/1006
f 996/996/996 998/998/998 1010/1010/1010
f 996/996/996 1010/1010/1010 1008/1008/1008
f 998/998/998 1000/1000/1000 1012/1012/1012
f 998/998/998 1012/1012/1012 1010/1010/1010
f 1000/1000/1000 1002/1002/1002 1014/1014/1014
f 1000/1000/1000 1014/1014/1014 1012/1012/1012
f 1002/1002/1002 1004/1004/1004 1016/1016/1016
f 1002/1002/1002 1016/1016/1016 1014/1014/1014
f 995/995/995 1007/1007/1007 1009/1009/1009
f 995/995/995 1009/1009/1009 997/997/997
f 997/997/997 1009/1009/1009 1011/1011/1011
f 997/997/997 1011/1011/1011 999/999/999
f 999/999/999 1011/1011/1011 1013/1013/1013
f 999/999/999 1013/1013/1013 1001/1001/1001
f 1001/1001/1001 1013/1013/1013 1015/1015/1015
f 1001/1001/1001 1015/1015/1015 1003/1003/1003
f 1003/1003/1003 1015/1015/1015 1017/1017/1017
f 1003/1003/1003 1017/1017/1017 1005/1005/1005
f 994/994/994 995/995/995 1007/1007/1007
f 994/994/994 1007/1007/1007 1006/1006/1006
f 1282/1282/1282 1004/1004/1004 1016/1016/1016
f 1283/1283/1283 1017/1017/1017 1005/1005/1005
f 1006/1006/1006 1008/1008/1008 1020/1020/1020
f 1006/1006/1006 1020/1020/1020 1018/1018/1018
f 1008/1008/1008 1010/1010/1010 1022/1022/1022
f 1008/1008/1008 1022/1022/1022 1020/1020/1020
f 1010/1010/1010 1012/1012/1012 1024/1024/1024
f 1010/1010/1010 1024/1024/1024 1022/1022/1022
f 1012/1012/1012 1014/1014/1014 1026/1026/1026
f 1012/1012/1012 1026/1026/1026 1024/1024/1024
f 1014/1014/1014 1016/1016/1016 1028/1028/1028
f 1014/1014/1014 1028/1028/1028 1026/1026/1026
f 1007/1007/1007 1019/1019/1019 1021/1021/1021
f 1007/1007/1007 1021/1021/1021 1009/1009/1009
f 1009/1009/1009 1021/1021/1021 1023/1023/1023
f 1009/1009/1009 1023/1023/1023 1011/1011/1011
f 1011/1011/1011 1023/1023/1023 1025/1025/1025
f 1011/1011/1011 1025/1025/1025 1013/1013/1013
f 1013/1013/1013 1025/1025/1025 1027/1027/1027
f 1013/1013/1013 1027/1027/1027 1015/1015/1015
f 1015/1015/1015 1027/1027/1027 1029/1029/1029
f 1015/1015/1015 1029/1029/1029 1017/1017/1017
f 1006/1006/1006 1007/1007/1007 1019/1019/1019
f 1006/1006/1006 1019/1019/1019 1018/1018/1018
f 1282/1282/1282 1016/1016/1016 1028/1028/1028
f 1283/1283/1283 1029/1029/1029 1017/1017/1017
f 1018/1018/1018 1020/1020/1020 1032/1032/1032
f 1018/1018/1018 1032/1032/1032 1030/1030/1030
f 1020/1020/1020 1022/1022/1022 1034/1034/1034
f 1020/1020/1020 1034/1034/1034 1032/1032/1032
f 1022/1022/1022 1024/1024/1024 1036/1036/1036
f 1022/1022/1022 1036/1036/1036 1034/1034/1034
f 1024/1024/1024 1026/1026/1026 1038/1038/1038
f 1024/1024/1024 1038/1038/1038 1036/1036/1036
f 1026/1026/1026 1028/1028/1028 1040/1040/1040
f 1026/1026/1026 1040/1040/1040 1038/1038/1038
f 1019/1019/1019 1031/1031/1031 1033/1033/1033
f 1019/1019/1019 1033/1033/1033 1021/1021/1021
f 1021/1021/1021 1033/1033/1033 1035/1035/1035
f 1021/1021/1021 1035/1035/1035 1023/1023/1023
f 1023/1023/1023 1035/1035/1035 1037/1037/1037
f 1023/1023/1023 1037/1037/1037 1025/1025/1025
f 1025/1025/1025 1037/1037/1037 1039/1039/1039
f 1025/1025/1025 1039/1039/1039 1027/1027/1027
f 1027/1027/1027 1039/1039/1039 1041/1041/1041
f 1027/1027/1027 1041/1041/1041 1029/1029/1029
f 1018/1018/1018 1019/1019/1019 1031/1031/1031
f 1018/1018/1018 1031/1031/1031 1030/1030/1030
f 1282/1282/1282 1028/1028/1028 1040/1040/1040
f 1283/1283/1283 1041/1041/1041 1029/1029/1029
f 1030/1030/1030 1032/1032/1032 1044/1044/1044
f 1030/1030/1030 1044/1044/1044 1042/1042/1042
f 1032/1032/1032 1034/1034/1034 1046/1046/1046
f 1032/1032/1032 1046/1046/1046 1044/1044/1044
f 1034/1034/1034 1036/1036/1036 1048/1048/1048
f 1034/1034/1034 1048/1048/1048 1046/1046/1046
f 1036/1036/1036 1038/1038/1038 1050/1050/1050
f 1036/1036/1036 1050/1050/1050 1048/1048/1048
f 1038/1038/1038 1040/1040/1040 1052/1052/1052
f 1038/1038/1038 1052/1052/1052 1050/1050/1050
f 1031/1031/1031 1043/1043/1043 1045/1045/1045
f 1031/1031/1031 1045/1045/1045 1033/1033/1033
f 1033/1033/1033 1045/1045/1045 1047/1047/1047
f 1033/1033/1033 1047/1047/1047 1035/1035/1035
f 1035/1035/1035 1047/1047/1047 1049/1049/1049
f 1035/1035/1035 1049/1049/1049 1037/1037/1037
f 1037/1037/1037 1049/1049/1049 1051/1051/1051
f 1037/1037/1037 1051/1051/1051 1039/1039/1039
f 1039/1039/1039 1051/1051/1051 1053/1053/1053
f 1039/1039/1039 1053/1053/1053 1041/1041/1041
f 1030/1030/1030 1031/1031/1031 1043/1043/1043
f 1030/1030/1030 1043/1043/1043 1042/1042/1042
f 1282/1282/1282 1040/1040/1040 1052/1052/1052
f 1283/1283/1283 1053/1053/1053 1041/1041/1041
f 1042/1042/1042 1044/1044/1044 1056/1056/1056
f 1042/1042/1042 1056/1056/1056 1054/1054/1054
f 1044/1044/1044 1046/1046/1046 1058/1058/1058
f 1044/1044/1044 1058/1058/1058 1056/1056/1056
f 1046/1046/1046 1048/1048/1048 1060/1060/1060
f 1046/1046/1046 1060/1060/1060 1058/1058/1058
f 1048/1048/1048 1050/1050/1050 1062/1062/1062
f 1048/1048/1048 1062/1062/1062 1060/1060/1060
f 1050/1050/1050 1052/1052/1052 1064/1064/1064
f 1050/1050/1050 1064/1064/1064 1062/1062/1062
f 1043/1043/1043 1055/1055/1055 1057/1057/1057
f 1043/1043/1043 1057/1057/1057 1045/1045/1045
f 1045/1045/1045 1057/1057/1057 1059/1059/1059
f 1045/1045/1045 1059/1059/1059 1047/1047/1047
f 1047/1047/1047 1059/1059/1059 1061/1061/1061
f 1047/1047/1047 1061/1061/1061 1049/1049/1049
f 1049/1049/1049 1061/1061/1061 1063/1063/1063
f 1049/1049/1049 1063/1063/1063 1051/1051/1051
f 1051/1051/1051 1063/1063/1063 1065/1065/1065
f 1051/1051/1051 1065/1065/1065 1053/1053/1053
f 1042/1042/1042 1043/1043/1043 1055/1055/1055
f 1042/1042/1042 1055/1055/1055 1054/1054/1054
f 1282/1282/1282 1052/1052/1052 1064/1064/1064
f 1283/1283/1283 1065/1065/1065 1053/1053/1053
f 1054/1054/1054 1056/1056/1056 1068/1068/1068
f 1054/1054/1054 1068/1068/1068 1066/1066/1066
f 1056/1056/1056 1058/1058/1058 1070/1070/1070
f 1056/1056/1056 1070/1070/1070 1068/1068/1068
f 1058/1058/1058 1060/1060/1060 1072/1072/1072
f 1058/1058/1058 1072/1072/1072 1070/1070/1070
f 1060/1060/1060 1062/1062/1062 1074/1074/1074
f 1060/1060/1060 1074/1074/1074 1072/1072/1072
f 1062/1062/1062 1064/1064/1064 1076/1076/1076
f 1062/1062/1062 1076/1076/1076 1074/1074/1074
f 1055/1055/1055 1067/1067/1067 1069/1069/1069
f 1055/1055/1055 1069/1069/1069 1057/1057/1057
f 1057/1057/1057 1069/1069/1069 1071/1071/1071
f 1057/1057/1057 1071/1071/1071 1059/1059/1059
f 1059/1059/1059 1071/1071/1071 1073/1073/1073
f 1059/1059/1059 1073/1073/1073 1061/1061/1061
f 1061/1061/1061 1073/1073/1073 1075/1075/1075
f 1061/1061/1061 1075/1075/1075 1063/1063/1063
f 1063/1063/1063 1075/1075/1075 1077/1077/1077
f 1063/1063/1063 1077/1077/1077 1065/1065/1065
f 1054/1054/1054 1055/1055/1055 1067/1067/1067
f 1054/1054/1054 1067/1067/1067 1066/1066/1066
f 1282/1282/1282 1064/1064/1064 1076/1076/1076
f 1283/1283/1283 1077/1077/1077 1065/1065/1065
f 1066/1066/1066 1068/1068/1068 1080/1080/1080
f 1066/1066/1066 1080/1080/1080 1078/1078/1078
f 1068/1068/1068 1070/1070/1070 1082/1082/1082
f 1068/1068/1068 1082/1082/1082 1080/1080/1080
f 1070/1070/1070 1072/1072/1072 1084/1084/1084
f 1070/1070/1070 1084/1084/1084 1082/1082/1082
f 1072/1072/1072 1074/1074/1074 1086/1086/1086
f 1072/1072/1072 1086/1086/1086 1084/1084/1084
f 1074/1074/1074 1076/1076/1076 1088/1088/1088
f 1074/1074/1074 1088/1088/1088 1086/1086/1086
f 1067/1067/1067 1079/1079/1079 1081/1081/1081
f 1067/1067/1067 1081/1081/1081 1069/1069/1069
f 1069/1069/1069 1081/1081/1081 1083/1083/1083
f 1069/1069/1069 1083/1083/1083 1071/1071/1071
f 1071/1071/1071 1083/1083/1083 1085/1085/1085
f 1071/1071/1071 1085/1085/1085 1073/1073/1073
f 1073/1073/1073 1085/1085/1085 1087/1087/1087
f 1073/1073/1073 1087/1087/1087 1075/1075/1075
f 1075/1075/1075 1087/1087/1087 1089/1089/1089
f 1075/1075/1075 1089/1089/1089 1077/1077/1077
f 1066/1066/1066 1067/1067/1067 1079/1079/1079
f 1066/1066/1066 1079/1079/1079 1078/1078/1078
f 1282/1282/1282 1076/1076/1076 1088/1088/1088
f 1283/1283/1283 1089/1089/1089 1077/1077/1077
f 1078/1078/1078 1080/1080/1080 1092/1092/1092
f 1078/1078/1078 1092/1092/1092 1090/1090/1090
f 1080/1080/1080 1082/1082/1082 1094/1094/1094
f 1080/1080/1080 1094/1094/1094 1092/1092/1092
f 1082/1082/1082 1084/1084/1084 1096/1096/1096
f 1082/1082/1082 1096/1096/1096 1094/1094/1094
f 1084/1084/1084 1086/1086/1086 1098/1098/1098
f 1084/1084/1084 1098/1098/1098 1096/1096/1096
f 1086/1086/1086 1088/1088/1088 1100/1100/1100
f 1086/1086/1086 1100/1100/1100 1098/1098/1098
f 1079/1079/1079 1091/1091/1091 1093/1093/1093
f 1079/1079/1079 1093/1093/1093 1081/1081/1081
f 1081/1081/1081 1093/1093/1093 1095/1095/1095
f 1081/1081/1081 1095/1095/1095 1083/1083/1083
f 1083/1083/1083 1095/1095/1095 1097/1097/1097
f 1083/1083/1083 1097/1097/1097 1085/1085/1085
f 1085/1085/1085 1097/1097/1097 1099/1099/1099
f 1085/1085/1085 1099/1099/1099 1087/1087/1087
f 1087/1087/1087 1099/1099/1099 1101/1101/1101
f 1087/1087/1087 1101/1101/1101 1089/1089/1089
f 1078/1078/1078 1079/1079/1079 1091/1091/1091
f 1078/1078/1078 1091/1091/1091 1090/1090/1090
f 1282/1282/1282 1088/1088/1088 1100/1100/1100
f 1283/1283/1283 1101/1101/1101 1089/1089/1089
f 1090/1090/1090 1092/1092/1092 1104/1104/1104
f 1090/1090/1090 1104/1104/1104 1102/1102/1102
f 1092/1092/1092 1094/1094/1094 1106/1106/1106
f 1092/1092/1092 1106/1106/1106 1104/1104/1104
f 1094/1094/1094 1096/1096/1096 1108/1108/1108
f 1094/1094/1094 1108/1108/1108 1106/1106/1106
f 1096/1096/1096 1098/1098/1098 1110/1110/1110
f 1096/1096/1096 1110/1110/1110 1108/1108/1108
f 1098/1098/1098 1100/1100/1100 1112/1112/1112
f 1098/1098/1098 1112/1112/1112 1110/1110/1110
f 1091/1091/1091 1103/1103/1103 1105/1105/1105
f 1091/1091/1091 1105/1105/1105 1093/1093/1093
f 1093/1093/1093 1105/1105/1105 1107/1107/1107
f 1093/1093/1093 1107/1107/1107 1095/1095/1095
f 1095/1095/1095 1107/1107/1107 1109/1109/1109
f 1095/1095/1095 1109/1109/1109 1097/1097/1097
f 1097/1097/1097 1109/1109/1109 1111/1111/1111
f 1097/1097/1097 1111/1111/1111 1099/1099/1099
f 1099/1099/1099 1111/1111/1111 1113/1113/1113
f 1099/1099/1099 1113/1113/1113 1101/1101/1101
f 1090/1090/1090 1091/1091/1091 1103/1103/1103
f 1090/1090/1090 1103/1103/1103 1102/1102/1102
f 1282/1282/1282 1100/1100/1100 1112/1112/1112
f 1283/1283/1283 1113/1113/1113 1101/1101/1101
f 1102/1102/1102 1104/1104/1104 1116/1116/1116
f 1102/1102/1102 1116/1116/1116 1114/1114/1114
f 1104/1104/1104 1106/1106/1106 1118/1118/1118
f 1104/1104/1104 1118/1118/1118 1116/1116/1116
f 1106/1106/1106 1108/1108/1108 1120/1120/1120
f 1106/1106/1106 1120/1120/1120 1118/1118/1118
f 1108/1108/1108 1110/1110/1110 1122/1122/1122
f 1108/1108/1108 1122/1122/1122 1120/1120/1120
f 1110/1110/1110 1112/1112/1112 1124/1124/1124
f 1110/1110/1110 1124/1124/1124 1122/1122/1122
f 1103/1103/1103 1115/1115/1115 1117/1117/1117
f 1103/1103/1103 1117/1117/1117 1105/1105/1105
f 1105/1105/1105 1117/1117/1117 1119/1119/1119
f 1105/1105/1105 1119/1119/1119 1107/1107/1107
f 1107/1107/1107 1119/1119/1119 1121/1121/1121
f 1107/1107/1107 1121/1121/1121 1109/1109/1109
f 1109/1109/1109 1121/1121/1121 1123/1123/1123
f 1109/1109/1109 1123/1123/1123 1111/1111/1111
f 1111/1111/1111 1123/1123/1123 1125/1125/1125
f 1111/1111/1111 1125/1125/1125 1113/1113/1113
f 1102/1102/1102 1103/1103/1103 1115/1115/1115
f 1102/1102/1102 1115/1115/1115 1114/1114/1114
f 1282/1282/1282 1112/1112/1112 1124/1124/1124
f 1283/1283/1283 1125/1125/1125 1113/1113/1113
f 1114/1114/1114 1116/1116/1116 1128/1128/1128
f 1114/1114/1114 1128/1128/1128 1126/1126/1126
f 1116/1116/1116 1118/1118/1118 1130/1130/1130
f 1116/1116/1116 1130/1130/1130 1128/1128/1128
f 1118/1118/1118 1120/1120/1120 1132/1132/1132
f 1118/1118/1118 1132/1132/1132 1130/1130/1130
f 1120/1120/1120 1122/1122/1122 1134/1134/1134
f 1120/1120/1120 1134/1134/1134 1132/1132/1132
f 1122/1122/1122 1124/1124/1124 1136/1136/1136
f 1122/1122/1122 1136/1136/1136 1134/1134/1134
f 1115/1115/1115 1127/1127/1127 1129/1129/1129
f 1115/1115/1115 1129/1129/1129 1117/1117/1117
f 1117/1117/1117 1129/1129/1129 1131/1131/1131
f 1117/1117/1117 1131/1131/1131 1119/1119/1119
f 1119/1119/1119 1131/1131/1131 1133/1133/1133
f 1119/1119/1119 1133/1133/1133 1121/1121/1121
f 1121/1121/1121 1133/1133/1133 1135/1135/1135
f 1121/1121/1121 1135/1135/1135 1123/1123/1123
f 1123/1123/1123 1135/1135/1135 1137/1137/1137
f 1123/1123/1123 1137/1137/1137 1125/1125/1125
f 1114/1114/1114 1115/1115/1115 1127/1127/1127
f 1114/1114/1114 1127/1127/1127 1126/1126/1126
f 1282/1282/1282 1124/1124/1124 1136/1136/1136
f 1283/1283/1283 1137/1137/1137 1125/1125/1125
f 1126/1126/1126 1128/1128/1128 1140/1140/1140
f 1126/1126/1126 1140/1140/1140 1138/1138/1138
f 1128/1128/1128 1130/1130/1130 1142/1142/1142
f 1128/1128/1128 1142/1142/1142 1140/1140/1140
f 1130/1130/1130 1132/1132/1132 1144/1144/1144
f 1130/1130/1130 1144/1144/1144 1142/1142/1142
f 1132/1132/1132 1134/1134/1134 1146/1146/1146
f 1132/1132/1132 1146/1146/1146 1144/1144/1144
f 1134/1134/1134 1136/1136/1136 1148/1148/1148
f 1134/1134/1134 1148/1148/1148 1146/1146/1146
f 1127/1127/1127 1139/1139/1139 1141/1141/1141
f 1127/1127/1127 1141/1141/1141 1129/1129/1129
f 1129/1129/1129 1141/1141/1141 1143/1143/1143
f 1129/1129/1129 1143/1143/1143 1131/1131/1131
f 1131/1131/1131 1143/1143/1143 1145/1145/1145
f 1131/1131/1131 1145/1145/1145 1133/1133/1133
f 1133/1133/1133 1145/1145/1145 1147/1147/1147
f 1133/1133/1133 1147/1147/1147 1135/1135/1135
f 1135/1135/1135 1147/1147/1147 1149/1149/1149
f 1135/1135/1135 1149/1149/1149 1137/1137/1137
f 1126/1126/1126 1127/1127/1127 1139/1139/1139
f 1126/1126/1126 1139/1139/1139 1138/1138/1138
f 1282/1282/1282 1136/1136/1136 1148/1148/1148
f 1283/1283/1283 1149/1149/1149 1137/1137/1137
f 1138/1138/1138 1140/1140/1140 1152/1152/1152
f 1138/1138/1138 1152/1152/1152 1150/1150/1150
f 1140/1140/1140 1142/1142/1142 1154/1154/1154
f 1140/1140/1140 1154/1154/1154 1152/1152/1152
f 1142/1142/1142 1144/1144/1144 1156/1156/1156
f 1142/1142/1142 1156/1156/1156 1154/1154/1154
f 1144/1144/1144 1146/1146/1146 1158/1158/1158
f 1144/1144/1144 1158/1158/1158 1156/1156/1156
f 1146/1146/1146 1148/1148/1148 1160/1160/1160
f 1146/1146/1146 1160/1160/1160 1158/1158/1158
f 1139/1139/1139 1151/1151/1151 1153/1153/1153
f 1139/1139/1139 1153/1153/1153 1141/1141/1141
f 1141/1141/1141 1153/1153/1153 1155/1155/1155
f 1141/1141/1141 1155/1155/1155 1143/1143/1143
f 1143/1143/1143 1155/1155/1155 1157/1157/1157
f 1143/1143/1143 1157/1157/1157 1145/1145/1145
f 1145/1145/1145 1157/1157/1157 1159/1159/1159
f 1145/1145/1145 1159/1159/1159 1147/1147/1147
f 1147/1147/1147 1159/1159/1159 1161/1161/1161
f 1147/1147/1147 1161/1161/1161 1149/1149/1149
f 1138/1138/1138 1139/1139/1139 1151/1151/1151
f 1138/1138/1138 1151/1151/1151 1150/1150/1150
f 1282/1282/1282 1148/1148/1148 1160/1160/1160
f 1283/1283/1283 1161/1161/1161 1149/1149/1149
f 1150/1150/1150 1152/1152/1152 1164/1164/1164
f 1150/1150/1150 1164/1164/1164 1162/1162/1162
f 1152/1152/1152 1154/1154/1154 1166/1166/1166
f 1152/1152/1152 1166/1166/1166 1164/1164/1164
f 1154/1154/1154 1156/1156/1156 1168/1168/1168
f 1154/1154/1154 1168/1168/1168 1166/1166/1166
f 1156/1156/1156 1158/1158/1158 1170/1170/1170
f 1156/1156/1156 1170/1170/1170 1168/1168/1168
f 1158/1158/1158 1160/1160/1160 1172/1172/1172
f 1158/1158/1158 1172/1172/1172 1170/1170/1170
f 1151/1151/1151 1163/1163/1163 1165/1165/1165
f 1151/1151/1151 1165/1165/1165 1153/1153/1153
f 1153/1153/1153 1165/1165/1165 1167/1167/1167
f 1153/1153/1153 1167/1167/1167 1155/1155/1155
f 1155/1155/1155 1167/1167/1167 1169/1169/1169
f 1155/1155/1155 1169/1169/1169 1157/1157/1157
f 1157/1157/1157 1169/1169/1169 1171/1171/1171
f 1157/1157/1157 1171/1171/1171 1159/1159/1159
f 1159/1159/1159 1171/1171/1171 1173/1173/1173
f 1159/1159/1159 1173/1173/1173 1161/1161/1161
f 1150/1150/1150 1151/1151/1151 1163/1163/1163
f 1150/1150/1150 1163/1163/1163 1162/1162/1162
f 1282/1282/1282 1160/1160/1160 1172/1172/1172
f 1283/1283/1283 1173/1173/1173 1161/1161/1161
f 1162/1162/1162 1164/1164/1164 1176/1176/1176
f 1162/1162/1162 1176/1176/1176 1174/1174/1174
f 1164/1164/1164 1166/1166/1166 1178/1178/1178
f 1164/1164/1164 1178/1178/1178 1176/1176/1176
f 1166/1166/1166 1168/1168/1168 1180/1180/1180
f 1166/1166/1166 1180/1180/1180 1178/1178/1178
f 1168/1168/1168 1170/1170/1170 1182/1182/1182
f 1168/1168/1168 1182/1182/1182 1180/1180/1180
f 1170/1170/1170 1172/1172/1172 1184/1184/1184
f 1170/1170/1170 1184/1184/1184 1182/1182/1182
f 1163/1163/1163 1175/1175/1175 1177/1177/1177
f 1163/1163/1163 1177/1177/1177 1165/1165/1165
f 1165/1165/1165 1177/1177/1177 1179/1179/1179
f 1165/1165/1165 1179/1179/1179 1167/1167/1167
f 1167/1167/1167 1179/1179/1179 1181/1181/1181
f 1167/1167/1167 1181/1181/1181 1169/1169/1169
f 1169/1169/1169 1181/1181/1181 1183/1183/1183
f 1169/1169/1169 1183/1183/1183 1171/1171/1171
f 1171/1171/1171 1183/1183/1183 1185/1185/1185
f 1171/1171/1171 1185/1185/1185 1173/1173/1173
f 1162/1162/1162 1163/1163/1163 1175/1175/1175
f 1162/1162/1162 1175/1175/1175 1174/1174/1174
f 1282/1282/1282 1172/1172/1172 1184/1184/1184
f 1283/1283/1283 1185/1185/1185 1173/1173/1173
f 1174/1174/1174 1176/1176/1176 1188/1188/1188
f 1174/1174/1174 1188/1188/1188 1186/1186/1186
f 1176/1176/1176 1178/1178/1178 1190/1190/1190
f 1176/1176/1176 1190/1190/1190 1188/1188/1188
f 1178/1178/1178 1180/1180/1180 1192/1192/1192
f 1178/1178/1178 1192/1192/1192 1190/1190/1190
f 1180/1180/1180 1182/1182/1182 1194/1194/1194
f 1180/1180/1180 1194/1194/1194 1192/1192/1192
f 1182/1182/1182 1184/1184/1184 1196/1196/1196
f 1182/1182/1182 1196/1196/1196 1194/1194/1194
f 1175/1175/1175 1187/1187/1187 1189/1189/1189
f 1175/1175/1175 1189/1189/1189 1177/1177/1177
f 1177/1177/1177 1189/1189/1189 1191/1191/1191
f 1177/1177/1177 1191/1191/1191 1179/1179/1179
f 1179/1179/1179 1191/1191/1191 1193/1193/1193
f 1179/1179/1179 1193/1193/1193 1181/1181/1181
f 1181/1181/1181 1193/1193/1193 1195/1195/1195
f 1181/1181/1181 1195/1195/1195 1183/1183/1183
f 1183/1183/1183 1195/1195/1195 1197/1197/1197
f 1183/1183/1183 1197/1197/1197 1185/1185/1185
f 1174/1174/1174 1175/1175/1175 1187/1187/1187
f 1174/1174/1174 1187/1187/1187 1186/1186/1186
f 1282/1282/1282 1184/1184/1184 1196/1196/1196
f 1283/1283/1283 1197/1197/1197 1185/1185/1185
f 1186/1186/1186 1188/1188/1188 1200/1200/1200
f 1186/1186/1186 1200/1200/1200 1198/1198/1198
f 1188/1188/1188 1190/1190/1190 1202/1202/1202
f 1188/1188/1188 1202/1202/1202 1200/1200/1200
f 1190/1190/1190 1192/1192/1192 1204/1204/1204
f 1190/1190/1190 1204/1204/1204 1202/1202/1202
f 1192/1192/1192 1194/1194/1194 1206/1206/1206
f 1192/1192/1192 1206/1206/1206 1204/1204/1204
f 1194/1194/1194 1196/1196/1196 1208/1208/1208
f 1194/1194/1194 1208/1208/1208 1206/1206/1206
f 1187/1187/1187 1199/1199/1199 1201/1201/1201
f 1187/1187/1187 1201/1201/1201 1189/1189/1189
f 1189/1189/1189 1201/1201/1201 1203/1203/1203
f 1189/1189/1189 1203/1203/1203 1191/1191/1191
f 1191/1191/1191 1203/1203/1203 1205/1205/1205
f 1191/1191/1191 1205/1205/1205 1193/1193/1193
f 1193/1193/1193 1205/1205/1205 1207/1207/1207
f 1193/1193/1193 1207/1207/1207 1195/1195/1195
f 1195/1195/1195 1207/1207/1207 1209/1209/1209
f 1195/1195/1195 1209/1209/1209 1197/1197/1197
f 1186/1186/1186 1187/1187/1187 1199/1199/1199
f 1186/1186/1186 1199/1199/1199 1198/1198/1198
f 1282/1282/1282 1196/1196/1196 1208/1208/1208
f 1283/1283/1283 1209/1209/1209 1197/1197/1197
f 1198/1198/1198 1200/1200/1200 1212/1212/1212
f 1198/1198/1198 1212/1212/1212 1210/1210/1210
f 1200/1200/1200 1202/1202/1202 1214/1214/1214
f 1200/1200/1200 1214/1214/1214 1212/1212/1212
f 1202/1202/1202 1204/1204/1204 1216/1216/1216
f 1202/1202/1202 1216/1216/1216 1214/1214/1214
f 1204/1204/1204 1206/1206/1206 1218/1218/1218
f 1204/1204/1204 1218/1218/1218 1216/1216/1216
f 1206/1206/1206 1208/1208/1208 1220/1220/1220
f 1206/1206/1206 1220/1220/1220 1218/1218/1218
f 1199/1199/1199 1211/1211/1211 1213/1213/1213
f 1199/1199/1199 1213/1213/1213 1201/1201/1201
f 1201/1201/1201 1213/1213/1213 1215/1215/1215
f 1201/1201/1201 1215/1215/1215 1203/1203/1203
f 1203/1203/1203 1215/1215/1215 1217/1217/1217
f 1203/1203/1203 1217/1217/1217 1205/1205/1205
f 1205/1205/1205 1217/1217/1217 1219/1219/1219
f 1205/1205/1205 1219/1219/1219 1207/1207/1207
f 1207/1207/1207 1219/1219/1219 1221/1221/1221
f 1207/1207/1207 1221/1221/1221 1209/1209/1209
f 1198/1198/1198 1199/1199/1199 1211/1211/1211
f 1198/1198/1198 1211/1211/1211 1210/1210/1210
f 1282/1282/1282 1208/1208/1208 1220/1220/1220
f 1283/1283/1283 1221/1221/1221 1209/1209/1209
f 1210/1210/1210 1212/1212/1212 1224/1224/1224
f 1210/1210/1210 1224/1224/1224 1222/1222/1222
f 1212/1212/1212 1214/1214/1214 1226/1226/1226
f 1212/1212/1212 1226/1226/1226 1224/1224/1224
f 1214/1214/1214 1216/1216/1216 1228/1228/1228
f 1214/1214/1214 1228/1228/1228 1226/1226/1226
f 1216/1216/1216 1218/1218/1218 1230/1230/1230
f 1216/1216/1216 1230/1230/1230 1228/1228/1228
f 1218/1218/1218 1220/1220/1220 1232/1232/1232
f 1218/1218/1218 1232/1232/1232 1230/1230/1230
f 1211/1211/1211 1223/1223/1223 1225/1225/1225
f 1211/1211/1211 1225/1225/1225 1213/1213/1213
f 1213/1213/1213 1225/1225/1225 1227/1227/1227
f 1213/1213/1213 1227/1227/1227 1215/1215/1215
f 1215/1215/1215 1227/1227/1227 1229/1229/1229
f 1215/1215/1215 1229/1229/1229 1217/1217/1217
f 1217/1217/1217 1229/1229/1229 1231/1231/1231
f 1217/1217/1217 1231/1231/1231 1219/1219/1219
f 1219/1219/1219 1231/1231/1231 1233/1233/1233
f 1219/1219/1219 1233/1233/1233 1221/1221/1221
f 1210/1210/1210 1211/1211/1211 1223/1223/1223
f 1210/1210/1210 1223/1223/1223 1222/1222/1222
f 1282/1282/1282 1220/1220/1220 1232/1232/1232
f 1283/1283/1283 1233/1233/1233 1221/1221/1221
f 1222/1222/1222 1224/1224/1224 1236/1236/1236
f 1222/1222/1222 1236/1236/1236 1234/1234/1234
f 1224/1224/1224 1226/1226/1226 1238/1238/1238
f 1224/1224/1224 1238/1238/1238 1236/1236/1236
f 1226/1226/1226 1228/1228/1228 1240/1240/1240
f 1226/1226/1226 1240/1240/1240 1238/1238/1238
f 1228/1228/1228 1230/1230/1230 1242/1242/1242
f 1228/1228/1228 1242/1242/1242 1240/1240/1240
f 1230/1230/1230 1232/1232/1232 1244/1244/1244
f 1230/1230/1230 1244/1244/1244 1242/1242/1242
f 1223/1223/1223 1235/1235/1235 1237/1237/1237
f 1223/1223/1223 1237/1237/1237 1225/1225/1225
f 1225/1225/1225 1237/1237/1237 1239/1239/1239
f 1225/1225/1225 1239/1239/1239 1227/1227/1227
f 1227/1227/1227 1239/1239/1239 1241/1241/1241
f 1227/1227/1227 1241/1241/1241 1229/1229/1229
f 1229/1229/1229 1241/1241/1241 1243/1243/1243
f 1229/1229/1229 1243/1243/1243 1231/1231/1231
f 1231/1231/1231 1243/1243/1243 1245/1245/1245
f 1231/1231/1231 1245/1245/1245 1233/1233/1233
f 1222/1222/1222 1223/1223/1223 1235/1235/1235
f 1222/1222/1222 1235/1235/1235 1234/1234/1234
f 1282/1282/1282 1232/1232/1232 1244/1244/1244
f 1283/1283/1283 1245/1245/1245 1233/1233/1233
f 1234/1234/1234 1236/1236/1236 1248/1248/1248
f 1234/1234/1234 1248/1248/1248 1246/1246/1246
f 1236/1236/1236 1238/1238/1238 1250/1250/1250
f 1236/1236/1236 1250/1250/1250 1248/1248/1248
f 1238/1238/1238 1240/1240/1240 1252/1252/1252
f 1238/1238/1238 1252/1252/1252 1250/1250/1250
f 1240/1240/1240 1242/1242/1242 1254/1254/1254
f 1240/1240/1240 1254/1254/1254 1252/1252/1252
f 1242/1242/1242 1244/1244/1244 1256/1256/1256
f 1242/1242/1242 1256/1256/1256 1254/1254/1254
f 1235/1235/1235 1247/1247/1247 1249/1249/1249
f 1235/1235/1235 1249/1249/1249 1237/1237/1237
f 1237/1237/1237 1249/1249/1249 1251/1251/1251
f 1237/1237/1237 1251/1251/1251 1239/1239/1239
f 1239/1239/1239 1251/1251/1251 1253/1253/1253
f 1239/1239/1239 1253/1253/1253 1241/1241/1241
f 1241/1241/1241 1253/1253/1253 1255/1255/1255
f 1241/1241/1241 1255/1255/1255 1243/1243/1243
f 1243/1243/1243 1255/1255/1255 1257/1257/1257
f 1243/1243/1243 1257/1257/1257 1245/1245/1245
f 1234/1234/1234 1235/1235/1235 1247/1247/1247
f 1234/1234/1234 1247/1247/1247 1246/1246/1246
f 1282/1282/1282 1244/1244/1244 1256/1256/1256
f 1283/1283/1283 1257/1257/1257 1245/1245/1245
f 1246/1246/1246 1248/1248/1248 1260/1260/1260
f 1246/1246/1246 1260/1260/1260 1258/1258/1258
f 1248/1248/1248 1250/1250/1250 1262/1262/1262
f 1248/1248/1248 1262/1262/1262 1260/1260/1260
f 1250/1250/1250 1252/1252/1252 1264/1264/1264
f 1250/1250/1250 1264/1264/1264 1262/1262/1262
f 1252/1252/1252 1254/1254/1254 1266/1266/1266
f 1252/1252/1252 1266/1266/1266 1264/1264/1264
f 1254/1254/1254 1256/1256/1256 1268/1268/1268
f 1254/1254/1254 1268/1268/1268 1266/1266/1266
f 1247/1247/1247 1259/1259/1259 1261/1261/1261
f 1247/1247/1247 1261/1261/1261 1249/1249/1249
f 1249/1249/1249 1261/1261/1261 1263/1263/1263
f 1249/1249/1249 1263/1263/1263 1251/1251/1251
f 1251/1251/1251 1263/1263/1263 1265/1265/1265
f 1251/1251/1251 1265/1265/1265 1253/1253/1253
f 1253/1253/1253 1265/1265/1265 1267/1267/1267
f 1253/1253/1253 1267/1267/1267 1255/1255/1255
f 1255/1255/1255 1267/1267/1267 1269/1269/1269
f 1255/1255/1255 1269/1269/1269 1257/1257/1257
f 1246/1246/1246 1247/1247/1247 1259/1259/1259
f 1246/1246/1246 1259/1259/1259 1258/1258/1258
f 1282/1282/1282 1256/1256/1256 1268/1268/1268
f 1283/1283/1283 1269/1269/1269 1257/1257/1257
f 1258/1258/1258 1260/1260/1260 1272/1272/1272
f 1258/1258/1258 1272/1272/1272 1270/1270/1270
f 1260/1260/1260 1262/1262/1262 1274/1274/1274
f 1260/1260/1260 1274/1274/1274 1272/1272/1272
f 1262/1262/1262 1264/1264/1264 1276/1276/1276
f 1262/1262/1262 1276/1276/1276 1274/1274/1274
f 1264/1264/1264 1266/1266/1266 1278/1278/1278
f 1264/1264/1264 1278/1278/1278 1276/1276/1276
f 1266/1266/1266 1268/1268/1268 1280/1280/1280
f 1266/1266/1266 1280/1280/1280 1278/1278/1278
f 1259/1259/1259 1271/1271/1271 1273/1273/1273
f 1259/1259/1259 1273/1273/1273 1261/1261/1261
f 1261/1261/1261 1273/1273/1273 1275/1275/1275
f 1261/1261/1261 1275/1275/1275 1263/1263/1263
f 1263/1263/1263 1275/1275/1275 1277/1277/1277
f 1263/1263/1263 1277/1277/1277 1265/1265/1265
f 1265/1265/1265 1277/1277/1277 1279/1279/1279
f 1265/1265/1265 1279/1279/1279 1267/1267/1267
f 1267/1267/1267 1279/1279/1279 1281/1281/1281
f 1267/1267/1267 1281/1281/1281 1269/1269/1269
f 1258/1258/1258 1259/1259/1259 1271/1271/1271
f 1258/1258/1258 1271/1271/1271 1270/1270/1270
f 1282/1282/1282 1268/1268/1268 1280/1280/1280
f 1283/1283/1283 1281/1281/1281 1269/1269/1269
f 1270/1270/1270 1272/1272/1272 996/996/996
f 1270/1270/1270 996/996/996 994/994/994
f 1272/1272/1272 1274/1274/1274 998/998/998
f 1272/1272/1272 998/998/998 996/996/996
f 1274/1274/1274 1276/1276/1276 1000/1000/1000
f 1274/1274/1274 1000/1000/1000 998/998/998
f 1276/1276/1276 1278/1278/1278 1002/1002/1002
f 1276/1276/1276 1002/1002/1002 1000/1000/1000
f 1278/1278/1278 1280/1280/1280 1004/1004/1004
f 1278/1278/1278 1004/1004/1004 1002/1002/1002
f 1271/1271/1271 995/995/995 997/997/997
f 1271/1271/1271 997/997/997 1273/1273/1273
f 1273/1273/1273 997/997/997 999/999/999
f 1273/1273/1273 999/999/999 1275/1275/1275
f 1275/1275/1275 999/999/999 1001/1001/1001
f 1275/1275/1275 1001/1001/1001 1277/1277/1277
f 1277/1277/1277 1001/1001/1001 1003/1003/1003
f 1277/1277/1277 1003/1003/1003 1279/1279/1279
f 1279/1279/1279 1003/1003/1003 1005/1005/1005
f 1279/1279/1279 1005/1005/1005 1281/1281/1281
f 1270/1270/1270 1271/1271/1271 995/995/995
f 1270/1270/1270 995/995/995 994/994/994
f 1282/1282/1282 1280/1280/1280 1004/1004/1004
f 1283/1283/1283 1005/1005/1005 1281/1281/1281

g Wheels_RearLeftOuter
usemtl Mat_Wheel_PBR
v -1.0700 0.5200 -2.6800
v -1.3700 0.5200 -2.6800
v -1.0775 0.5200 -2.7008
v -1.3625 0.5200 -2.7008
v -1.0970 0.5200 -2.7944
v -1.3430 0.5200 -2.7944
v -1.1300 0.5200 -2.8152
v -1.3100 0.5200 -2.8152
v -1.1675 0.5200 -2.9660
v -1.2725 0.5200 -2.9660
v -1.1600 0.5200 -3.0544
v -1.2800 0.5200 -3.0544
v -1.0700 0.6546 -2.6977
v -1.3700 0.6546 -2.6977
v -1.0775 0.6492 -2.7178
v -1.3625 0.6492 -2.7178
v -1.0970 0.6250 -2.8082
v -1.3430 0.6250 -2.8082
v -1.1300 0.6196 -2.8283
v -1.3100 0.6196 -2.8283
v -1.1675 0.5806 -2.9740
v -1.2725 0.5806 -2.9740
v -1.1600 0.5577 -3.0594
v -1.2800 0.5577 -3.0594
v -1.0700 0.7800 -2.7497
v -1.3700 0.7800 -2.7497
v -1.0775 0.7696 -2.7677
v -1.3625 0.7696 -2.7677
v -1.0970 0.7228 -2.8487
v -1.3430 0.7228 -2.8487
v -1.1300 0.7124 -2.8668
v -1.3100 0.7124 -2.8668
v -1.1675 0.6370 -2.9974
v -1.2725 0.6370 -2.9974
v -1.1600 0.5928 -3.0739
v -1.2800 0.5928 -3.0739
v -1.0700 0.8877 -2.8323
v -1.3700 0.8877 -2.8323
v -1.0775 0.8730 -2.8470
v -1.3625 0.8730 -2.8470
v -1.0970 0.8068 -2.9132
v -1.3430 0.8068 -2.9132
v -1.1300 0.7921 -2.9279
v -1.3100 0.7921 -2.9279
v -1.1675 0.6855 -3.0345
v -1.2725 0.6855 -3.0345
v -1.1600 0.6230 -3.0970
v -1.2800 0.6230 -3.0970
v -1.0700 0.9703 -2.9400
v -1.3700 0.9703 -2.9400
v -1.0775 0.9523 -2.9504
v -1.3625 0.9523 -2.9504
v -1.0970 0.8713 -2.9972
v -1.3430 0.8713 -2.9972
v -1.1300 0.8532 -3.0076
v -1.3100 0.8532 -3.0076
v -1.1675 0.7226 -3.0830
v -1.2725 0.7226 -3.0830
v -1.1600 0.6461 -3.1272
v -1.2800 0.6461 -3.1272
v -1.0700 1.0223 -3.0654
v -1.3700 1.0223 -3.0654
v -1.0775 1.0022 -3.0708
v -1.3625 1.0022 -3.0708
v -1.0970 0.9118 -3.0950
v -1.3430 0.9118 -3.0950
v -1.1300 0.8917 -3.1004
v -1.3100 0.8917 -3.1004
v -1.1675 0.7460 -3.1394
v -1.2725 0.7460 -3.1394
v -1.1600 0.6606 -3.1623
v -1.2800 0.6606 -3.1623
v -1.0700 1.0400 -3.2000
v -1.3700 1.0400 -3.2000
v -1.0775 1.0192 -3.2000
v -1.3625 1.0192 -3.2000
v -1.0970 0.9256 -3.2000
v -1.3430 0.9256 -3.2000
v -1.1300 0.9048 -3.2000
v -1.3100 0.9048 -3.2000
v -1.1675 0.7540 -3.2000
v -1.2725 0.7540 -3.2000
v -1.1600 0.6656 -3.2000
v -1.2800 0.6656 -3.2000
v -1.0700 1.0223 -3.3346
v -1.3700 1.0223 -3.3346
v -1.0775 1.0022 -3.3292
v -1.3625 1.0022 -3.3292
v -1.0970 0.9118 -3.3050
v -1.3430 0.9118 -3.3050
v -1.1300 0.8917 -3.2996
v -1.3100 0.8917 -3.2996
v -1.1675 0.7460 -3.2606
v -1.2725 0.7460 -3.2606
v -1.1600 0.6606 -3.2377
v -1.2800 0.6606 -3.2377
v -1.0700 0.9703 -3.4600
v -1.3700 0.9703 -3.4600
v -1.0775 0.9523 -3.4496
v -1.3625 0.9523 -3.4496
v -1.0970 0.8713 -3.4028
v -1.3430 0.8713 -3.4028
v -1.1300 0.8532 -3.3924
v -1.3100 0.8532 -3.3924
v -1.1675 0.7226 -3.3170
v -1.2725 0.7226 -3.3170
v -1.1600 0.6461 -3.2728
v -1.2800 0.6461 -3.2728
v -1.0700 0.8877 -3.5677
v -1.3700 0.8877 -3.5677
v -1.0775 0.8730 -3.5530
v -1.3625 0.8730 -3.5530
v -1.0970 0.8068 -3.4868
v -1.3430 0.8068 -3.4868
v -1.1300 0.7921 -3.4721
v -1.3100 0.7921 -3.4721
v -1.1675 0.6855 -3.3655
v -1.2725 0.6855 -3.3655
v -1.1600 0.6230 -3.3030
v -1.2800 0.6230 -3.3030
v -1.0700 0.7800 -3.6503
v -1.3700 0.7800 -3.6503
v -1.0775 0.7696 -3.6323
v -1.3625 0.7696 -3.6323
v -1.0970 0.7228 -3.5513
v -1.3430 0.7228 -3.5513
v -1.1300 0.7124 -3.5332
v -1.3100 0.7124 -3.5332
v -1.1675 0.6370 -3.4026
v -1.2725 0.6370 -3.4026
v -1.1600 0.5928 -3.3261
v -1.2800 0.5928 -3.3261
v -1.0700 0.6546 -3.7023
v -1.3700 0.6546 -3.7023
v -1.0775 0.6492 -3.6822
v -1.3625 0.6492 -3.6822
v -1.0970 0.6250 -3.5918
v -1.3430 0.6250 -3.5918
v -1.1300 0.6196 -3.5717
v -1.3100 0.6196 -3.5717
v -1.1675 0.5806 -3.4260
v -1.2725 0.5806 -3.4260
v -1.1600 0.5577 -3.3406
v -1.2800 0.5577 -3.3406
v -1.0700 0.5200 -3.7200
v -1.3700 0.5200 -3.7200
v -1.0775 0.5200 -3.6992
v -1.3625 0.5200 -3.6992
v -1.0970 0.5200 -3.6056
v -1.3430 0.5200 -3.6056
v -1.1300 0.5200 -3.5848
v -1.3100 0.5200 -3.5848
v -1.1675 0.5200 -3.4340
v -1.2725 0.5200 -3.4340
v -1.1600 0.5200 -3.3456
v -1.2800 0.5200 -3.3456
v -1.0700 0.3854 -3.7023
v -1.3700 0.3854 -3.7023
v -1.0775 0.3908 -3.6822
v -1.3625 0.3908 -3.6822
v -1.0970 0.4150 -3.5918
v -1.3430 0.4150 -3.5918
v -1.1300 0.4204 -3.5717
v -1.3100 0.4204 -3.5717
v -1.1675 0.4594 -3.4260
v -1.2725 0.4594 -3.4260
v -1.1600 0.4823 -3.3406
v -1.2800 0.4823 -3.3406
v -1.0700 0.2600 -3.6503
v -1.3700 0.2600 -3.6503
v -1.0775 0.2704 -3.6323
v -1.3625 0.2704 -3.6323
v -1.0970 0.3172 -3.5513
v -1.3430 0.3172 -3.5513
v -1.1300 0.3276 -3.5332
v -1.3100 0.3276 -3.5332
v -1.1675 0.4030 -3.4026
v -1.2725 0.4030 -3.4026
v -1.1600 0.4472 -3.3261
v -1.2800 0.4472 -3.3261
v -1.0700 0.1523 -3.5677
v -1.3700 0.1523 -3.5677
v -1.0775 0.1670 -3.5530
v -1.3625 0.1670 -3.5530
v -1.0970 0.2332 -3.4868
v -1.3430 0.2332 -3.4868
v -1.1300 0.2479 -3.4721
v -1.3100 0.2479 -3.4721
v -1.1675 0.3545 -3.3655
v -1.2725 0.3545 -3.3655
v -1.1600 0.4170 -3.3030
v -1.2800 0.4170 -3.3030
v -1.0700 0.0697 -3.4600
v -1.3700 0.0697 -3.4600
v -1.0775 0.0877 -3.4496
v -1.3625 0.0877 -3.4496
v -1.0970 0.1687 -3.4028
v -1.3430 0.1687 -3.4028
v -1.1300 0.1868 -3.3924
v -1.3100 0.1868 -3.3924
v -1.1675 0.3174 -3.3170
v -1.2725 0.3174 -3.3170
v -1.1600 0.3939 -3.2728
v -1.2800 0.3939 -3.2728
v -1.0700 0.0177 -3.3346
v -1.3700 0.0177 -3.3346
v -1.0775 0.0378 -3.3292
v -1.3625 0.0378 -3.3292
v -1.0970 0.1282 -3.3050
v -1.3430 0.1282 -3.3050
v -1.1300 0.1483 -3.2996
v -1.3100 0.1483 -3.2996
v -1.1675 0.2940 -3.2606
v -1.2725 0.2940 -3.2606
v -1.1600 0.3794 -3.2377
v -1.2800 0.3794 -3.2377
v -1.0700 0.0000 -3.2000
v -1.3700 0.0000 -3.2000
v -1.0775 0.0208 -3.2000
v -1.3625 0.0208 -3.2000
v -1.0970 0.1144 -3.2000
v -1.3430 0.1144 -3.2000
v -1.1300 0.1352 -3.2000
v -1.3100 0.1352 -3.2000
v -1.1675 0.2860 -3.2000
v -1.2725 0.2860 -3.2000
v -1.1600 0.3744 -3.2000
v -1.2800 0.3744 -3.2000
v -1.0700 0.0177 -3.0654
v -1.3700 0.0177 -3.0654
v -1.0775 0.0378 -3.0708
v -1.3625 0.0378 -3.0708
v -1.0970 0.1282 -3.0950
v -1.3430 0.1282 -3.0950
v -1.1300 0.1483 -3.1004
v -1.3100 0.1483 -3.1004
v -1.1675 0.2940 -3.1394
v -1.2725 0.2940 -3.1394
v -1.1600 0.3794 -3.1623
v -1.2800 0.3794 -3.1623
v -1.0700 0.0697 -2.9400
v -1.3700 0.0697 -2.9400
v -1.0775 0.0877 -2.9504
v -1.3625 0.0877 -2.9504
v -1.0970 0.1687 -2.9972
v -1.3430 0.1687 -2.9972
v -1.1300 0.1868 -3.0076
v -1.3100 0.1868 -3.0076
v -1.1675 0.3174 -3.0830
v -1.2725 0.3174 -3.0830
v -1.1600 0.3939 -3.1272
v -1.2800 0.3939 -3.1272
v -1.0700 0.1523 -2.8323
v -1.3700 0.1523 -2.8323
v -1.0775 0.1670 -2.8470
v -1.3625 0.1670 -2.8470
v -1.0970 0.2332 -2.9132
v -1.3430 0.2332 -2.9132
v -1.1300 0.2479 -2.9279
v -1.3100 0.2479 -2.9279
v -1.1675 0.3545 -3.0345
v -1.2725 0.3545 -3.0345
v -1.1600 0.4170 -3.0970
v -1.2800 0.4170 -3.0970
v -1.0700 0.2600 -2.7497
v -1.3700 0.2600 -2.7497
v -1.0775 0.2704 -2.7677
v -1.3625 0.2704 -2.7677
v -1.0970 0.3172 -2.8487
v -1.3430 0.3172 -2.8487
v -1.1300 0.3276 -2.8668
v -1.3100 0.3276 -2.8668
v -1.1675 0.4030 -2.9974
v -1.2725 0.4030 -2.9974
v -1.1600 0.4472 -3.0739
v -1.2800 0.4472 -3.0739
v -1.0700 0.3854 -2.6977
v -1.3700 0.3854 -2.6977
v -1.0775 0.3908 -2.7178
v -1.3625 0.3908 -2.7178
v -1.0970 0.4150 -2.8082
v -1.3430 0.4150 -2.8082
v -1.1300 0.4204 -2.8283
v -1.3100 0.4204 -2.8283
v -1.1675 0.4594 -2.9740
v -1.2725 0.4594 -2.9740
v -1.1600 0.4823 -3.0594
v -1.2800 0.4823 -3.0594
v -1.1600 0.5200 -3.2000
v -1.2800 0.5200 -3.2000
vn 0.5000 0.0000 0.5000
vn -0.5000 0.0000 0.5000
vn 0.5000 0.0000 0.5000
vn -0.5000 0.0000 0.5000
vn 0.5000 0.0000 0.5000
vn -0.5000 0.0000 0.5000
vn 0.5000 0.0000 0.5000
vn -0.5000 0.0000 0.5000
vn 0.5000 0.0000 0.5000
vn -0.5000 0.0000 0.5000
vn 0.5000 0.0000 0.5000
vn -0.5000 0.0000 0.5000
vn 0.5000 0.1294 0.4830
vn -0.5000 0.1294 0.4830
vn 0.5000 0.1294 0.4830
vn -0.5000 0.1294 0.4830
vn 0.5000 0.1294 0.4830
vn -0.5000 0.1294 0.4830
vn 0.5000 0.1294 0.4830
vn -0.5000 0.1294 0.4830
vn 0.5000 0.1294 0.4830
vn -0.5000 0.1294 0.4830
vn 0.5000 0.1294 0.4830
vn -0.5000 0.1294 0.4830
vn 0.5000 0.2500 0.4330
vn -0.5000 0.2500 0.4330
vn 0.5000 0.2500 0.4330
vn -0.5000 0.2500 0.4330
vn 0.5000 0.2500 0.4330
vn -0.5000 0.2500 0.4330
vn 0.5000 0.2500 0.4330
vn -0.5000 0.2500 0.4330
vn 0.5000 0.2500 0.4330
vn -0.5000 0.2500 0.4330
vn 0.5000 0.2500 0.4330
vn -0.5000 0.2500 0.4330
vn 0.5000 0.3536 0.3536
vn -0.5000 0.3536 0.3536
vn 0.5000 0.3536 0.3536
vn -0.5000 0.3536 0.3536
vn 0.5000 0.3536 0.3536
vn -0.5000 0.3536 0.3536
vn 0.5000 0.3536 0.3536
vn -0.5000 0.3536 0.3536
vn 0.5000 0.3536 0.3536
vn -0.5000 0.3536 0.3536
vn 0.5000 0.3536 0.3536
vn -0.5000 0.3536 0.3536
vn 0.5000 0.4330 0.2500
vn -0.5000 0.4330 0.2500
vn 0.5000 0.4330 0.2500
vn -0.5000 0.4330 0.2500
vn 0.5000 0.4330 0.2500
vn -0.5000 0.4330 0.2500
vn 0.5000 0.4330 0.2500
vn -0.5000 0.4330 0.2500
vn 0.5000 0.4330 0.2500
vn -0.5000 0.4330 0.2500
vn 0.5000 0.4330 0.2500
vn -0.5000 0.4330 0.2500
vn 0.5000 0.4830 0.1294
vn -0.5000 0.4830 0.1294
vn 0.5000 0.4830 0.1294
vn -0.5000 0.4830 0.1294
vn 0.5000 0.4830 0.1294
vn -0.5000 0.4830 0.1294
vn 0.5000 0.4830 0.1294
vn -0.5000 0.4830 0.1294
vn 0.5000 0.4830 0.1294
vn -0.5000 0.4830 0.1294
vn 0.5000 0.4830 0.1294
vn -0.5000 0.4830 0.1294
vn 0.5000 0.5000 0.0000
vn -0.5000 0.5000 0.0000
vn 0.5000 0.5000 0.0000
vn -0.5000 0.5000 0.0000
vn 0.5000 0.5000 0.0000
vn -0.5000 0.5000 0.0000
vn 0.5000 0.5000 0.0000
vn -0.5000 0.5000 0.0000
vn 0.5000 0.5000 0.0000
vn -0.5000 0.5000 0.0000
vn 0.5000 0.5000 0.0000
vn -0.5000 0.5000 0.0000
vn 0.5000 0.4830 -0.1294
vn -0.5000 0.4830 -0.1294
vn 0.5000 0.4830 -0.1294
vn -0.5000 0.4830 -0.1294
vn 0.5000 0.4830 -0.1294
vn -0.5000 0.4830 -0.1294
vn 0.5000 0.4830 -0.1294
vn -0.5000 0.4830 -0.1294
vn 0.5000 0.4830 -0.1294
vn -0.5000 0.4830 -0.1294
vn 0.5000 0.4830 -0.1294
vn -0.5000 0.4830 -0.1294
vn 0.5000 0.4330 -0.2500
vn -0.5000 0.4330 -0.2500
vn 0.5000 0.4330 -0.2500
vn -0.5000 0.4330 -0.2500
vn 0.5000 0.4330 -0.2500
vn -0.5000 0.4330 -0.2500
vn 0.5000 0.4330 -0.2500
vn -0.5000 0.4330 -0.2500
vn 0.5000 0.4330 -0.2500
vn -0.5000 0.4330 -0.2500
vn 0.5000 0.4330 -0.2500
vn -0.5000 0.4330 -0.2500
vn 0.5000 0.3536 -0.3536
vn -0.5000 0.3536 -0.3536
vn 0.5000 0.3536 -0.3536
vn -0.5000 0.3536 -0.3536
vn 0.5000 0.3536 -0.3536
vn -0.5000 0.3536 -0.3536
vn 0.5000 0.3536 -0.3536
vn -0.5000 0.3536 -0.3536
vn 0.5000 0.3536 -0.3536
vn -0.5000 0.3536 -0.3536
vn 0.5000 0.3536 -0.3536
vn -0.5000 0.3536 -0.3536
vn 0.5000 0.2500 -0.4330
vn -0.5000 0.2500 -0.4330
vn 0.5000 0.2500 -0.4330
vn -0.5000 0.2500 -0.4330
vn 0.5000 0.2500 -0.4330
vn -0.5000 0.2500 -0.4330
vn 0.5000 0.2500 -0.4330
vn -0.5000 0.2500 -0.4330
vn 0.5000 0.2500 -0.4330
vn -0.5000 0.2500 -0.4330
vn 0.5000 0.2500 -0.4330
vn -0.5000 0.2500 -0.4330
vn 0.5000 0.1294 -0.4830
vn -0.5000 0.1294 -0.4830
vn 0.5000 0.1294 -0.4830
vn -0.5000 0.1294 -0.4830
vn 0.5000 0.1294 -0.4830
vn -0.5000 0.1294 -0.4830
vn 0.5000 0.1294 -0.4830
vn -0.5000 0.1294 -0.4830
vn 0.5000 0.1294 -0.4830
vn -0.5000 0.1294 -0.4830
vn 0.5000 0.1294 -0.4830
vn -0.5000 0.1294 -0.4830
vn 0.5000 0.0000 -0.5000
vn -0.5000 0.0000 -0.5000
vn 0.5000 0.0000 -0.5000
vn -0.5000 0.0000 -0.5000
vn 0.5000 0.0000 -0.5000
vn -0.5000 0.0000 -0.5000
vn 0.5000 0.0000 -0.5000
vn -0.5000 0.0000 -0.5000
vn 0.5000 0.0000 -0.5000
vn -0.5000 0.0000 -0.5000
vn 0.5000 0.0000 -0.5000
vn -0.5000 0.0000 -0.5000
vn 0.5000 -0.1294 -0.4830
vn -0.5000 -0.1294 -0.4830
vn 0.5000 -0.1294 -0.4830
vn -0.5000 -0.1294 -0.4830
vn 0.5000 -0.1294 -0.4830
vn -0.5000 -0.1294 -0.4830
vn 0.5000 -0.1294 -0.4830
vn -0.5000 -0.1294 -0.4830
vn 0.5000 -0.1294 -0.4830
vn -0.5000 -0.1294 -0.4830
vn 0.5000 -0.1294 -0.4830
vn -0.5000 -0.1294 -0.4830
vn 0.5000 -0.2500 -0.4330
vn -0.5000 -0.2500 -0.4330
vn 0.5000 -0.2500 -0.4330
vn -0.5000 -0.2500 -0.4330
vn 0.5000 -0.2500 -0.4330
vn -0.5000 -0.2500 -0.4330
vn 0.5000 -0.2500 -0.4330
vn -0.5000 -0.2500 -0.4330
vn 0.5000 -0.2500 -0.4330
vn -0.5000 -0.2500 -0.4330
vn 0.5000 -0.2500 -0.4330
vn -0.5000 -0.2500 -0.4330
vn 0.5000 -0.3536 -0.3536
vn -0.5000 -0.3536 -0.3536
vn 0.5000 -0.3536 -0.3536
vn -0.5000 -0.3536 -0.3536
vn 0.5000 -0.3536 -0.3536
vn -0.5000 -0.3536 -0.3536
vn 0.5000 -0.3536 -0.3536
vn -0.5000 -0.3536 -0.3536
vn 0.5000 -0.3536 -0.3536
vn -0.5000 -0.3536 -0.3536
vn 0.5000 -0.3536 -0.3536
vn -0.5000 -0.3536 -0.3536
vn 0.5000 -0.4330 -0.2500
vn -0.5000 -0.4330 -0.2500
vn 0.5000 -0.4330 -0.2500
vn -0.5000 -0.4330 -0.2500
vn 0.5000 -0.4330 -0.2500
vn -0.5000 -0.4330 -0.2500
vn 0.5000 -0.4330 -0.2500
vn -0.5000 -0.4330 -0.2500
vn 0.5000 -0.4330 -0.2500
vn -0.5000 -0.4330 -0.2500
vn 0.5000 -0.4330 -0.2500
vn -0.5000 -0.4330 -0.2500
vn 0.5000 -0.4830 -0.1294
vn -0.5000 -0.4830 -0.1294
vn 0.5000 -0.4830 -0.1294
vn -0.5000 -0.4830 -0.1294
vn 0.5000 -0.4830 -0.1294
vn -0.5000 -0.4830 -0.1294
vn 0.5000 -0.4830 -0.1294
vn -0.5000 -0.4830 -0.1294
vn 0.5000 -0.4830 -0.1294
vn -0.5000 -0.4830 -0.1294
vn 0.5000 -0.4830 -0.1294
vn -0.5000 -0.4830 -0.1294
vn 0.5000 -0.5000 -0.0000
vn -0.5000 -0.5000 -0.0000
vn 0.5000 -0.5000 -0.0000
vn -0.5000 -0.5000 -0.0000
vn 0.5000 -0.5000 -0.0000
vn -0.5000 -0.5000 -0.0000
vn 0.5000 -0.5000 -0.0000
vn -0.5000 -0.5000 -0.0000
vn 0.5000 -0.5000 -0.0000
vn -0.5000 -0.5000 -0.0000
vn 0.5000 -0.5000 -0.0000
vn -0.5000 -0.5000 -0.0000
vn 0.5000 -0.4830 0.1294
vn -0.5000 -0.4830 0.1294
vn 0.5000 -0.4830 0.1294
vn -0.5000 -0.4830 0.1294
vn 0.5000 -0.4830 0.1294
vn -0.5000 -0.4830 0.1294
vn 0.5000 -0.4830 0.1294
vn -0.5000 -0.4830 0.1294
vn 0.5000 -0.4830 0.1294
vn -0.5000 -0.4830 0.1294
vn 0.5000 -0.4830 0.1294
vn -0.5000 -0.4830 0.1294
vn 0.5000 -0.4330 0.2500
vn -0.5000 -0.4330 0.2500
vn 0.5000 -0.4330 0.2500
vn -0.5000 -0.4330 0.2500
vn 0.5000 -0.4330 0.2500
vn -0.5000 -0.4330 0.2500
vn 0.5000 -0.4330 0.2500
vn -0.5000 -0.4330 0.2500
vn 0.5000 -0.4330 0.2500
vn -0.5000 -0.4330 0.2500
vn 0.5000 -0.4330 0.2500
vn -0.5000 -0.4330 0.2500
vn 0.5000 -0.3536 0.3536
vn -0.5000 -0.3536 0.3536
vn 0.5000 -0.3536 0.3536
vn -0.5000 -0.3536 0.3536
vn 0.5000 -0.3536 0.3536
vn -0.5000 -0.3536 0.3536
vn 0.5000 -0.3536 0.3536
vn -0.5000 -0.3536 0.3536
vn 0.5000 -0.3536 0.3536
vn -0.5000 -0.3536 0.3536
vn 0.5000 -0.3536 0.3536
vn -0.5000 -0.3536 0.3536
vn 0.5000 -0.2500 0.4330
vn -0.5000 -0.2500 0.4330
vn 0.5000 -0.2500 0.4330
vn -0.5000 -0.2500 0.4330
vn 0.5000 -0.2500 0.4330
vn -0.5000 -0.2500 0.4330
vn 0.5000 -0.2500 0.4330
vn -0.5000 -0.2500 0.4330
vn 0.5000 -0.2500 0.4330
vn -0.5000 -0.2500 0.4330
vn 0.5000 -0.2500 0.4330
vn -0.5000 -0.2500 0.4330
vn 0.5000 -0.1294 0.4830
vn -0.5000 -0.1294 0.4830
vn 0.5000 -0.1294 0.4830
vn -0.5000 -0.1294 0.4830
vn 0.5000 -0.1294 0.4830
vn -0.5000 -0.1294 0.4830
vn 0.5000 -0.1294 0.4830
vn -0.5000 -0.1294 0.4830
vn 0.5000 -0.1294 0.4830
vn -0.5000 -0.1294 0.4830
vn 0.5000 -0.1294 0.4830
vn -0.5000 -0.1294 0.4830
vn 1.0000 0.0000 0.0000
vn -1.0000 0.0000 0.0000
vt 0.0000 0.0000
vt 0.0000 0.0000
vt 0.0000 0.1667
vt 0.0000 0.1667
vt 0.0000 0.3333
vt 0.0000 0.3333
vt 0.0000 0.5000
vt 0.0000 0.5000
vt 0.0000 0.6667
vt 0.0000 0.6667
vt 0.0000 0.8333
vt 0.0000 0.8333
vt 0.0417 0.0000
vt 0.0417 0.0000
vt 0.0417 0.1667
vt 0.0417 0.1667
vt 0.0417 0.3333
vt 0.0417 0.3333
vt 0.0417 0.5000
vt 0.0417 0.5000
vt 0.0417 0.6667
vt 0.0417 0.6667
vt 0.0417 0.8333
vt 0.0417 0.8333
vt 0.0833 0.0000
vt 0.0833 0.0000
vt 0.0833 0.1667
vt 0.0833 0.1667
vt 0.0833 0.3333
vt 0.0833 0.3333
vt 0.0833 0.5000
vt 0.0833 0.5000
vt 0.0833 0.6667
vt 0.0833 0.6667
vt 0.0833 0.8333
vt 0.0833 0.8333
vt 0.1250 0.0000
vt 0.1250 0.0000
vt 0.1250 0.1667
vt 0.1250 0.1667
vt 0.1250 0.3333
vt 0.1250 0.3333
vt 0.1250 0.5000
vt 0.1250 0.5000
vt 0.1250 0.6667
vt 0.1250 0.6667
vt 0.1250 0.8333
vt 0.1250 0.8333
vt 0.1667 0.0000
vt 0.1667 0.0000
vt 0.1667 0.1667
vt 0.1667 0.1667
vt 0.1667 0.3333
vt 0.1667 0.3333
vt 0.1667 0.5000
vt 0.1667 0.5000
vt 0.1667 0.6667
vt 0.1667 0.6667
vt 0.1667 0.8333
vt 0.1667 0.8333
vt 0.2083 0.0000
vt 0.2083 0.0000
vt 0.2083 0.1667
vt 0.2083 0.1667
vt 0.2083 0.3333
vt 0.2083 0.3333
vt 0.2083 0.5000
vt 0.2083 0.5000
vt 0.2083 0.6667
vt 0.2083 0.6667
vt 0.2083 0.8333
vt 0.2083 0.8333
vt 0.2500 0.0000
vt 0.2500 0.0000
vt 0.2500 0.1667
vt 0.2500 0.1667
vt 0.2500 0.3333
vt 0.2500 0.3333
vt 0.2500 0.5000
vt 0.2500 0.5000
vt 0.2500 0.6667
vt 0.2500 0.6667
vt 0.2500 0.8333
vt 0.2500 0.8333
vt 0.2917 0.0000
vt 0.2917 0.0000
vt 0.2917 0.1667
vt 0.2917 0.1667
vt 0.2917 0.3333
vt 0.2917 0.3333
vt 0.2917 0.5000
vt 0.2917 0.5000
vt 0.2917 0.6667
vt 0.2917 0.6667
vt 0.2917 0.8333
vt 0.2917 0.8333
vt 0.3333 0.0000
vt 0.3333 0.0000
vt 0.3333 0.1667
vt 0.3333 0.1667
vt 0.3333 0.3333
vt 0.3333 0.3333
vt 0.3333 0.5000
vt 0.3333 0.5000
vt 0.3333 0.6667
vt 0.3333 0.6667
vt 0.3333 0.8333
vt 0.3333 0.8333
vt 0.3750 0.0000
vt 0.3750 0.0000
vt 0.3750 0.1667
vt 0.3750 0.1667
vt 0.3750 0.3333
vt 0.3750 0.3333
vt 0.3750 0.5000
vt 0.3750 0.5000
vt 0.3750 0.6667
vt 0.3750 0.6667
vt 0.3750 0.8333
vt 0.3750 0.8333
vt 0.4167 0.0000
vt 0.4167 0.0000
vt 0.4167 0.1667
vt 0.4167 0.1667
vt 0.4167 0.3333
vt 0.4167 0.3333
vt 0.4167 0.5000
vt 0.4167 0.5000
vt 0.4167 0.6667
vt 0.4167 0.6667
vt 0.4167 0.8333
vt 0.4167 0.8333
vt 0.4583 0.0000
vt 0.4583 0.0000
vt 0.4583 0.1667
vt 0.4583 0.1667
vt 0.4583 0.3333
vt 0.4583 0.3333
vt 0.4583 0.5000
vt 0.4583 0.5000
vt 0.4583 0.6667
vt 0.4583 0.6667
vt 0.4583 0.8333
vt 0.4583 0.8333
vt 0.5000 0.0000
vt 0.5000 0.0000
vt 0.5000 0.1667
vt 0.5000 0.1667
vt 0.5000 0.3333
vt 0.5000 0.3333
vt 0.5000 0.5000
vt 0.5000 0.5000
vt 0.5000 0.6667
vt 0.5000 0.6667
vt 0.5000 0.8333
vt 0.5000 0.8333
vt 0.5417 0.0000
vt 0.5417 0.0000
vt 0.5417 0.1667
vt 0.5417 0.1667
vt 0.5417 0.3333
vt 0.5417 0.3333
vt 0.5417 0.5000
vt 0.5417 0.5000
vt 0.5417 0.6667
vt 0.5417 0.6667
vt 0.5417 0.8333
vt 0.5417 0.8333
vt 0.5833 0.0000
vt 0.5833 0.0000
vt 0.5833 0.1667
vt 0.5833 0.1667
vt 0.5833 0.3333
vt 0.5833 0.3333
vt 0.5833 0.5000
vt 0.5833 0.5000
vt 0.5833 0.6667
vt 0.5833 0.6667
vt 0.5833 0.8333
vt 0.5833 0.8333
vt 0.6250 0.0000
vt 0.6250 0.0000
vt 0.6250 0.1667
vt 0.6250 0.1667
vt 0.6250 0.3333
vt 0.6250 0.3333
vt 0.6250 0.5000
vt 0.6250 0.5000
vt 0.6250 0.6667
vt 0.6250 0.6667
vt 0.6250 0.8333
vt 0.6250 0.8333
vt 0.6667 0.0000
vt 0.6667 0.0000
vt 0.6667 0.1667
vt 0.6667 0.1667
vt 0.6667 0.3333
vt 0.6667 0.3333
vt 0.6667 0.5000
vt 0.6667 0.5000
vt 0.6667 0.6667
vt 0.6667 0.6667
vt 0.6667 0.8333
vt 0.6667 0.8333
vt 0.7083 0.0000
vt 0.7083 0.0000
vt 0.7083 0.1667
vt 0.7083 0.1667
vt 0.7083 0.3333
vt 0.7083 0.3333
vt 0.7083 0.5000
vt 0.7083 0.5000
vt 0.7083 0.6667
vt 0.7083 0.6667
vt 0.7083 0.8333
vt 0.7083 0.8333
vt 0.7500 0.0000
vt 0.7500 0.0000
vt 0.7500 0.1667
vt 0.7500 0.1667
vt 0.7500 0.3333
vt 0.7500 0.3333
vt 0.7500 0.5000
vt 0.7500 0.5000
vt 0.7500 0.6667
vt 0.7500 0.6667
vt 0.7500 0.8333
vt 0.7500 0.8333
vt 0.7917 0.0000
vt 0.7917 0.0000
vt 0.7917 0.1667
vt 0.7917 0.1667
vt 0.7917 0.3333
vt 0.7917 0.3333
vt 0.7917 0.5000
vt 0.7917 0.5000
vt 0.7917 0.6667
vt 0.7917 0.6667
vt 0.7917 0.8333
vt 0.7917 0.8333
vt 0.8333 0.0000
vt 0.8333 0.0000
vt 0.8333 0.1667
vt 0.8333 0.1667
vt 0.8333 0.3333
vt 0.8333 0.3333
vt 0.8333 0.5000
vt 0.8333 0.5000
vt 0.8333 0.6667
vt 0.8333 0.6667
vt 0.8333 0.8333
vt 0.8333 0.8333
vt 0.8750 0.0000
vt 0.8750 0.0000
vt 0.8750 0.1667
vt 0.8750 0.1667
vt 0.8750 0.3333
vt 0.8750 0.3333
vt 0.8750 0.5000
vt 0.8750 0.5000
vt 0.8750 0.6667
vt 0.8750 0.6667
vt 0.8750 0.8333
vt 0.8750 0.8333
vt 0.9167 0.0000
vt 0.9167 0.0000
vt 0.9167 0.1667
vt 0.9167 0.1667
vt 0.9167 0.3333
vt 0.9167 0.3333
vt 0.9167 0.5000
vt 0.9167 0.5000
vt 0.9167 0.6667
vt 0.9167 0.6667
vt 0.9167 0.8333
vt 0.9167 0.8333
vt 0.9583 0.0000
vt 0.9583 0.0000
vt 0.9583 0.1667
vt 0.9583 0.1667
vt 0.9583 0.3333
vt 0.9583 0.3333
vt 0.9583 0.5000
vt 0.9583 0.5000
vt 0.9583 0.6667
vt 0.9583 0.6667
vt 0.9583 0.8333
vt 0.9583 0.8333
vt 0.5000 0.5000
vt 0.5000 0.5000
f 1284/1284/1284 1286/1286/1286 1298/1298/1298
f 1284/1284/1284 1298/1298/1298 1296/1296/1296
f 1286/1286/1286 1288/1288/1288 1300/1300/1300
f 1286/1286/1286 1300/1300/1300 1298/1298/1298
f 1288/1288/1288 1290/1290/1290 1302/1302/1302
f 1288/1288/1288 1302/1302/1302 1300/1300/1300
f 1290/1290/1290 1292/1292/1292 1304/1304/1304
f 1290/1290/1290 1304/1304/1304 1302/1302/1302
f 1292/1292/1292 1294/1294/1294 1306/1306/1306
f 1292/1292/1292 1306/1306/1306 1304/1304/1304
f 1285/1285/1285 1297/1297/1297 1299/1299/1299
f 1285/1285/1285 1299/1299/1299 1287/1287/1287
f 1287/1287/1287 1299/1299/1299 1301/1301/1301
f 1287/1287/1287 1301/1301/1301 1289/1289/1289
f 1289/1289/1289 1301/1301/1301 1303/1303/1303
f 1289/1289/1289 1303/1303/1303 1291/1291/1291
f 1291/1291/1291 1303/1303/1303 1305/1305/1305
f 1291/1291/1291 1305/1305/1305 1293/1293/1293
f 1293/1293/1293 1305/1305/1305 1307/1307/1307
f 1293/1293/1293 1307/1307/1307 1295/1295/1295
f 1284/1284/1284 1285/1285/1285 1297/1297/1297
f 1284/1284/1284 1297/1297/1297 1296/1296/1296
f 1572/1572/1572 1294/1294/1294 1306/1306/1306
f 1573/1573/1573 1307/1307/1307 1295/1295/1295
f 1296/1296/1296 1298/1298/1298 1310/1310/1310
f 1296/1296/1296 1310/1310/1310 1308/1308/1308
f 1298/1298/1298 1300/1300/1300 1312/1312/1312
f 1298/1298/1298 1312/1312/1312 1310/1310/1310
f 1300/1300/1300 1302/1302/1302 1314/1314/1314
f 1300/1300/1300 1314/1314/1314 1312/1312/1312
f 1302/1302/1302 1304/1304/1304 1316/1316/1316
f 1302/1302/1302 1316/1316/1316 1314/1314/1314
f 1304/1304/1304 1306/1306/1306 1318/1318/1318
f 1304/1304/1304 1318/1318/1318 1316/1316/1316
f 1297/1297/1297 1309/1309/1309 1311/1311/1311
f 1297/1297/1297 1311/1311/1311 1299/1299/1299
f 1299/1299/1299 1311/1311/1311 1313/1313/1313
f 1299/1299/1299 1313/1313/1313 1301/1301/1301
f 1301/1301/1301 1313/1313/1313 1315/1315/1315
f 1301/1301/1301 1315/1315/1315 1303/1303/1303
f 1303/1303/1303 1315/1315/1315 1317/1317/1317
f 1303/1303/1303 1317/1317/1317 1305/1305/1305
f 1305/1305/1305 1317/1317/1317 1319/1319/1319
f 1305/1305/1305 1319/1319/1319 1307/1307/1307
f 1296/1296/1296 1297/1297/1297 1309/1309/1309
f 1296/1296/1296 1309/1309/1309 1308/1308/1308
f 1572/1572/1572 1306/1306/1306 1318/1318/1318
f 1573/1573/1573 1319/1319/1319 1307/1307/1307
f 1308/1308/1308 1310/1310/1310 1322/1322/1322
f 1308/1308/1308 1322/1322/1322 1320/1320/1320
f 1310/1310/1310 1312/1312/1312 1324/1324/1324
f 1310/1310/1310 1324/1324/1324 1322/1322/1322
f 1312/1312/1312 1314/1314/1314 1326/1326/1326
f 1312/1312/1312 1326/1326/1326 1324/1324/1324
f 1314/1314/1314 1316/1316/1316 1328/1328/1328
f 1314/1314/1314 1328/1328/1328 1326/1326/1326
f 1316/1316/1316 1318/1318/1318 1330/1330/1330
f 1316/1316/1316 1330/1330/1330 1328/1328/1328
f 1309/1309/1309 1321/1321/1321 1323/1323/1323
f 1309/1309/1309 1323/1323/1323 1311/1311/1311
f 1311/1311/1311 1323/1323/1323 1325/1325/1325
f 1311/1311/1311 1325/1325/1325 1313/1313/1313
f 1313/1313/1313 1325/1325/1325 1327/1327/1327
f 1313/1313/1313 1327/1327/1327 1315/1315/1315
f 1315/1315/1315 1327/1327/1327 1329/1329/1329
f 1315/1315/1315 1329/1329/1329 1317/1317/1317
f 1317/1317/1317 1329/1329/1329 1331/1331/1331
f 1317/1317/1317 1331/1331/1331 1319/1319/1319
f 1308/1308/1308 1309/1309/1309 1321/1321/1321
f 1308/1308/1308 1321/1321/1321 1320/1320/1320
f 1572/1572/1572 1318/1318/1318 1330/1330/1330
f 1573/1573/1573 1331/1331/1331 1319/1319/1319
f 1320/1320/1320 1322/1322/1322 1334/1334/1334
f 1320/1320/1320 1334/1334/1334 1332/1332/1332
f 1322/1322/1322 1324/1324/1324 1336/1336/1336
f 1322/1322/1322 1336/1336/1336 1334/1334/1334
f 1324/1324/1324 1326/1326/1326 1338/1338/1338
f 1324/1324/1324 1338/1338/1338 1336/1336/1336
f 1326/1326/1326 1328/1328/1328 1340/1340/1340
f 1326/1326/1326 1340/1340/1340 1338/1338/1338
f 1328/1328/1328 1330/1330/1330 1342/1342/1342
f 1328/1328/1328 1342/1342/1342 1340/1340/1340
f 1321/1321/1321 1333/1333/1333 1335/1335/1335
f 1321/1321/1321 1335/1335/1335 1323/1323/1323
f 1323/1323/1323 1335/1335/1335 1337/1337/1337
f 1323/1323/1323 1337/1337/1337 1325/1325/1325
f 1325/1325/1325 1337/1337/1337 1339/1339/1339
f 1325/1325/1325 1339/1339/1339 1327/1327/1327
f 1327/1327/1327 1339/1339/1339 1341/1341/1341
f 1327/1327/1327 1341/1341/1341 1329/1329/1329
f 1329/1329/1329 1341/1341/1341 1343/1343/1343
f 1329/1329/1329 1343/1343/1343 1331/1331/1331
f 1320/1320/1320 1321/1321/1321 1333/1333/1333
f 1320/1320/1320 1333/1333/1333 1332/1332/1332
f 1572/1572/1572 1330/1330/1330 1342/1342/1342
f 1573/1573/1573 1343/1343/1343 1331/1331/1331
f 1332/1332/1332 1334/1334/1334 1346/1346/1346
f 1332/1332/1332 1346/1346/1346 1344/1344/1344
f 1334/1334/1334 1336/1336/1336 1348/1348/1348
f 1334/1334/1334 1348/1348/1348 1346/1346/1346
f 1336/1336/1336 1338/1338/1338 1350/1350/1350
f 1336/1336/1336 1350/1350/1350 1348/1348/1348
f 1338/1338/1338 1340/1340/1340 1352/1352/1352
f 1338/1338/1338 1352/1352/1352 1350/1350/1350
f 1340/1340/1340 1342/1342/1342 1354/1354/1354
f 1340/1340/1340 1354/1354/1354 1352/1352/1352
f 1333/1333/1333 1345/1345/1345 1347/1347/1347
f 1333/1333/1333 1347/1347/1347 1335/1335/1335
f 1335/1335/1335 1347/1347/1347 1349/1349/1349
f 1335/1335/1335 1349/1349/1349 1337/1337/1337
f 1337/1337/1337 1349/1349/1349 1351/1351/1351
f 1337/1337/1337 1351/1351/1351 1339/1339/1339
f 1339/1339/1339 1351/1351/1351 1353/1353/1353
f 1339/1339/1339 1353/1353/1353 1341/1341/1341
f 1341/1341/1341 1353/1353/1353 1355/1355/1355
f 1341/1341/1341 1355/1355/1355 1343/1343/1343
f 1332/1332/1332 1333/1333/1333 1345/1345/1345
f 1332/1332/1332 1345/1345/1345 1344/1344/1344
f 1572/1572/1572 1342/1342/1342 1354/1354/1354
f 1573/1573/1573 1355/1355/1355 1343/1343/1343
f 1344/1344/1344 1346/1346/1346 1358/1358/1358
f 1344/1344/1344 1358/1358/1358 1356/1356/1356
f 1346/1346/1346 1348/1348/1348 1360/1360/1360
f 1346/1346/1346 1360/1360/1360 1358/1358/1358
f 1348/1348/1348 1350/1350/1350 1362/1362/1362
f 1348/1348/1348 1362/1362/1362 1360/1360/1360
f 1350/1350/1350 1352/1352/1352 1364/1364/1364
f 1350/1350/1350 1364/1364/1364 1362/1362/1362
f 1352/1352/1352 1354/1354/1354 1366/1366/1366
f 1352/1352/1352 1366/1366/1366 1364/1364/1364
f 1345/1345/1345 1357/1357/1357 1359/1359/1359
f 1345/1345/1345 1359/1359/1359 1347/1347/1347
f 1347/1347/1347 1359/1359/1359 1361/1361/1361
f 1347/1347/1347 1361/1361/1361 1349/1349/1349
f 1349/1349/1349 1361/1361/1361 1363/1363/1363
f 1349/1349/1349 1363/1363/1363 1351/1351/1351
f 1351/1351/1351 1363/1363/1363 1365/1365/1365
f 1351/1351/1351 1365/1365/1365 1353/1353/1353
f 1353/1353/1353 1365/1365/1365 1367/1367/1367
f 1353/1353/1353 1367/1367/1367 1355/1355/1355
f 1344/1344/1344 1345/1345/1345 1357/1357/1357
f 1344/1344/1344 1357/1357/1357 1356/1356/1356
f 1572/1572/1572 1354/1354/1354 1366/1366/1366
f 1573/1573/1573 1367/1367/1367 1355/1355/1355
f 1356/1356/1356 1358/1358/1358 1370/1370/1370
f 1356/1356/1356 1370/1370/1370 1368/1368/1368
f 1358/1358/1358 1360/1360/1360 1372/1372/1372
f 1358/1358/1358 1372/1372/1372 1370/1370/1370
f 1360/1360/1360 1362/1362/1362 1374/1374/1374
f 1360/1360/1360 1374/1374/1374 1372/1372/1372
f 1362/1362/1362 1364/1364/1364 1376/1376/1376
f 1362/1362/1362 1376/1376/1376 1374/1374/1374
f 1364/1364/1364 1366/1366/1366 1378/1378/1378
f 1364/1364/1364 1378/1378/1378 1376/1376/1376
f 1357/1357/1357 1369/1369/1369 1371/1371/1371
f 1357/1357/1357 1371/1371/1371 1359/1359/1359
f 1359/1359/1359 1371/1371/1371 1373/1373/1373
f 1359/1359/1359 1373/1373/1373 1361/1361/1361
f 1361/1361/1361 1373/1373/1373 1375/1375/1375
f 1361/1361/1361 1375/1375/1375 1363/1363/1363
f 1363/1363/1363 1375/1375/1375 1377/1377/1377
f 1363/1363/1363 1377/1377/1377 1365/1365/1365
f 1365/1365/1365 1377/1377/1377 1379/1379/1379
f 1365/1365/1365 1379/1379/1379 1367/1367/1367
f 1356/1356/1356 1357/1357/1357 1369/1369/1369
f 1356/1356/1356 1369/1369/1369 1368/1368/1368
f 1572/1572/1572 1366/1366/1366 1378/1378/1378
f 1573/1573/1573 1379/1379/1379 1367/1367/1367
f 1368/1368/1368 1370/1370/1370 1382/1382/1382
f 1368/1368/1368 1382/1382/1382 1380/1380/1380
f 1370/1370/1370 1372/1372/1372 1384/1384/1384
f 1370/1370/1370 1384/1384/1384 1382/1382/1382
f 1372/1372/1372 1374/1374/1374 1386/1386/1386
f 1372/1372/1372 1386/1386/1386 1384/1384/1384
f 1374/1374/1374 1376/1376/1376 1388/1388/1388
f 1374/1374/1374 1388/1388/1388 1386/1386/1386
f 1376/1376/1376 1378/1378/1378 1390/1390/1390
f 1376/1376/1376 1390/1390/1390 1388/1388/1388
f 1369/1369/1369 1381/1381/1381 1383/1383/1383
f 1369/1369/1369 1383/1383/1383 1371/1371/1371
f 1371/1371/1371 1383/1383/1383 1385/1385/1385
f 1371/1371/1371 1385/1385/1385 1373/1373/1373
f 1373/1373/1373 1385/1385/1385 1387/1387/1387
f 1373/1373/1373 1387/1387/1387 1375/1375/1375
f 1375/1375/1375 1387/1387/1387 1389/1389/1389
f 1375/1375/1375 1389/1389/1389 1377/1377/1377
f 1377/1377/1377 1389/1389/1389 1391/1391/1391
f 1377/1377/1377 1391/1391/1391 1379/1379/1379
f 1368/1368/1368 1369/1369/1369 1381/1381/1381
f 1368/1368/1368 1381/1381/1381 1380/1380/1380
f 1572/1572/1572 1378/1378/1378 1390/1390/1390
f 1573/1573/1573 1391/1391/1391 1379/1379/1379
f 1380/1380/1380 1382/1382/1382 1394/1394/1394
f 1380/1380/1380 1394/1394/1394 1392/1392/1392
f 1382/1382/1382 1384/1384/1384 1396/1396/1396
f 1382/1382/1382 1396/1396/1396 1394/1394/1394
f 1384/1384/1384 1386/1386/1386 1398/1398/1398
f 1384/1384/1384 1398/1398/1398 1396/1396/1396
f 1386/1386/1386 1388/1388/1388 1400/1400/1400
f 1386/1386/1386 1400/1400/1400 1398/1398/1398
f 1388/1388/1388 1390/1390/1390 1402/1402/1402
f 1388/1388/1388 1402/1402/1402 1400/1400/1400
f 1381/1381/1381 1393/1393/1393 1395/1395/1395
f 1381/1381/1381 1395/1395/1395 1383/1383/1383
f 1383/1383/1383 1395/1395/1395 1397/1397/1397
f 1383/1383/1383 1397/1397/1397 1385/1385/1385
f 1385/1385/1385 1397/1397/1397 1399/1399/1399
f 1385/1385/1385 1399/1399/1399 1387/1387/1387
f 1387/1387/1387 1399/1399/1399 1401/1401/1401
f 1387/1387/1387 1401/1401/1401 1389/1389/1389
f 1389/1389/1389 1401/1401/1401 1403/1403/1403
f 1389/1389/1389 1403/1403/1403 1391/1391/1391
f 1380/1380/1380 1381/1381/1381 1393/1393/1393
f 1380/1380/1380 1393/1393/1393 1392/1392/1392
f 1572/1572/1572 1390/1390/1390 1402/1402/1402
f 1573/1573/1573 1403/1403/1403 1391/1391/1391
f 1392/1392/1392 1394/1394/1394 1406/1406/1406
f 1392/1392/1392 1406/1406/1406 1404/1404/1404
f 1394/1394/1394 1396/1396/1396 1408/1408/1408
f 1394/1394/1394 1408/1408/1408 1406/1406/1406
f 1396/1396/1396 1398/1398/1398 1410/1410/1410
f 1396/1396/1396 1410/1410/1410 1408/1408/1408
f 1398/1398/1398 1400/1400/1400 1412/1412/1412
f 1398/1398/1398 1412/1412/1412 1410/1410/1410
f 1400/1400/1400 1402/1402/1402 1414/1414/1414
f 1400/1400/1400 1414/1414/1414 1412/1412/1412
f 1393/1393/1393 1405/1405/1405 1407/1407/1407
f 1393/1393/1393 1407/1407/1407 1395/1395/1395
f 1395/1395/1395 1407/1407/1407 1409/1409/1409
f 1395/1395/1395 1409/1409/1409 1397/1397/1397
f 1397/1397/1397 1409/1409/1409 1411/1411/1411
f 1397/1397/1397 1411/1411/1411 1399/1399/1399
f 1399/1399/1399 1411/1411/1411 1413/1413/1413
f 1399/1399/1399 1413/1413/1413 1401/1401/1401
f 1401/1401/1401 1413/1413/1413 1415/1415/1415
f 1401/1401/1401 1415/1415/1415 1403/1403/1403
f 1392/1392/1392 1393/1393/1393 1405/1405/1405
f 1392/1392/1392 1405/1405/1405 1404/1404/1404
f 1572/1572/1572 1402/1402/1402 1414/1414/1414
f 1573/1573/1573 1415/1415/1415 1403/1403/1403
f 1404/1404/1404 1406/1406/1406 1418/1418/1418
f 1404/1404/1404 1418/1418/1418 1416/1416/1416
f 1406/1406/1406 1408/1408/1408 1420/1420/1420
f 1406/1406/1406 1420/1420/1420 1418/1418/1418
f 1408/1408/1408 1410/1410/1410 1422/1422/1422
f 1408/1408/1408 1422/1422/1422 1420/1420/1420
f 1410/1410/1410 1412/1412/1412 1424/1424/1424
f 1410/1410/1410 1424/1424/1424 1422/1422/1422
f 1412/1412/1412 1414/1414/1414 1426/1426/1426
f 1412/1412/1412 1426/1426/1426 1424/1424/1424
f 1405/1405/1405 1417/1417/1417 1419/1419/1419
f 1405/1405/1405 1419/1419/1419 1407/1407/1407
f 1407/1407/1407 1419/1419/1419 1421/1421/1421
f 1407/1407/1407 1421/1421/1421 1409/1409/1409
f 1409/1409/1409 1421/1421/1421 1423/1423/1423
f 1409/1409/1409 1423/1423/1423 1411/1411/1411
f 1411/1411/1411 1423/1423/1423 1425/1425/1425
f 1411/1411/1411 1425/1425/1425 1413/1413/1413
f 1413/1413/1413 1425/1425/1425 1427/1427/1427
f 1413/1413/1413 1427/1427/1427 1415/1415/1415
f 1404/1404/1404 1405/1405/1405 1417/1417/1417
f 1404/1404/1404 1417/1417/1417 1416/1416/1416
f 1572/1572/1572 1414/1414/1414 1426/1426/1426
f 1573/1573/1573 1427/1427/1427 1415/1415/1415
f 1416/1416/1416 1418/1418/1418 1430/1430/1430
f 1416/1416/1416 1430/1430/1430 1428/1428/1428
f 1418/1418/1418 1420/1420/1420 1432/1432/1432
f 1418/1418/1418 1432/1432/1432 1430/1430/1430
f 1420/1420/1420 1422/1422/1422 1434/1434/1434
f 1420/1420/1420 1434/1434/1434 1432/1432/1432
f 1422/1422/1422 1424/1424/1424 1436/1436/1436
f 1422/1422/1422 1436/1436/1436 1434/1434/1434
f 1424/1424/1424 1426/1426/1426 1438/1438/1438
f 1424/1424/1424 1438/1438/1438 1436/1436/1436
f 1417/1417/1417 1429/1429/1429 1431/1431/1431
f 1417/1417/1417 1431/1431/1431 1419/1419/1419
f 1419/1419/1419 1431/1431/1431 1433/1433/1433
f 1419/1419/1419 1433/1433/1433 1421/1421/1421
f 1421/1421/1421 1433/1433/1433 1435/1435/1435
f 1421/1421/1421 1435/1435/1435 1423/1423/1423
f 1423/1423/1423 1435/1435/1435 1437/1437/1437
f 1423/1423/1423 1437/1437/1437 1425/1425/1425
f 1425/1425/1425 1437/1437/1437 1439/1439/1439
f 1425/1425/1425 1439/1439/1439 1427/1427/1427
f 1416/1416/1416 1417/1417/1417 1429/1429/1429
f 1416/1416/1416 1429/1429/1429 1428/1428/1428
f 1572/1572/1572 1426/1426/1426 1438/1438/1438
f 1573/1573/1573 1439/1439/1439 1427/1427/1427
f 1428/1428/1428 1430/1430/1430 1442/1442/1442
f 1428/1428/1428 1442/1442/1442 1440/1440/1440
f 1430/1430/1430 1432/1432/1432 1444/1444/1444
f 1430/1430/1430 1444/1444/1444 1442/1442/1442
f 1432/1432/1432 1434/1434/1434 1446/1446/1446
f 1432/1432/1432 1446/1446/1446 1444/1444/1444
f 1434/1434/1434 1436/1436/1436 1448/1448/1448
f 1434/1434/1434 1448/1448/1448 1446/1446/1446
f 1436/1436/1436 1438/1438/1438 1450/1450/1450
f 1436/1436/1436 1450/1450/1450 1448/1448/1448
f 1429/1429/1429 1441/1441/1441 1443/1443/1443
f 1429/1429/1429 1443/1443/1443 1431/1431/1431
f 1431/1431/1431 1443/1443/1443 1445/1445/1445
f 1431/1431/1431 1445/1445/1445 1433/1433/1433
f 1433/1433/1433 1445/1445/1445 1447/1447/1447
f 1433/1433/1433 1447/1447/1447 1435/1435/1435
f 1435/1435/1435 1447/1447/1447 1449/1449/1449
f 1435/1435/1435 1449/1449/1449 1437/1437/1437
f 1437/1437/1437 1449/1449/1449 1451/1451/1451
f 1437/1437/1437 1451/1451/1451 1439/1439/1439
f 1428/1428/1428 1429/1429/1429 1441/1441/1441
f 1428/1428/1428 1441/1441/1441 1440/1440/1440
f 1572/1572/1572 1438/1438/1438 1450/1450/1450
f 1573/1573/1573 1451/1451/1451 1439/1439/1439
f 1440/1440/1440 1442/1442/1442 1454/1454/1454
f 1440/1440/1440 1454/1454/1454 1452/1452/1452
f 1442/1442/1442 1444/1444/1444 1456/1456/1456
f 1442/1442/1442 1456/1456/1456 1454/1454/1454
f 1444/1444/1444 1446/1446/1446 1458/1458/1458
f 1444/1444/1444 1458/1458/1458 1456/1456/1456
f 1446/1446/1446 1448/1448/1448 1460/1460/1460
f 1446/1446/1446 1460/1460/1460 1458/1458/1458
f 1448/1448/1448 1450/1450/1450 1462/1462/1462
f 1448/1448/1448 1462/1462/1462 1460/1460/1460
f 1441/1441/1441 1453/1453/1453 1455/1455/1455
f 1441/1441/1441 1455/1455/1455 1443/1443/1443
f 1443/1443/1443 1455/1455/1455 1457/1457/1457
f 1443/1443/1443 1457/1457/1457 1445/1445/1445
f 1445/1445/1445 1457/1457/1457 1459/1459/1459
f 1445/1445/1445 1459/1459/1459 1447/1447/1447
f 1447/1447/1447 1459/1459/1459 1461/1461/1461
f 1447/1447/1447 1461/1461/1461 1449/1449/1449
f 1449/1449/1449 1461/1461/1461 1463/1463/1463
f 1449/1449/1449 1463/1463/1463 1451/1451/1451
f 1440/1440/1440 1441/1441/1441 1453/1453/1453
f 1440/1440/1440 1453/1453/1453 1452/1452/1452
f 1572/1572/1572 1450/1450/1450 1462/1462/1462
f 1573/1573/1573 1463/1463/1463 1451/1451/1451
f 1452/1452/1452 1454/1454/1454 1466/1466/1466
f 1452/1452/1452 1466/1466/1466 1464/1464/1464
f 1454/1454/1454 1456/1456/1456 1468/1468/1468
f 1454/1454/1454 1468/1468/1468 1466/1466/1466
f 1456/1456/1456 1458/1458/1458 1470/1470/1470
f 1456/1456/1456 1470/1470/1470 1468/1468/1468
f 1458/1458/1458 1460/1460/1460 1472/1472/1472
f 1458/1458/1458 1472/1472/1472 1470/1470/1470
f 1460/1460/1460 1462/1462/1462 1474/1474/1474
f 1460/1460/1460 1474/1474/1474 1472/1472/1472
f 1453/1453/1453 1465/1465/1465 1467/1467/1467
f 1453/1453/1453 1467/1467/1467 1455/1455/1455
f 1455/1455/1455 1467/1467/1467 1469/1469/1469
f 1455/1455/1455 1469/1469/1469 1457/1457/1457
f 1457/1457/1457 1469/1469/1469 1471/1471/1471
f 1457/1457/1457 1471/1471/1471 1459/1459/1459
f 1459/1459/1459 1471/1471/1471 1473/1473/1473
f 1459/1459/1459 1473/1473/1473 1461/1461/1461
f 1461/1461/1461 1473/1473/1473 1475/1475/1475
f 1461/1461/1461 1475/1475/1475 1463/1463/1463
f 1452/1452/1452 1453/1453/1453 1465/1465/1465
f 1452/1452/1452 1465/1465/1465 1464/1464/1464
f 1572/1572/1572 1462/1462/1462 1474/1474/1474
f 1573/1573/1573 1475/1475/1475 1463/1463/1463
f 1464/1464/1464 1466/1466/1466 1478/1478/1478
f 1464/1464/1464 1478/1478/1478 1476/1476/1476
f 1466/1466/1466 1468/1468/1468 1480/1480/1480
f 1466/1466/1466 1480/1480/1480 1478/1478/1478
f 1468/1468/1468 1470/1470/1470 1482/1482/1482
f 1468/1468/1468 1482/1482/1482 1480/1480/1480
f 1470/1470/1470 1472/1472/1472 1484/1484/1484
f 1470/1470/1470 1484/1484/1484 1482/1482/1482
f 1472/1472/1472 1474/1474/1474 1486/1486/1486
f 1472/1472/1472 1486/1486/1486 1484/1484/1484
f 1465/1465/1465 1477/1477/1477 1479/1479/1479
f 1465/1465/1465 1479/1479/1479 1467/1467/1467
f 1467/1467/1467 1479/1479/1479 1481/1481/1481
f 1467/1467/1467 1481/1481/1481 1469/1469/1469
f 1469/1469/1469 1481/1481/1481 1483/1483/1483
f 1469/1469/1469 1483/1483/1483 1471/1471/1471
f 1471/1471/1471 1483/1483/1483 1485/1485/1485
f 1471/1471/1471 1485/1485/1485 1473/1473/1473
f 1473/1473/1473 1485/1485/1485 1487/1487/1487
f 1473/1473/1473 1487/1487/1487 1475/1475/1475
f 1464/1464/1464 1465/1465/1465 1477/1477/1477
f 1464/1464/1464 1477/1477/1477 1476/1476/1476
f 1572/1572/1572 1474/1474/1474 1486/1486/1486
f 1573/1573/1573 1487/1487/1487 1475/1475/1475
f 1476/1476/1476 1478/1478/1478 1490/1490/1490
f 1476/1476/1476 1490/1490/1490 1488/1488/1488
f 1478/1478/1478 1480/1480/1480 1492/1492/1492
f 1478/1478/1478 1492/1492/1492 1490/1490/1490
f 1480/1480/1480 1482/1482/1482 1494/1494/1494
f 1480/1480/1480 1494/1494/1494 1492/1492/1492
f 1482/1482/1482 1484/1484/1484 1496/1496/1496
f 1482/1482/1482 1496/1496/1496 1494/1494/1494
f 1484/1484/1484 1486/1486/1486 1498/1498/1498
f 1484/1484/1484 1498/1498/1498 1496/1496/1496
f 1477/1477/1477 1489/1489/1489 1491/1491/1491
f 1477/1477/1477 1491/1491/1491 1479/1479/1479
f 1479/1479/1479 1491/1491/1491 1493/1493/1493
f 1479/1479/1479 1493/1493/1493 1481/1481/1481
f 1481/1481/1481 1493/1493/1493 1495/1495/1495
f 1481/1481/1481 1495/1495/1495 1483/1483/1483
f 1483/1483/1483 1495/1495/1495 1497/1497/1497
f 1483/1483/1483 1497/1497/1497 1485/1485/1485
f 1485/1485/1485 1497/1497/1497 1499/1499/1499
f 1485/1485/1485 1499/1499/1499 1487/1487/1487
f 1476/1476/1476 1477/1477/1477 1489/1489/1489
f 1476/1476/1476 1489/1489/1489 1488/1488/1488
f 1572/1572/1572 1486/1486/1486 1498/1498/1498
f 1573/1573/1573 1499/1499/1499 1487/1487/1487
f 1488/1488/1488 1490/1490/1490 1502/1502/1502
f 1488/1488/1488 1502/1502/1502 1500/1500/1500
f 1490/1490/1490 1492/1492/1492 1504/1504/1504
f 1490/1490/1490 1504/1504/1504 1502/1502/1502
f 1492/1492/1492 1494/1494/1494 1506/1506/1506
f 1492/1492/1492 1506/1506/1506 1504/1504/1504
f 1494/1494/1494 1496/1496/1496 1508/1508/1508
f 1494/1494/1494 1508/1508/1508 1506/1506/1506
f 1496/1496/1496 1498/1498/1498 1510/1510/1510
f 1496/1496/1496 1510/1510/1510 1508/1508/1508
f 1489/1489/1489 1501/1501/1501 1503/1503/1503
f 1489/1489/1489 1503/1503/1503 1491/1491/1491
f 1491/1491/1491 1503/1503/1503 1505/1505/1505
f 1491/1491/1491 1505/1505/1505 1493/1493/1493
f 1493/1493/1493 1505/1505/1505 1507/1507/1507
f 1493/1493/1493 1507/1507/1507 1495/1495/1495
f 1495/1495/1495 1507/1507/1507 1509/1509/1509
f 1495/1495/1495 1509/1509/1509 1497/1497/1497
f 1497/1497/1497 1509/1509/1509 1511/1511/1511
f 1497/1497/1497 1511/1511/1511 1499/1499/1499
f 1488/1488/1488 1489/1489/1489 1501/1501/1501
f 1488/1488/1488 1501/1501/1501 1500/1500/1500
f 1572/1572/1572 1498/1498/1498 1510/1510/1510
f 1573/1573/1573 1511/1511/1511 1499/1499/1499
f 1500/1500/1500 1502/1502/1502 1514/1514/1514
f 1500/1500/1500 1514/1514/1514 1512/1512/1512
f 1502/1502/1502 1504/1504/1504 1516/1516/1516
f 1502/1502/1502 1516/1516/1516 1514/1514/1514
f 1504/1504/1504 1506/1506/1506 1518/1518/1518
f 1504/1504/1504 1518/1518/1518 1516/1516/1516
f 1506/1506/1506 1508/1508/1508 1520/1520/1520
f 1506/1506/1506 1520/1520/1520 1518/1518/1518
f 1508/1508/1508 1510/1510/1510 1522/1522/1522
f 1508/1508/1508 1522/1522/1522 1520/1520/1520
f 1501/1501/1501 1513/1513/1513 1515/1515/1515
f 1501/1501/1501 1515/1515/1515 1503/1503/1503
f 1503/1503/1503 1515/1515/1515 1517/1517/1517
f 1503/1503/1503 1517/1517/1517 1505/1505/1505
f 1505/1505/1505 1517/1517/1517 1519/1519/1519
f 1505/1505/1505 1519/1519/1519 1507/1507/1507
f 1507/1507/1507 1519/1519/1519 1521/1521/1521
f 1507/1507/1507 1521/1521/1521 1509/1509/1509
f 1509/1509/1509 1521/1521/1521 1523/1523/1523
f 1509/1509/1509 1523/1523/1523 1511/1511/1511
f 1500/1500/1500 1501/1501/1501 1513/1513/1513
f 1500/1500/1500 1513/1513/1513 1512/1512/1512
f 1572/1572/1572 1510/1510/1510 1522/1522/1522
f 1573/1573/1573 1523/1523/1523 1511/1511/1511
f 1512/1512/1512 1514/1514/1514 1526/1526/1526
f 1512/1512/1512 1526/1526/1526 1524/1524/1524
f 1514/1514/1514 1516/1516/1516 1528/1528/1528
f 1514/1514/1514 1528/1528/1528 1526/1526/1526
f 1516/1516/1516 1518/1518/1518 1530/1530/1530
f 1516/1516/1516 1530/1530/1530 1528/1528/1528
f 1518/1518/1518 1520/1520/1520 1532/1532/1532
f 1518/1518/1518 1532/1532/1532 1530/1530/1530
f 1520/1520/1520 1522/1522/1522 1534/1534/1534
f 1520/1520/1520 1534/1534/1534 1532/1532/1532
f 1513/1513/1513 1525/1525/1525 1527/1527/1527
f 1513/1513/1513 1527/1527/1527 1515/1515/1515
f 1515/1515/1515 1527/1527/1527 1529/1529/1529
f 1515/1515/1515 1529/1529/1529 1517/1517/1517
f 1517/1517/1517 1529/1529/1529 1531/1531/1531
f 1517/1517/1517 1531/1531/1531 1519/1519/1519
f 1519/1519/1519 1531/1531/1531 1533/1533/1533
f 1519/1519/1519 1533/1533/1533 1521/1521/1521
f 1521/1521/1521 1533/1533/1533 1535/1535/1535
f 1521/1521/1521 1535/1535/1535 1523/1523/1523
f 1512/1512/1512 1513/1513/1513 1525/1525/1525
f 1512/1512/1512 1525/1525/1525 1524/1524/1524
f 1572/1572/1572 1522/1522/1522 1534/1534/1534
f 1573/1573/1573 1535/1535/1535 1523/1523/1523
f 1524/1524/1524 1526/1526/1526 1538/1538/1538
f 1524/1524/1524 1538/1538/1538 1536/1536/1536
f 1526/1526/1526 1528/1528/1528 1540/1540/1540
f 1526/1526/1526 1540/1540/1540 1538/1538/1538
f 1528/1528/1528 1530/1530/1530 1542/1542/1542
f 1528/1528/1528 1542/1542/1542 1540/1540/1540
f 1530/1530/1530 1532/1532/1532 1544/1544/1544
f 1530/1530/1530 1544/1544/1544 1542/1542/1542
f 1532/1532/1532 1534/1534/1534 1546/1546/1546
f 1532/1532/1532 1546/1546/1546 1544/1544/1544
f 1525/1525/1525 1537/1537/1537 1539/1539/1539
f 1525/1525/1525 1539/1539/1539 1527/1527/1527
f 1527/1527/1527 1539/1539/1539 1541/1541/1541
f 1527/1527/1527 1541/1541/1541 1529/1529/1529
f 1529/1529/1529 1541/1541/1541 1543/1543/1543
f 1529/1529/1529 1543/1543/1543 1531/1531/1531
f 1531/1531/1531 1543/1543/1543 1545/1545/1545
f 1531/1531/1531 1545/1545/1545 1533/1533/1533
f 1533/1533/1533 1545/1545/1545 1547/1547/1547
f 1533/1533/1533 1547/1547/1547 1535/1535/1535
f 1524/1524/1524 1525/1525/1525 1537/1537/1537
f 1524/1524/1524 1537/1537/1537 1536/1536/1536
f 1572/1572/1572 1534/1534/1534 1546/1546/1546
f 1573/1573/1573 1547/1547/1547 1535/1535/1535
f 1536/1536/1536 1538/1538/1538 1550/1550/1550
f 1536/1536/1536 1550/1550/1550 1548/1548/1548
f 1538/1538/1538 1540/1540/1540 1552/1552/1552
f 1538/1538/1538 1552/1552/1552 1550/1550/1550
f 1540/1540/1540 1542/1542/1542 1554/1554/1554
f 1540/1540/1540 1554/1554/1554 1552/1552/1552
f 1542/1542/1542 1544/1544/1544 1556/1556/1556
f 1542/1542/1542 1556/1556/1556 1554/1554/1554
f 1544/1544/1544 1546/1546/1546 1558/1558/1558
f 1544/1544/1544 1558/1558/1558 1556/1556/1556
f 1537/1537/1537 1549/1549/1549 1551/1551/1551
f 1537/1537/1537 1551/1551/1551 1539/1539/1539
f 1539/1539/1539 1551/1551/1551 1553/1553/1553
f 1539/1539/1539 1553/1553/1553 1541/1541/1541
f 1541/1541/1541 1553/1553/1553 1555/1555/1555
f 1541/1541/1541 1555/1555/1555 1543/1543/1543
f 1543/1543/1543 1555/1555/1555 1557/1557/1557
f 1543/1543/1543 1557/1557/1557 1545/1545/1545
f 1545/1545/1545 1557/1557/1557 1559/1559/1559
f 1545/1545/1545 1559/1559/1559 1547/1547/1547
f 1536/1536/1536 1537/1537/1537 1549/1549/1549
f 1536/1536/1536 1549/1549/1549 1548/1548/1548
f 1572/1572/1572 1546/1546/1546 1558/1558/1558
f 1573/1573/1573 1559/1559/1559 1547/1547/1547
f 1548/1548/1548 1550/1550/1550 1562/1562/1562
f 1548/1548/1548 1562/1562/1562 1560/1560/1560
f 1550/1550/1550 1552/1552/1552 1564/1564/1564
f 1550/1550/1550 1564/1564/1564 1562/1562/1562
f 1552/1552/1552 1554/1554/1554 1566/1566/1566
f 1552/1552/1552 1566/1566/1566 1564/1564/1564
f 1554/1554/1554 1556/1556/1556 1568/1568/1568
f 1554/1554/1554 1568/1568/1568 1566/1566/1566
f 1556/1556/1556 1558/1558/1558 1570/1570/1570
f 1556/1556/1556 1570/1570/1570 1568/1568/1568
f 1549/1549/1549 1561/1561/1561 1563/1563/1563
f 1549/1549/1549 1563/1563/1563 1551/1551/1551
f 1551/1551/1551 1563/1563/1563 1565/1565/1565
f 1551/1551/1551 1565/1565/1565 1553/1553/1553
f 1553/1553/1553 1565/1565/1565 1567/1567/1567
f 1553/1553/1553 1567/1567/1567 1555/1555/1555
f 1555/1555/1555 1567/1567/1567 1569/1569/1569
f 1555/1555/1555 1569/1569/1569 1557/1557/1557
f 1557/1557/1557 1569/1569/1569 1571/1571/1571
f 1557/1557/1557 1571/1571/1571 1559/1559/1559
f 1548/1548/1548 1549/1549/1549 1561/1561/1561
f 1548/1548/1548 1561/1561/1561 1560/1560/1560
f 1572/1572/1572 1558/1558/1558 1570/1570/1570
f 1573/1573/1573 1571/1571/1571 1559/1559/1559
f 1560/1560/1560 1562/1562/1562 1286/1286/1286
f 1560/1560/1560 1286/1286/1286 1284/1284/1284
f 1562/1562/1562 1564/1564/1564 1288/1288/1288
f 1562/1562/1562 1288/1288/1288 1286/1286/1286
f 1564/1564/1564 1566/1566/1566 1290/1290/1290
f 1564/1564/1564 1290/1290/1290 1288/1288/1288
f 1566/1566/1566 1568/1568/1568 1292/1292/1292
f 1566/1566/1566 1292/1292/1292 1290/1290/1290
f 1568/1568/1568 1570/1570/1570 1294/1294/1294
f 1568/1568/1568 1294/1294/1294 1292/1292/1292
f 1561/1561/1561 1285/1285/1285 1287/1287/1287
f 1561/1561/1561 1287/1287/1287 1563/1563/1563
f 1563/1563/1563 1287/1287/1287 1289/1289/1289
f 1563/1563/1563 1289/1289/1289 1565/1565/1565
f 1565/1565/1565 1289/1289/1289 1291/1291/1291
f 1565/1565/1565 1291/1291/1291 1567/1567/1567
f 1567/1567/1567 1291/1291/1291 1293/1293/1293
f 1567/1567/1567 1293/1293/1293 1569/1569/1569
f 1569/1569/1569 1293/1293/1293 1295/1295/1295
f 1569/1569/1569 1295/1295/1295 1571/1571/1571
f 1560/1560/1560 1561/1561/1561 1285/1285/1285
f 1560/1560/1560 1285/1285/1285 1284/1284/1284
f 1572/1572/1572 1570/1570/1570 1294/1294/1294
f 1573/1573/1573 1295/1295/1295 1571/1571/1571

g Wheels_RearLeftInner
usemtl Mat_Wheel_PBR
v -0.7500 0.5200 -2.6800
v -1.0500 0.5200 -2.6800
v -0.7575 0.5200 -2.7008
v -1.0425 0.5200 -2.7008
v -0.7770 0.5200 -2.7944
v -1.0230 0.5200 -2.7944
v -0.8100 0.5200 -2.8152
v -0.9900 0.5200 -2.8152
v -0.8475 0.5200 -2.9660
v -0.9525 0.5200 -2.9660
v -0.8400 0.5200 -3.0544
v -0.9600 0.5200 -3.0544
v -0.7500 0.6546 -2.6977
v -1.0500 0.6546 -2.6977
v -0.7575 0.6492 -2.7178
v -1.0425 0.6492 -2.7178
v -0.7770 0.6250 -2.8082
v -1.0230 0.6250 -2.8082
v -0.8100 0.6196 -2.8283
v -0.9900 0.6196 -2.8283
v -0.8475 0.5806 -2.9740
v -0.9525 0.5806 -2.9740
v -0.8400 0.5577 -3.0594
v -0.9600 0.5577 -3.0594
v -0.7500 0.7800 -2.7497
v -1.0500 0.7800 -2.7497
v -0.7575 0.7696 -2.7677
v -1.0425 0.7696 -2.7677
v -0.7770 0.7228 -2.8487
v -1.0230 0.7228 -2.8487
v -0.8100 0.7124 -2.8668
v -0.9900 0.7124 -2.8668
v -0.8475 0.6370 -2.9974
v -0.9525 0.6370 -2.9974
v -0.8400 0.5928 -3.0739
v -0.9600 0.5928 -3.0739
v -0.7500 0.8877 -2.8323
v -1.0500 0.8877 -2.8323
v -0.7575 0.8730 -2.8470
v -1.0425 0.8730 -2.8470
v -0.7770 0.8068 -2.9132
v -1.0230 0.8068 -2.9132
v -0.8100 0.7921 -2.9279
v -0.9900 0.7921 -2.9279
v -0.8475 0.6855 -3.0345
v -0.9525 0.6855 -3.0345
v -0.8400 0.6230 -3.0970
v -0.9600 0.6230 -3.0970
v -0.7500 0.9703 -2.9400
v -1.0500 0.9703 -2.9400
v -0.7575 0.9523 -2.9504
v -1.0425 0.9523 -2.9504
v -0.7770 0.8713 -2.9972
v -1.0230 0.8713 -2.9972
v -0.8100 0.8532 -3.0076
v -0.9900 0.8532 -3.0076
v -0.8475 0.7226 -3.0830
v -0.9525 0.7226 -3.0830
v -0.8400 0.6461 -3.1272
v -0.9600 0.6461 -3.1272
v -0.7500 1.0223 -3.0654
v -1.0500 1.0223 -3.0654
v -0.7575 1.0022 -3.0708
v -1.0425 1.0022 -3.0708
v -0.7770 0.9118 -3.0950
v -1.0230 0.9118 -3.0950
v -0.8100 0.8917 -3.1004
v -0.9900 0.8917 -3.1004
v -0.8475 0.7460 -3.1394
v -0.9525 0.7460 -3.1394
v -0.8400 0.6606 -3.1623
v -0.9600 0.6606 -3.1623
v -0.7500 1.0400 -3.2000
v -1.0500 1.0400 -3.2000
v -0.7575 1.0192 -3.2000
v -1.0425 1.0192 -3.2000
v -0.7770 0.9256 -3.2000
v -1.0230 0.9256 -3.2000
v -0.8100 0.9048 -3.2000
v -0.9900 0.9048 -3.2000
v -0.8475 0.7540 -3.2000
v -0.9525 0.7540 -3.2000
v -0.8400 0.6656 -3.2000
v -0.9600 0.6656 -3.2000
v -0.7500 1.0223 -3.3346
v -1.0500 1.0223 -3.3346
v -0.7575 1.0022 -3.3292
v -1.0425 1.0022 -3.3292
v -0.7770 0.9118 -3.3050
v -1.0230 0.9118 -3.3050
v -0.8100 0.8917 -3.2996
v -0.9900 0.8917 -3.2996
v -0.8475 0.7460 -3.2606
v -0.9525 0.7460 -3.2606
v -0.8400 0.6606 -3.2377
v -0.9600 0.6606 -3.2377
v -0.7500 0.9703 -3.4600
v -1.0500 0.9703 -3.4600
v -0.7575 0.9523 -3.4496
v -1.0425 0.9523 -3.4496
v -0.7770 0.8713 -3.4028
v -1.0230 0.8713 -3.4028
v -0.8100 0.8532 -3.3924
v -0.9900 0.8532 -3.3924
v -0.8475 0.7226 -3.3170
v -0.9525 0.7226 -3.3170
v -0.8400 0.6461 -3.2728
v -0.9600 0.6461 -3.2728
v -0.7500 0.8877 -3.5677
v -1.0500 0.8877 -3.5677
v -0.7575 0.8730 -3.5530
v -1.0425 0.8730 -3.5530
v -0.7770 0.8068 -3.4868
v -1.0230 0.8068 -3.4868
v -0.8100 0.7921 -3.4721
v -0.9900 0.7921 -3.4721
v -0.8475 0.6855 -3.3655
v -0.9525 0.6855 -3.3655
v -0.8400 0.6230 -3.3030
v -0.9600 0.6230 -3.3030
v -0.7500 0.7800 -3.6503
v -1.0500 0.7800 -3.6503
v -0.7575 0.7696 -3.6323
v -1.0425 0.7696 -3.6323
v -0.7770 0.7228 -3.5513
v -1.0230 0.7228 -3.5513
v -0.8100 0.7124 -3.5332
v -0.9900 0.7124 -3.5332
v -0.8475 0.6370 -3.4026
v -0.9525 0.6370 -3.4026
v -0.8400 0.5928 -3.3261
v -0.9600 0.5928 -3.3261
v -0.7500 0.6546 -3.7023
v -1.0500 0.6546 -3.7023
v -0.7575 0.6492 -3.6822
v -1.0425 0.6492 -3.6822
v -0.7770 0.6250 -3.5918
v -1.0230 0.6250 -3.5918
v -0.8100 0.6196 -3.5717
v -0.9900 0.6196 -3.5717
v -0.8475 0.5806 -3.4260
v -0.9525 0.5806 -3.4260
v -0.8400 0.5577 -3.3406
v -0.9600 0.5577 -3.3406
v -0.7500 0.5200 -3.7200
v -1.0500 0.5200 -3.7200
v -0.7575 0.5200 -3.6992
v -1.0425 0.5200 -3.6992
v -0.7770 0.5200 -3.6056
v -1.0230 0.5200 -3.6056
v -0.8100 0.5200 -3.5848
v -0.9900 0.5200 -3.5848
v -0.8475 0.5200 -3.4340
v -0.9525 0.5200 -3.4340
v -0.8400 0.5200 -3.3456
v -0.9600 0.5200 -3.3456
v -0.7500 0.3854 -3.7023
v -1.0500 0.3854 -3.7023
v -0.7575 0.3908 -3.6822
v -1.0425 0.3908 -3.6822
v -0.7770 0.4150 -3.5918
v -1.0230 0.4150 -3.5918
v -0.8100 0.4204 -3.5717
v -0.9900 0.4204 -3.5717
v -0.8475 0.4594 -3.4260
v -0.9525 0.4594 -3.4260
v -0.8400 0.4823 -3.3406
v -0.9600 0.4823 -3.3406
v -0.7500 0.2600 -3.6503
v -1.0500 0.2600 -3.6503
v -0.7575 0.2704 -3.6323
v -1.0425 0.2704 -3.6323
v -0.7770 0.3172 -3.5513
v -1.0230 0.3172 -3.5513
v -0.8100 0.3276 -3.5332
v -0.9900 0.3276 -3.5332
v -0.8475 0.4030 -3.4026
v -0.9525 0.4030 -3.4026
v -0.8400 0.4472 -3.3261
v -0.9600 0.4472 -3.3261
v -0.7500 0.1523 -3.5677
v -1.0500 0.1523 -3.5677
v -0.7575 0.1670 -3.5530
v -1.0425 0.1670 -3.5530
v -0.7770 0.2332 -3.4868
v -1.0230 0.2332 -3.4868
v -0.8100 0.2479 -3.4721
v -0.9900 0.2479 -3.4721
v -0.8475 0.3545 -3.3655
v -0.9525 0.3545 -3.3655
v -0.8400 0.4170 -3.3030
v -0.9600 0.4170 -3.3030
v -0.7500 0.0697 -3.4600
v -1.0500 0.0697 -3.4600
v -0.7575 0.0877 -3.4496
v -1.0425 0.0877 -3.4496
v -0.7770 0.1687 -3.4028
v -1.0230 0.1687 -3.4028
v -0.8100 0.1868 -3.3924
v -0.9900 0.1868 -3.3924
v -0.8475 0.3174 -3.3170
v -0.9525 0.3174 -3.3170
v -0.8400 0.3939 -3.2728
v -0.9600 0.3939 -3.2728
v -0.7500 0.0177 -3.3346
v -1.0500 0.0177 -3.3346
v -0.7575 0.0378 -3.3292
v -1.0425 0.0378 -3.3292
v -0.7770 0.1282 -3.3050
v -1.0230 0.1282 -3.3050
v -0.8100 0.1483 -3.2996
v -0.9900 0.1483 -3.2996
v -0.8475 0.2940 -3.2606
v -0.9525 0.2940 -3.2606
v -0.8400 0.3794 -3.2377
v -0.9600 0.3794 -3.2377
v -0.7500 0.0000 -3.2000
v -1.0500 0.0000 -3.2000
v -0.7575 0.0208 -3.2000
v -1.0425 0.0208 -3.2000
v -0.7770 0.1144 -3.2000
v -1.0230 0.1144 -3.2000
v -0.8100 0.1352 -3.2000
v -0.9900 0.1352 -3.2000
v -0.8475 0.2860 -3.2000
v -0.9525 0.2860 -3.2000
v -0.8400 0.3744 -3.2000
v -0.9600 0.3744 -3.2000
v -0.7500 0.0177 -3.0654
v -1.0500 0.0177 -3.0654
v -0.7575 0.0378 -3.0708
v -1.0425 0.0378 -3.0708
v -0.7770 0.1282 -3.0950
v -1.0230 0.1282 -3.0950
v -0.8100 0.1483 -3.1004
v -0.9900 0.1483 -3.1004
v -0.8475 0.2940 -3.1394
v -0.9525 0.2940 -3.1394
v -0.8400 0.3794 -3.1623
v -0.9600 0.3794 -3.1623
v -0.7500 0.0697 -2.9400
v -1.0500 0.0697 -2.9400
v -0.7575 0.0877 -2.9504
v -1.0425 0.0877 -2.9504
v -0.7770 0.1687 -2.9972
v -1.0230 0.1687 -2.9972
v -0.8100 0.1868 -3.0076
v -0.9900 0.1868 -3.0076
v -0.8475 0.3174 -3.0830
v -0.9525 0.3174 -3.0830
v -0.8400 0.3939 -3.1272
v -0.9600 0.3939 -3.1272
v -0.7500 0.1523 -2.8323
v -1.0500 0.1523 -2.8323
v -0.7575 0.1670 -2.8470
v -1.0425 0.1670 -2.8470
v -0.7770 0.2332 -2.9132
v -1.0230 0.2332 -2.9132
v -0.8100 0.2479 -2.9279
v -0.9900 0.2479 -2.9279
v -0.8475 0.3545 -3.0345
v -0.9525 0.3545 -3.0345
v -0.8400 0.4170 -3.0970
v -0.9600 0.4170 -3.0970
v -0.7500 0.2600 -2.7497
v -1.0500 0.2600 -2.7497
v -0.7575 0.2704 -2.7677
v -1.0425 0.2704 -2.7677
v -0.7770 0.3172 -2.8487
v -1.0230 0.3172 -2.8487
v -0.8100 0.3276 -2.8668
v -0.9900 0.3276 -2.8668
v -0.8475 0.4030 -2.9974
v -0.9525 0.4030 -2.9974
v -0.8400 0.4472 -3.0739
v -0.9600 0.4472 -3.0739
v -0.7500 0.3854 -2.6977
v -1.0500 0.3854 -2.6977
v -0.7575 0.3908 -2.7178
v -1.0425 0.3908 -2.7178
v -0.7770 0.4150 -2.8082
v -1.0230 0.4150 -2.8082
v -0.8100 0.4204 -2.8283
v -0.9900 0.4204 -2.8283
v -0.8475 0.4594 -2.9740
v -0.9525 0.4594 -2.9740
v -0.8400 0.4823 -3.0594
v -0.9600 0.4823 -3.0594
v -0.8400 0.5200 -3.2000
v -0.9600 0.5200 -3.2000
vn 0.5000 0.0000 0.5000
vn -0.5000 0.0000 0.5000
vn 0.5000 0.0000 0.5000
vn -0.5000 0.0000 0.5000
vn 0.5000 0.0000 0.5000
vn -0.5000 0.0000 0.5000
vn 0.5000 0.0000 0.5000
vn -0.5000 0.0000 0.5000
vn 0.5000 0.0000 0.5000
vn -0.5000 0.0000 0.5000
vn 0.5000 0.0000 0.5000
vn -0.5000 0.0000 0.5000
vn 0.5000 0.1294 0.4830
vn -0.5000 0.1294 0.4830
vn 0.5000 0.1294 0.4830
vn -0.5000 0.1294 0.4830
vn 0.5000 0.1294 0.4830
vn -0.5000 0.1294 0.4830
vn 0.5000 0.1294 0.4830
vn -0.5000 0.1294 0.4830
vn 0.5000 0.1294 0.4830
vn -0.5000 0.1294 0.4830
vn 0.5000 0.1294 0.4830
vn -0.5000 0.1294 0.4830
vn 0.5000 0.2500 0.4330
vn -0.5000 0.2500 0.4330
vn 0.5000 0.2500 0.4330
vn -0.5000 0.2500 0.4330
vn 0.5000 0.2500 0.4330
vn -0.5000 0.2500 0.4330
vn 0.5000 0.2500 0.4330
vn -0.5000 0.2500 0.4330
vn 0.5000 0.2500 0.4330
vn -0.5000 0.2500 0.4330
vn 0.5000 0.2500 0.4330
vn -0.5000 0.2500 0.4330
vn 0.5000 0.3536 0.3536
vn -0.5000 0.3536 0.3536
vn 0.5000 0.3536 0.3536
vn -0.5000 0.3536 0.3536
vn 0.5000 0.3536 0.3536
vn -0.5000 0.3536 0.3536
vn 0.5000 0.3536 0.3536
vn -0.5000 0.3536 0.3536
vn 0.5000 0.3536 0.3536
vn -0.5000 0.3536 0.3536
vn 0.5000 0.3536 0.3536
vn -0.5000 0.3536 0.3536
vn 0.5000 0.4330 0.2500
vn -0.5000 0.4330 0.2500
vn 0.5000 0.4330 0.2500
vn -0.5000 0.4330 0.2500
vn 0.5000 0.4330 0.2500
vn -0.5000 0.4330 0.2500
vn 0.5000 0.4330 0.2500
vn -0.5000 0.4330 0.2500
vn 0.5000 0.4330 0.2500
vn -0.5000 0.4330 0.2500
vn 0.5000 0.4330 0.2500
vn -0.5000 0.4330 0.2500
vn 0.5000 0.4830 0.1294
vn -0.5000 0.4830 0.1294
vn 0.5000 0.4830 0.1294
vn -0.5000 0.4830 0.1294
vn 0.5000 0.4830 0.1294
vn -0.5000 0.4830 0.1294
vn 0.5000 0.4830 0.1294
vn -0.5000 0.4830 0.1294
vn 0.5000 0.4830 0.1294
vn -0.5000 0.4830 0.1294
vn 0.5000 0.4830 0.1294
vn -0.5000 0.4830 0.1294
vn 0.5000 0.5000 0.0000
vn -0.5000 0.5000 0.0000
vn 0.5000 0.5000 0.0000
vn -0.5000 0.5000 0.0000
vn 0.5000 0.5000 0.0000
vn -0.5000 0.5000 0.0000
vn 0.5000 0.5000 0.0000
vn -0.5000 0.5000 0.0000
vn 0.5000 0.5000 0.0000
vn -0.5000 0.5000 0.0000
vn 0.5000 0.5000 0.0000
vn -0.5000 0.5000 0.0000
vn 0.5000 0.4830 -0.1294
vn -0.5000 0.4830 -0.1294
vn 0.5000 0.4830 -0.1294
vn -0.5000 0.4830 -0.1294
vn 0.5000 0.4830 -0.1294
vn -0.5000 0.4830 -0.1294
vn 0.5000 0.4830 -0.1294
vn -0.5000 0.4830 -0.1294
vn 0.5000 0.4830 -0.1294
vn -0.5000 0.4830 -0.1294
vn 0.5000 0.4830 -0.1294
vn -0.5000 0.4830 -0.1294
vn 0.5000 0.4330 -0.2500
vn -0.5000 0.4330 -0.2500
vn 0.5000 0.4330 -0.2500
vn -0.5000 0.4330 -0.2500
vn 0.5000 0.4330 -0.2500
vn -0.5000 0.4330 -0.2500
vn 0.5000 0.4330 -0.2500
vn -0.5000 0.4330 -0.2500
vn 0.5000 0.4330 -0.2500
vn -0.5000 0.4330 -0.2500
vn 0.5000 0.4330 -0.2500
vn -0.5000 0.4330 -0.2500
vn 0.5000 0.3536 -0.3536
vn -0.5000 0.3536 -0.3536
vn 0.5000 0.3536 -0.3536
vn -0.5000 0.3536 -0.3536
vn 0.5000 0.3536 -0.3536
vn -0.5000 0.3536 -0.3536
vn 0.5000 0.3536 -0.3536
vn -0.5000 0.3536 -0.3536
vn 0.5000 0.3536 -0.3536
vn -0.5000 0.3536 -0.3536
vn 0.5000 0.3536 -0.3536
vn -0.5000 0.3536 -0.3536
vn 0.5000 0.2500 -0.4330
vn -0.5000 0.2500 -0.4330
vn 0.5000 0.2500 -0.4330
vn -0.5000 0.2500 -0.4330
vn 0.5000 0.2500 -0.4330
vn -0.5000 0.2500 -0.4330
vn 0.5000 0.2500 -0.4330
vn -0.5000 0.2500 -0.4330
vn 0.5000 0.2500 -0.4330
vn -0.5000 0.2500 -0.4330
vn 0.5000 0.2500 -0.4330
vn -0.5000 0.2500 -0.4330
vn 0.5000 0.1294 -0.4830
vn -0.5000 0.1294 -0.4830
vn 0.5000 0.1294 -0.4830
vn -0.5000 0.1294 -0.4830
vn 0.5000 0.1294 -0.4830
vn -0.5000 0.1294 -0.4830
vn 0.5000 0.1294 -0.4830
vn -0.5000 0.1294 -0.4830
vn 0.5000 0.1294 -0.4830
vn -0.5000 0.1294 -0.4830
vn 0.5000 0.1294 -0.4830
vn -0.5000 0.1294 -0.4830
vn 0.5000 0.0000 -0.5000
vn -0.5000 0.0000 -0.5000
vn 0.5000 0.0000 -0.5000
vn -0.5000 0.0000 -0.5000
vn 0.5000 0.0000 -0.5000
vn -0.5000 0.0000 -0.5000
vn 0.5000 0.0000 -0.5000
vn -0.5000 0.0000 -0.5000
vn 0.5000 0.0000 -0.5000
vn -0.5000 0.0000 -0.5000
vn 0.5000 0.0000 -0.5000
vn -0.5000 0.0000 -0.5000
vn 0.5000 -0.1294 -0.4830
vn -0.5000 -0.1294 -0.4830
vn 0.5000 -0.1294 -0.4830
vn -0.5000 -0.1294 -0.4830
vn 0.5000 -0.1294 -0.4830
vn -0.5000 -0.1294 -0.4830
vn 0.5000 -0.1294 -0.4830
vn -0.5000 -0.1294 -0.4830
vn 0.5000 -0.1294 -0.4830
vn -0.5000 -0.1294 -0.4830
vn 0.5000 -0.1294 -0.4830
vn -0.5000 -0.1294 -0.4830
vn 0.5000 -0.2500 -0.4330
vn -0.5000 -0.2500 -0.4330
vn 0.5000 -0.2500 -0.4330
vn -0.5000 -0.2500 -0.4330
vn 0.5000 -0.2500 -0.4330
vn -0.5000 -0.2500 -0.4330
vn 0.5000 -0.2500 -0.4330
vn -0.5000 -0.2500 -0.4330
vn 0.5000 -0.2500 -0.4330
vn -0.5000 -0.2500 -0.4330
vn 0.5000 -0.2500 -0.4330
vn -0.5000 -0.2500 -0.4330
vn 0.5000 -0.3536 -0.3536
vn -0.5000 -0.3536 -0.3536
vn 0.5000 -0.3536 -0.3536
vn -0.5000 -0.3536 -0.3536
vn 0.5000 -0.3536 -0.3536
vn -0.5000 -0.3536 -0.3536
vn 0.5000 -0.3536 -0.3536
vn -0.5000 -0.3536 -0.3536
vn 0.5000 -0.3536 -0.3536
vn -0.5000 -0.3536 -0.3536
vn 0.5000 -0.3536 -0.3536
vn -0.5000 -0.3536 -0.3536
vn 0.5000 -0.4330 -0.2500
vn -0.5000 -0.4330 -0.2500
vn 0.5000 -0.4330 -0.2500
vn -0.5000 -0.4330 -0.2500
vn 0.5000 -0.4330 -0.2500
vn -0.5000 -0.4330 -0.2500
vn 0.5000 -0.4330 -0.2500
vn -0.5000 -0.4330 -0.2500
vn 0.5000 -0.4330 -0.2500
vn -0.5000 -0.4330 -0.2500
vn 0.5000 -0.4330 -0.2500
vn -0.5000 -0.4330 -0.2500
vn 0.5000 -0.4830 -0.1294
vn -0.5000 -0.4830 -0.1294
vn 0.5000 -0.4830 -0.1294
vn -0.5000 -0.4830 -0.1294
vn 0.5000 -0.4830 -0.1294
vn -0.5000 -0.4830 -0.1294
vn 0.5000 -0.4830 -0.1294
vn -0.5000 -0.4830 -0.1294
vn 0.5000 -0.4830 -0.1294
vn -0.5000 -0.4830 -0.1294
vn 0.5000 -0.4830 -0.1294
vn -0.5000 -0.4830 -0.1294
vn 0.5000 -0.5000 -0.0000
vn -0.5000 -0.5000 -0.0000
vn 0.5000 -0.5000 -0.0000
vn -0.5000 -0.5000 -0.0000
vn 0.5000 -0.5000 -0.0000
vn -0.5000 -0.5000 -0.0000
vn 0.5000 -0.5000 -0.0000
vn -0.5000 -0.5000 -0.0000
vn 0.5000 -0.5000 -0.0000
vn -0.5000 -0.5000 -0.0000
vn 0.5000 -0.5000 -0.0000
vn -0.5000 -0.5000 -0.0000
vn 0.5000 -0.4830 0.1294
vn -0.5000 -0.4830 0.1294
vn 0.5000 -0.4830 0.1294
vn -0.5000 -0.4830 0.1294
vn 0.5000 -0.4830 0.1294
vn -0.5000 -0.4830 0.1294
vn 0.5000 -0.4830 0.1294
vn -0.5000 -0.4830 0.1294
vn 0.5000 -0.4830 0.1294
vn -0.5000 -0.4830 0.1294
vn 0.5000 -0.4830 0.1294
vn -0.5000 -0.4830 0.1294
vn 0.5000 -0.4330 0.2500
vn -0.5000 -0.4330 0.2500
vn 0.5000 -0.4330 0.2500
vn -0.5000 -0.4330 0.2500
vn 0.5000 -0.4330 0.2500
vn -0.5000 -0.4330 0.2500
vn 0.5000 -0.4330 0.2500
vn -0.5000 -0.4330 0.2500
vn 0.5000 -0.4330 0.2500
vn -0.5000 -0.4330 0.2500
vn 0.5000 -0.4330 0.2500
vn -0.5000 -0.4330 0.2500
vn 0.5000 -0.3536 0.3536
vn -0.5000 -0.3536 0.3536
vn 0.5000 -0.3536 0.3536
vn -0.5000 -0.3536 0.3536
vn 0.5000 -0.3536 0.3536
vn -0.5000 -0.3536 0.3536
vn 0.5000 -0.3536 0.3536
vn -0.5000 -0.3536 0.3536
vn 0.5000 -0.3536 0.3536
vn -0.5000 -0.3536 0.3536
vn 0.5000 -0.3536 0.3536
vn -0.5000 -0.3536 0.3536
vn 0.5000 -0.2500 0.4330
vn -0.5000 -0.2500 0.4330
vn 0.5000 -0.2500 0.4330
vn -0.5000 -0.2500 0.4330
vn 0.5000 -0.2500 0.4330
vn -0.5000 -0.2500 0.4330
vn 0.5000 -0.2500 0.4330
vn -0.5000 -0.2500 0.4330
vn 0.5000 -0.2500 0.4330
vn -0.5000 -0.2500 0.4330
vn 0.5000 -0.2500 0.4330
vn -0.5000 -0.2500 0.4330
vn 0.5000 -0.1294 0.4830
vn -0.5000 -0.1294 0.4830
vn 0.5000 -0.1294 0.4830
vn -0.5000 -0.1294 0.4830
vn 0.5000 -0.1294 0.4830
vn -0.5000 -0.1294 0.4830
vn 0.5000 -0.1294 0.4830
vn -0.5000 -0.1294 0.4830
vn 0.5000 -0.1294 0.4830
vn -0.5000 -0.1294 0.4830
vn 0.5000 -0.1294 0.4830
vn -0.5000 -0.1294 0.4830
vn 1.0000 0.0000 0.0000
vn -1.0000 0.0000 0.0000
vt 0.0000 0.0000
vt 0.0000 0.0000
vt 0.0000 0.1667
vt 0.0000 0.1667
vt 0.0000 0.3333
vt 0.0000 0.3333
vt 0.0000 0.5000
vt 0.0000 0.5000
vt 0.0000 0.6667
vt 0.0000 0.6667
vt 0.0000 0.8333
vt 0.0000 0.8333
vt 0.0417 0.0000
vt 0.0417 0.0000
vt 0.0417 0.1667
vt 0.0417 0.1667
vt 0.0417 0.3333
vt 0.0417 0.3333
vt 0.0417 0.5000
vt 0.0417 0.5000
vt 0.0417 0.6667
vt 0.0417 0.6667
vt 0.0417 0.8333
vt 0.0417 0.8333
vt 0.0833 0.0000
vt 0.0833 0.0000
vt 0.0833 0.1667
vt 0.0833 0.1667
vt 0.0833 0.3333
vt 0.0833 0.3333
vt 0.0833 0.5000
vt 0.0833 0.5000
vt 0.0833 0.6667
vt 0.0833 0.6667
vt 0.0833 0.8333
vt 0.0833 0.8333
vt 0.1250 0.0000
vt 0.1250 0.0000
vt 0.1250 0.1667
vt 0.1250 0.1667
vt 0.1250 0.3333
vt 0.1250 0.3333
vt 0.1250 0.5000
vt 0.1250 0.5000
vt 0.1250 0.6667
vt 0.1250 0.6667
vt 0.1250 0.8333
vt 0.1250 0.8333
vt 0.1667 0.0000
vt 0.1667 0.0000
vt 0.1667 0.1667
vt 0.1667 0.1667
vt 0.1667 0.3333
vt 0.1667 0.3333
vt 0.1667 0.5000
vt 0.1667 0.5000
vt 0.1667 0.6667
vt 0.1667 0.6667
vt 0.1667 0.8333
vt 0.1667 0.8333
vt 0.2083 0.0000
vt 0.2083 0.0000
vt 0.2083 0.1667
vt 0.2083 0.1667
vt 0.2083 0.3333
vt 0.2083 0.3333
vt 0.2083 0.5000
vt 0.2083 0.5000
vt 0.2083 0.6667
vt 0.2083 0.6667
vt 0.2083 0.8333
vt 0.2083 0.8333
vt 0.2500 0.0000
vt 0.2500 0.0000
vt 0.2500 0.1667
vt 0.2500 0.1667
vt 0.2500 0.3333
vt 0.2500 0.3333
vt 0.2500 0.5000
vt 0.2500 0.5000
vt 0.2500 0.6667
vt 0.2500 0.6667
vt 0.2500 0.8333
vt 0.2500 0.8333
vt 0.2917 0.0000
vt 0.2917 0.0000
vt 0.2917 0.1667
vt 0.2917 0.1667
vt 0.2917 0.3333
vt 0.2917 0.3333
vt 0.2917 0.5000
vt 0.2917 0.5000
vt 0.2917 0.6667
vt 0.2917 0.6667
vt 0.2917 0.8333
vt 0.2917 0.8333
vt 0.3333 0.0000
vt 0.3333 0.0000
vt 0.3333 0.1667
vt 0.3333 0.1667
vt 0.3333 0.3333
vt 0.3333 0.3333
vt 0.3333 0.5000
vt 0.3333 0.5000
vt 0.3333 0.6667
vt 0.3333 0.6667
vt 0.3333 0.8333
vt 0.3333 0.8333
vt 0.3750 0.0000
vt 0.3750 0.0000
vt 0.3750 0.1667
vt 0.3750 0.1667
vt 0.3750 0.3333
vt 0.3750 0.3333
vt 0.3750 0.5000
vt 0.3750 0.5000
vt 0.3750 0.6667
vt 0.3750 0.6667
vt 0.3750 0.8333
vt 0.3750 0.8333
vt 0.4167 0.0000
vt 0.4167 0.0000
vt 0.4167 0.1667
vt 0.4167 0.1667
vt 0.4167 0.3333
vt 0.4167 0.3333
vt 0.4167 0.5000
vt 0.4167 0.5000
vt 0.4167 0.6667
vt 0.4167 0.6667
vt 0.4167 0.8333
vt 0.4167 0.8333
vt 0.4583 0.0000
vt 0.4583 0.0000
vt 0.4583 0.1667
vt 0.4583 0.1667
vt 0.4583 0.3333
vt 0.4583 0.3333
vt 0.4583 0.5000
vt 0.4583 0.5000
vt 0.4583 0.6667
vt 0.4583 0.6667
vt 0.4583 0.8333
vt 0.4583 0.8333
vt 0.5000 0.0000
vt 0.5000 0.0000
vt 0.5000 0.1667
vt 0.5000 0.1667
vt 0.5000 0.3333
vt 0.5000 0.3333
vt 0.5000 0.5000
vt 0.5000 0.5000
vt 0.5000 0.6667
vt 0.5000 0.6667
vt 0.5000 0.8333
vt 0.5000 0.8333
vt 0.5417 0.0000
vt 0.5417 0.0000
vt 0.5417 0.1667
vt 0.5417 0.1667
vt 0.5417 0.3333
vt 0.5417 0.3333
vt 0.5417 0.5000
vt 0.5417 0.5000
vt 0.5417 0.6667
vt 0.5417 0.6667
vt 0.5417 0.8333
vt 0.5417 0.8333
vt 0.5833 0.0000
vt 0.5833 0.0000
vt 0.5833 0.1667
vt 0.5833 0.1667
vt 0.5833 0.3333
vt 0.5833 0.3333
vt 0.5833 0.5000
vt 0.5833 0.5000
vt 0.5833 0.6667
vt 0.5833 0.6667
vt 0.5833 0.8333
vt 0.5833 0.8333
vt 0.6250 0.0000
vt 0.6250 0.0000
vt 0.6250 0.1667
vt 0.6250 0.1667
vt 0.6250 0.3333
vt 0.6250 0.3333
vt 0.6250 0.5000
vt 0.6250 0.5000
vt 0.6250 0.6667
vt 0.6250 0.6667
vt 0.6250 0.8333
vt 0.6250 0.8333
vt 0.6667 0.0000
vt 0.6667 0.0000
vt 0.6667 0.1667
vt 0.6667 0.1667
vt 0.6667 0.3333
vt 0.6667 0.3333
vt 0.6667 0.5000
vt 0.6667 0.5000
vt 0.6667 0.6667
vt 0.6667 0.6667
vt 0.6667 0.8333
vt 0.6667 0.8333
vt 0.7083 0.0000
vt 0.7083 0.0000
vt 0.7083 0.1667
vt 0.7083 0.1667
vt 0.7083 0.3333
vt 0.7083 0.3333
vt 0.7083 0.5000
vt 0.7083 0.5000
vt 0.7083 0.6667
vt 0.7083 0.6667
vt 0.7083 0.8333
vt 0.7083 0.8333
vt 0.7500 0.0000
vt 0.7500 0.0000
vt 0.7500 0.1667
vt 0.7500 0.1667
vt 0.7500 0.3333
vt 0.7500 0.3333
vt 0.7500 0.5000
vt 0.7500 0.5000
vt 0.7500 0.6667
vt 0.7500 0.6667
vt 0.7500 0.8333
vt 0.7500 0.8333
vt 0.7917 0.0000
vt 0.7917 0.0000
vt 0.7917 0.1667
vt 0.7917 0.1667
vt 0.7917 0.3333
vt 0.7917 0.3333
vt 0.7917 0.5000
vt 0.7917 0.5000
vt 0.7917 0.6667
vt 0.7917 0.6667
vt 0.7917 0.8333
vt 0.7917 0.8333
vt 0.8333 0.0000
vt 0.8333 0.0000
vt 0.8333 0.1667
vt 0.8333 0.1667
vt 0.8333 0.3333
vt 0.8333 0.3333
vt 0.8333 0.5000
vt 0.8333 0.5000
vt 0.8333 0.6667
vt 0.8333 0.6667
vt 0.8333 0.8333
vt 0.8333 0.8333
vt 0.8750 0.0000
vt 0.8750 0.0000
vt 0.8750 0.1667
vt 0.8750 0.1667
vt 0.8750 0.3333
vt 0.8750 0.3333
vt 0.8750 0.5000
vt 0.8750 0.5000
vt 0.8750 0.6667
vt 0.8750 0.6667
vt 0.8750 0.8333
vt 0.8750 0.8333
vt 0.9167 0.0000
vt 0.9167 0.0000
vt 0.9167 0.1667
vt 0.9167 0.1667
vt 0.9167 0.3333
vt 0.9167 0.3333
vt 0.9167 0.5000
vt 0.9167 0.5000
vt 0.9167 0.6667
vt 0.9167 0.6667
vt 0.9167 0.8333
vt 0.9167 0.8333
vt 0.9583 0.0000
vt 0.9583 0.0000
vt 0.9583 0.1667
vt 0.9583 0.1667
vt 0.9583 0.3333
vt 0.9583 0.3333
vt 0.9583 0.5000
vt 0.9583 0.5000
vt 0.9583 0.6667
vt 0.9583 0.6667
vt 0.9583 0.8333
vt 0.9583 0.8333
vt 0.5000 0.5000
vt 0.5000 0.5000
f 1574/1574/1574 1576/1576/1576 1588/1588/1588
f 1574/1574/1574 1588/1588/1588 1586/1586/1586
f 1576/1576/1576 1578/1578/1578 1590/1590/1590
f 1576/1576/1576 1590/1590/1590 1588/1588/1588
f 1578/1578/1578 1580/1580/1580 1592/1592/1592
f 1578/1578/1578 1592/1592/1592 1590/1590/1590
f 1580/1580/1580 1582/1582/1582 1594/1594/1594
f 1580/1580/1580 1594/1594/1594 1592/1592/1592
f 1582/1582/1582 1584/1584/1584 1596/1596/1596
f 1582/1582/1582 1596/1596/1596 1594/1594/1594
f 1575/1575/1575 1587/1587/1587 1589/1589/1589
f 1575/1575/1575 1589/1589/1589 1577/1577/1577
f 1577/1577/1577 1589/1589/1589 1591/1591/1591
f 1577/1577/1577 1591/1591/1591 1579/1579/1579
f 1579/1579/1579 1591/1591/1591 1593/1593/1593
f 1579/1579/1579 1593/1593/1593 1581/1581/1581
f 1581/1581/1581 1593/1593/1593 1595/1595/1595
f 1581/1581/1581 1595/1595/1595 1583/1583/1583
f 1583/1583/1583 1595/1595/1595 1597/1597/1597
f 1583/1583/1583 1597/1597/1597 1585/1585/1585
f 1574/1574/1574 1575/1575/1575 1587/1587/1587
f 1574/1574/1574 1587/1587/1587 1586/1586/1586
f 1862/1862/1862 1584/1584/1584 1596/1596/1596
f 1863/1863/1863 1597/1597/1597 1585/1585/1585
f 1586/1586/1586 1588/1588/1588 1600/1600/1600
f 1586/1586/1586 1600/1600/1600 1598/1598/1598
f 1588/1588/1588 1590/1590/1590 1602/1602/1602
f 1588/1588/1588 1602/1602/1602 1600/1600/1600
f 1590/1590/1590 1592/1592/1592 1604/1604/1604
f 1590/1590/1590 1604/1604/1604 1602/1602/1602
f 1592/1592/1592 1594/1594/1594 1606/1606/1606
f 1592/1592/1592 1606/1606/1606 1604/1604/1604
f 1594/1594/1594 1596/1596/1596 1608/1608/1608
f 1594/1594/1594 1608/1608/1608 1606/1606/1606
f 1587/1587/1587 1599/1599/1599 1601/1601/1601
f 1587/1587/1587 1601/1601/1601 1589/1589/1589
f 1589/1589/1589 1601/1601/1601 1603/1603/1603
f 1589/1589/1589 1603/1603/1603 1591/1591/1591
f 1591/1591/1591 1603/1603/1603 1605/1605/1605
f 1591/1591/1591 1605/1605/1605 1593/1593/1593
f 1593/1593/1593 1605/1605/1605 1607/1607/1607
f 1593/1593/1593 1607/1607/1607 1595/1595/1595
f 1595/1595/1595 1607/1607/1607 1609/1609/1609
f 1595/1595/1595 1609/1609/1609 1597/1597/1597
f 1586/1586/1586 1587/1587/1587 1599/1599/1599
f 1586/1586/1586 1599/1599/1599 1598/1598/1598
f 1862/1862/1862 1596/1596/1596 1608/1608/1608
f 1863/1863/1863 1609/1609/1609 1597/1597/1597
f 1598/1598/1598 1600/1600/1600 1612/1612/1612
f 1598/1598/1598 1612/1612/1612 1610/1610/1610
f 1600/1600/1600 1602/1602/1602 1614/1614/1614
f 1600/1600/1600 1614/1614/1614 1612/1612/1612
f 1602/1602/1602 1604/1604/1604 1616/1616/1616
f 1602/1602/1602 1616/1616/1616 1614/1614/1614
f 1604/1604/1604 1606/1606/1606 1618/1618/1618
f 1604/1604/1604 1618/1618/1618 1616/1616/1616
f 1606/1606/1606 1608/1608/1608 1620/1620/1620
f 1606/1606/1606 1620/1620/1620 1618/1618/1618
f 1599/1599/1599 1611/1611/1611 1613/1613/1613
f 1599/1599/1599 1613/1613/1613 1601/1601/1601
f 1601/1601/1601 1613/1613/1613 1615/1615/1615
f 1601/1601/1601 1615/1615/1615 1603/1603/1603
f 1603/1603/1603 1615/1615/1615 1617/1617/1617
f 1603/1603/1603 1617/1617/1617 1605/1605/1605
f 1605/1605/1605 1617/1617/1617 1619/1619/1619
f 1605/1605/1605 1619/1619/1619 1607/1607/1607
f 1607/1607/1607 1619/1619/1619 1621/1621/1621
f 1607/1607/1607 1621/1621/1621 1609/1609/1609
f 1598/1598/1598 1599/1599/1599 1611/1611/1611
f 1598/1598/1598 1611/1611/1611 1610/1610/1610
f 1862/1862/1862 1608/1608/1608 1620/1620/1620
f 1863/1863/1863 1621/1621/1621 1609/1609/1609
f 1610/1610/1610 1612/1612/1612 1624/1624/1624
f 1610/1610/1610 1624/1624/1624 1622/1622/1622
f 1612/1612/1612 1614/1614/1614 1626/1626/1626
f 1612/1612/1612 1626/1626/1626 1624/1624/1624
f 1614/1614/1614 1616/1616/1616 1628/1628/1628
f 1614/1614/1614 1628/1628/1628 1626/1626/1626
f 1616/1616/1616 1618/1618/1618 1630/1630/1630
f 1616/1616/1616 1630/1630/1630 1628/1628/1628
f 1618/1618/1618 1620/1620/1620 1632/1632/1632
f 1618/1618/1618 1632/1632/1632 1630/1630/1630
f 1611/1611/1611 1623/1623/1623 1625/1625/1625
f 1611/1611/1611 1625/1625/1625 1613/1613/1613
f 1613/1613/1613 1625/1625/1625 1627/1627/1627
f 1613/1613/1613 1627/1627/1627 1615/1615/1615
f 1615/1615/1615 1627/1627/1627 1629/1629/1629
f 1615/1615/1615 1629/1629/1629 1617/1617/1617
f 1617/1617/1617 1629/1629/1629 1631/1631/1631
f 1617/1617/1617 1631/1631/1631 1619/1619/1619
f 1619/1619/1619 1631/1631/1631 1633/1633/1633
f 1619/1619/1619 1633/1633/1633 1621/1621/1621
f 1610/1610/1610 1611/1611/1611 1623/1623/1623
f 1610/1610/1610 1623/1623/1623 1622/1622/1622
f 1862/1862/1862 1620/1620/1620 1632/1632/1632
f 1863/1863/1863 1633/1633/1633 1621/1621/1621
f 1622/1622/1622 1624/1624/1624 1636/1636/1636
f 1622/1622/1622 1636/1636/1636 1634/1634/1634
f 1624/1624/1624 1626/1626/1626 1638/1638/1638
f 1624/1624/1624 1638/1638/1638 1636/1636/1636
f 1626/1626/1626 1628/1628/1628 1640/1640/1640
f 1626/1626/1626 1640/1640/1640 1638/1638/1638
f 1628/1628/1628 1630/1630/1630 1642/1642/1642
f 1628/1628/1628 1642/1642/1642 1640/1640/1640
f 1630/1630/1630 1632/1632/1632 1644/1644/1644
f 1630/1630/1630 1644/1644/1644 1642/1642/1642
f 1623/1623/1623 1635/1635/1635 1637/1637/1637
f 1623/1623/1623 1637/1637/1637 1625/1625/1625
f 1625/1625/1625 1637/1637/1637 1639/1639/1639
f 1625/1625/1625 1639/1639/1639 1627/1627/1627
f 1627/1627/1627 1639/1639/1639 1641/1641/1641
f 1627/1627/1627 1641/1641/1641 1629/1629/1629
f 1629/1629/1629 1641/1641/1641 1643/1643/1643
f 1629/1629/1629 1643/1643/1643 1631/1631/1631
f 1631/1631/1631 1643/1643/1643 1645/1645/1645
f 1631/1631/1631 1645/1645/1645 1633/1633/1633
f 1622/1622/1622 1623/1623/1623 1635/1635/1635
f 1622/1622/1622 1635/1635/1635 1634/1634/1634
f 1862/1862/1862 1632/1632/1632 1644/1644/1644
f 1863/1863/1863 1645/1645/1645 1633/1633/1633
f 1634/1634/1634 1636/1636/1636 1648/1648/1648
f 1634/1634/1634 1648/1648/1648 1646/1646/1646
f 1636/1636/1636 1638/1638/1638 1650/1650/1650
f 1636/1636/1636 1650/1650/1650 1648/1648/1648
f 1638/1638/1638 1640/1640/1640 1652/1652/1652
f 1638/1638/1638 1652/1652/1652 1650/1650/1650
f 1640/1640/1640 1642/1642/1642 1654/1654/1654
f 1640/1640/1640 1654/1654/1654 1652/1652/1652
f 1642/1642/1642 1644/1644/1644 1656/1656/1656
f 1642/1642/1642 1656/1656/1656 1654/1654/1654
f 1635/1635/1635 1647/1647/1647 1649/1649/1649
f 1635/1635/1635 1649/1649/1649 1637/1637/1637
f 1637/1637/1637 1649/1649/1649 1651/1651/1651
f 1637/1637/1637 1651/1651/1651 1639/1639/1639
f 1639/1639/1639 1651/1651/1651 1653/1653/1653
f 1639/1639/1639 1653/1653/1653 1641/1641/1641
f 1641/1641/1641 1653/1653/1653 1655/1655/1655
f 1641/1641/1641 1655/1655/1655 1643/1643/1643
f 1643/1643/1643 1655/1655/1655 1657/1657/1657
f 1643/1643/1643 1657/1657/1657 1645/1645/1645
f 1634/1634/1634 1635/1635/1635 1647/1647/1647
f 1634/1634/1634 1647/1647/1647 1646/1646/1646
f 1862/1862/1862 1644/1644/1644 1656/1656/1656
f 1863/1863/1863 1657/1657/1657 1645/1645/1645
f 1646/1646/1646 1648/1648/1648 1660/1660/1660
f 1646/1646/1646 1660/1660/1660 1658/1658/1658
f 1648/1648/1648 1650/1650/1650 1662/1662/1662
f 1648/1648/1648 1662/1662/1662 1660/1660/1660
f 1650/1650/1650 1652/1652/1652 1664/1664/1664
f 1650/1650/1650 1664/1664/1664 1662/1662/1662
f 1652/1652/1652 1654/1654/1654 1666/1666/1666
f 1652/1652/1652 1666/1666/1666 1664/1664/1664
f 1654/1654/1654 1656/1656/1656 1668/1668/1668
f 1654/1654/1654 1668/1668/1668 1666/1666/1666
f 1647/1647/1647 1659/1659/1659 1661/1661/1661
f 1647/1647/1647 1661/1661/1661 1649/1649/1649
f 1649/1649/1649 1661/1661/1661 1663/1663/1663
f 1649/1649/1649 1663/1663/1663 1651/1651/1651
f 1651/1651/1651 1663/1663/1663 1665/1665/1665
f 1651/1651/1651 1665/1665/1665 1653/1653/1653
f 1653/1653/1653 1665/1665/1665 1667/1667/1667
f 1653/1653/1653 1667/1667/1667 1655/1655/1655
f 1655/1655/1655 1667/1667/1667 1669/1669/1669
f 1655/1655/1655 1669/1669/1669 1657/1657/1657
f 1646/1646/1646 1647/1647/1647 1659/1659/1659
f 1646/1646/1646 1659/1659/1659 1658/1658/1658
f 1862/1862/1862 1656/1656/1656 1668/1668/1668
f 1863/1863/1863 1669/1669/1669 1657/1657/1657
f 1658/1658/1658 1660/1660/1660 1672/1672/1672
f 1658/1658/1658 1672/1672/1672 1670/1670/1670
f 1660/1660/1660 1662/1662/1662 1674/1674/1674
f 1660/1660/1660 1674/1674/1674 1672/1672/1672
f 1662/1662/1662 1664/1664/1664 1676/1676/1676
f 1662/1662/1662 1676/1676/1676 1674/1674/1674
f 1664/1664/1664 1666/1666/1666 1678/1678/1678
f 1664/1664/1664 1678/1678/1678 1676/1676/1676
f 1666/1666/1666 1668/1668/1668 1680/1680/1680
f 1666/1666/1666 1680/1680/1680 1678/1678/1678
f 1659/1659/1659 1671/1671/1671 1673/1673/1673
f 1659/1659/1659 1673/1673/1673 1661/1661/1661
f 1661/1661/1661 1673/1673/1673 1675/1675/1675
f 1661/1661/1661 1675/1675/1675 1663/1663/1663
f 1663/1663/1663 1675/1675/1675 1677/1677/1677
f 1663/1663/1663 1677/1677/1677 1665/1665/1665
f 1665/1665/1665 1677/1677/1677 1679/1679/1679
f 1665/1665/1665 1679/1679/1679 1667/1667/1667
f 1667/1667/1667 1679/1679/1679 1681/1681/1681
f 1667/1667/1667 1681/1681/1681 1669/1669/1669
f 1658/1658/1658 1659/1659/1659 1671/1671/1671
f 1658/1658/1658 1671/1671/1671 1670/1670/1670
f 1862/1862/1862 1668/1668/1668 1680/1680/1680
f 1863/1863/1863 1681/1681/1681 1669/1669/1669
f 1670/1670/1670 1672/1672/1672 1684/1684/1684
f 1670/1670/1670 1684/1684/1684 1682/1682/1682
f 1672/1672/1672 1674/1674/1674 1686/1686/1686
f 1672/1672/1672 1686/1686/1686 1684/1684/1684
f 1674/1674/1674 1676/1676/1676 1688/1688/1688
f 1674/1674/1674 1688/1688/1688 1686/1686/1686
f 1676/1676/1676 1678/1678/1678 1690/1690/1690
f 1676/1676/1676 1690/1690/1690 1688/1688/1688
f 1678/1678/1678 1680/1680/1680 1692/1692/1692
f 1678/1678/1678 1692/1692/1692 1690/1690/1690
f 1671/1671/1671 1683/1683/1683 1685/1685/1685
f 1671/1671/1671 1685/1685/1685 1673/1673/1673
f 1673/1673/1673 1685/1685/1685 1687/1687/1687
f 1673/1673/1673 1687/1687/1687 1675/1675/1675
f 1675/1675/1675 1687/1687/1687 1689/1689/1689
f 1675/1675/1675 1689/1689/1689 1677/1677/1677
f 1677/1677/1677 1689/1689/1689 1691/1691/1691
f 1677/1677/1677 1691/1691/1691 1679/1679/1679
f 1679/1679/1679 1691/1691/1691 1693/1693/1693
f 1679/1679/1679 1693/1693/1693 1681/1681/1681
f 1670/1670/1670 1671/1671/1671 1683/1683/1683
f 1670/1670/1670 1683/1683/1683 1682/1682/1682
f 1862/1862/1862 1680/1680/1680 1692/1692/1692
f 1863/1863/1863 1693/1693/1693 1681/1681/1681
f 1682/1682/1682 1684/1684/1684 1696/1696/1696
f 1682/1682/1682 1696/1696/1696 1694/1694/1694
f 1684/1684/1684 1686/1686/1686 1698/1698/1698
f 1684/1684/1684 1698/1698/1698 1696/1696/1696
f 1686/1686/1686 1688/1688/1688 1700/1700/1700
f 1686/1686/1686 1700/1700/1700 1698/1698/1698
f 1688/1688/1688 1690/1690/1690 1702/1702/1702
f 1688/1688/1688 1702/1702/1702 1700/1700/1700
f 1690/1690/1690 1692/1692/1692 1704/1704/1704
f 1690/1690/1690 1704/1704/1704 1702/1702/1702
f 1683/1683/1683 1695/1695/1695 1697/1697/1697
f 1683/1683/1683 1697/1697/1697 1685/1685/1685
f 1685/1685/1685 1697/1697/1697 1699/1699/1699
f 1685/1685/1685 1699/1699/1699 1687/1687/1687
f 1687/1687/1687 1699/1699/1699 1701/1701/1701
f 1687/1687/1687 1701/1701/1701 1689/1689/1689
f 1689/1689/1689 1701/1701/1701 1703/1703/1703
f 1689/1689/1689 1703/1703/1703 1691/1691/1691
f 1691/1691/1691 1703/1703/1703 1705/1705/1705
f 1691/1691/1691 1705/1705/1705 1693/1693/1693
f 1682/1682/1682 1683/1683/1683 1695/1695/1695
f 1682/1682/1682 1695/1695/1695 1694/1694/1694
f 1862/1862/1862 1692/1692/1692 1704/1704/1704
f 1863/1863/1863 1705/1705/1705 1693/1693/1693
f 1694/1694/1694 1696/1696/1696 1708/1708/1708
f 1694/1694/1694 1708/1708/1708 1706/1706/1706
f 1696/1696/1696 1698/1698/1698 1710/1710/1710
f 1696/1696/1696 1710/1710/1710 1708/1708/1708
f 1698/1698/1698 1700/1700/1700 1712/1712/1712
f 1698/1698/1698 1712/1712/1712 1710/1710/1710
f 1700/1700/1700 1702/1702/1702 1714/1714/1714
f 1700/1700/1700 1714/1714/1714 1712/1712/1712
f 1702/1702/1702 1704/1704/1704 1716/1716/1716
f 1702/1702/1702 1716/1716/1716 1714/1714/1714
f 1695/1695/1695 1707/1707/1707 1709/1709/1709
f 1695/1695/1695 1709/1709/1709 1697/1697/1697
f 1697/1697/1697 1709/1709/1709 1711/1711/1711
f 1697/1697/1697 1711/1711/1711 1699/1699/1699
f 1699/1699/1699 1711/1711/1711 1713/1713/1713
f 1699/1699/1699 1713/1713/1713 1701/1701/1701
f 1701/1701/1701 1713/1713/1713 1715/1715/1715
f 1701/1701/1701 1715/1715/1715 1703/1703/1703
f 1703/1703/1703 1715/1715/1715 1717/1717/1717
f 1703/1703/1703 1717/1717/1717 1705/1705/1705
f 1694/1694/1694 1695/1695/1695 1707/1707/1707
f 1694/1694/1694 1707/1707/1707 1706/1706/1706
f 1862/1862/1862 1704/1704/1704 1716/1716/1716
f 1863/1863/1863 1717/1717/1717 1705/1705/1705
f 1706/1706/1706 1708/1708/1708 1720/1720/1720
f 1706/1706/1706 1720/1720/1720 1718/1718/1718
f 1708/1708/1708 1710/1710/1710 1722/1722/1722
f 1708/1708/1708 1722/1722/1722 1720/1720/1720
f 1710/1710/1710 1712/1712/1712 1724/1724/1724
f 1710/1710/1710 1724/1724/1724 1722/1722/1722
f 1712/1712/1712 1714/1714/1714 1726/1726/1726
f 1712/1712/1712 1726/1726/1726 1724/1724/1724
f 1714/1714/1714 1716/1716/1716 1728/1728/1728
f 1714/1714/1714 1728/1728/1728 1726/1726/1726
f 1707/1707/1707 1719/1719/1719 1721/1721/1721
f 1707/1707/1707 1721/1721/1721 1709/1709/1709
f 1709/1709/1709 1721/1721/1721 1723/1723/1723
f 1709/1709/1709 1723/1723/1723 1711/1711/1711
f 1711/1711/1711 1723/1723/1723 1725/1725/1725
f 1711/1711/1711 1725/1725/1725 1713/1713/1713
f 1713/1713/1713 1725/1725/1725 1727/1727/1727
f 1713/1713/1713 1727/1727/1727 1715/1715/1715
f 1715/1715/1715 1727/1727/1727 1729/1729/1729
f 1715/1715/1715 1729/1729/1729 1717/1717/1717
f 1706/1706/1706 1707/1707/1707 1719/1719/1719
f 1706/1706/1706 1719/1719/1719 1718/1718/1718
f 1862/1862/1862 1716/1716/1716 1728/1728/1728
f 1863/1863/1863 1729/1729/1729 1717/1717/1717
f 1718/1718/1718 1720/1720/1720 1732/1732/1732
f 1718/1718/1718 1732/1732/1732 1730/1730/1730
f 1720/1720/1720 1722/1722/1722 1734/1734/1734
f 1720/1720/1720 1734/1734/1734 1732/1732/1732
f 1722/1722/1722 1724/1724/1724 1736/1736/1736
f 1722/1722/1722 1736/1736/1736 1734/1734/1734
f 1724/1724/1724 1726/1726/1726 1738/1738/1738
f 1724/1724/1724 1738/1738/1738 1736/1736/1736
f 1726/1726/1726 1728/1728/1728 1740/1740/1740
f 1726/1726/1726 1740/1740/1740 1738/1738/1738
f 1719/1719/1719 1731/1731/1731 1733/1733/1733
f 1719/1719/1719 1733/1733/1733 1721/1721/1721
f 1721/1721/1721 1733/1733/1733 1735/1735/1735
f 1721/1721/1721 1735/1735/1735 1723/1723/1723
f 1723/1723/1723 1735/1735/1735 1737/1737/1737
f 1723/1723/1723 1737/1737/1737 1725/1725/1725
f 1725/1725/1725 1737/1737/1737 1739/1739/1739
f 1725/1725/1725 1739/1739/1739 1727/1727/1727
f 1727/1727/1727 1739/1739/1739 1741/1741/1741
f 1727/1727/1727 1741/1741/1741 1729/1729/1729
f 1718/1718/1718 1719/1719/1719 1731/1731/1731
f 1718/1718/1718 1731/1731/1731 1730/1730/1730
f 1862/1862/1862 1728/1728/1728 1740/1740/1740
f 1863/1863/1863 1741/1741/1741 1729/1729/1729
f 1730/1730/1730 1732/1732/1732 1744/1744/1744
f 1730/1730/1730 1744/1744/1744 1742/1742/1742
f 1732/1732/1732 1734/1734/1734 1746/1746/1746
f 1732/1732/1732 1746/1746/1746 1744/1744/1744
f 1734/1734/1734 1736/1736/1736 1748/1748/1748
f 1734/1734/1734 1748/1748/1748 1746/1746/1746
f 1736/1736/1736 1738/1738/1738 1750/1750/1750
f 1736/1736/1736 1750/1750/1750 1748/1748/1748
f 1738/1738/1738 1740/1740/1740 1752/1752/1752
f 1738/1738/1738 1752/1752/1752 1750/1750/1750
f 1731/1731/1731 1743/1743/1743 1745/1745/1745
f 1731/1731/1731 1745/1745/1745 1733/1733/1733
f 1733/1733/1733 1745/1745/1745 1747/1747/1747
f 1733/1733/1733 1747/1747/1747 1735/1735/1735
f 1735/1735/1735 1747/1747/1747 1749/1749/1749
f 1735/1735/1735 1749/1749/1749 1737/1737/1737
f 1737/1737/1737 1749/1749/1749 1751/1751/1751
f 1737/1737/1737 1751/1751/1751 1739/1739/1739
f 1739/1739/1739 1751/1751/1751 1753/1753/1753
f 1739/1739/1739 1753/1753/1753 1741/1741/1741
f 1730/1730/1730 1731/1731/1731 1743/1743/1743
f 1730/1730/1730 1743/1743/1743 1742/1742/1742
f 1862/1862/1862 1740/1740/1740 1752/1752/1752
f 1863/1863/1863 1753/1753/1753 1741/1741/1741
f 1742/1742/1742 1744/1744/1744 1756/1756/1756
f 1742/1742/1742 1756/1756/1756 1754/1754/1754
f 1744/1744/1744 1746/1746/1746 1758/1758/1758
f 1744/1744/1744 1758/1758/1758 1756/1756/1756
f 1746/1746/1746 1748/1748/1748 1760/1760/1760
f 1746/1746/1746 1760/1760/1760 1758/1758/1758
f 1748/1748/1748 1750/1750/1750 1762/1762/1762
f 1748/1748/1748 1762/1762/1762 1760/1760/1760
f 1750/1750/1750 1752/1752/1752 1764/1764/1764
f 1750/1750/1750 1764/1764/1764 1762/1762/1762
f 1743/1743/1743 1755/1755/1755 1757/1757/1757
f 1743/1743/1743 1757/1757/1757 1745/1745/1745
f 1745/1745/1745 1757/1757/1757 1759/1759/1759
f 1745/1745/1745 1759/1759/1759 1747/1747/1747
f 1747/1747/1747 1759/1759/1759 1761/1761/1761
f 1747/1747/1747 1761/1761/1761 1749/1749/1749
f 1749/1749/1749 1761/1761/1761 1763/1763/1763
f 1749/1749/1749 1763/1763/1763 1751/1751/1751
f 1751/1751/1751 1763/1763/1763 1765/1765/1765
f 1751/1751/1751 1765/1765/1765 1753/1753/1753
f 1742/1742/1742 1743/1743/1743 1755/1755/1755
f 1742/1742/1742 1755/1755/1755 1754/1754/1754
f 1862/1862/1862 1752/1752/1752 1764/1764/1764
f 1863/1863/1863 1765/1765/1765 1753/1753/1753
f 1754/1754/1754 1756/1756/1756 1768/1768/1768
f 1754/1754/1754 1768/1768/1768 1766/1766/1766
f 1756/1756/1756 1758/1758/1758 1770/1770/1770
f 1756/1756/1756 1770/1770/1770 1768/1768/1768
f 1758/1758/1758 1760/1760/1760 1772/1772/1772
f 1758/1758/1758 1772/1772/1772 1770/1770/1770
f 1760/1760/1760 1762/1762/1762 1774/1774/1774
f 1760/1760/1760 1774/1774/1774 1772/1772/1772
f 1762/1762/1762 1764/1764/1764 1776/1776/1776
f 1762/1762/1762 1776/1776/1776 1774/1774/1774
f 1755/1755/1755 1767/1767/1767 1769/1769/1769
f 1755/1755/1755 1769/1769/1769 1757/1757/1757
f 1757/1757/1757 1769/1769/1769 1771/1771/1771
f 1757/1757/1757 1771/1771/1771 1759/1759/1759
f 1759/1759/1759 1771/1771/1771 1773/1773/1773
f 1759/1759/1759 1773/1773/1773 1761/1761/1761
f 1761/1761/1761 1773/1773/1773 1775/1775/1775
f 1761/1761/1761 1775/1775/1775 1763/1763/1763
f 1763/1763/1763 1775/1775/1775 1777/1777/1777
f 1763/1763/1763 1777/1777/1777 1765/1765/1765
f 1754/1754/1754 1755/1755/1755 1767/1767/1767
f 1754/1754/1754 1767/1767/1767 1766/1766/1766
f 1862/1862/1862 1764/1764/1764 1776/1776/1776
f 1863/1863/1863 1777/1777/1777 1765/1765/1765
f 1766/1766/1766 1768/1768/1768 1780/1780/1780
f 1766/1766/1766 1780/1780/1780 1778/1778/1778
f 1768/1768/1768 1770/1770/1770 1782/1782/1782
f 1768/1768/1768 1782/1782/1782 1780/1780/1780
f 1770/1770/1770 1772/1772/1772 1784/1784/1784
f 1770/1770/1770 1784/1784/1784 1782/1782/1782
f 1772/1772/1772 1774/1774/1774 1786/1786/1786
f 1772/1772/1772 1786/1786/1786 1784/1784/1784
f 1774/1774/1774 1776/1776/1776 1788/1788/1788
f 1774/1774/1774 1788/1788/1788 1786/1786/1786
f 1767/1767/1767 1779/1779/1779 1781/1781/1781
f 1767/1767/1767 1781/1781/1781 1769/1769/1769
f 1769/1769/1769 1781/1781/1781 1783/1783/1783
f 1769/1769/1769 1783/1783/1783 1771/1771/1771
f 1771/1771/1771 1783/1783/1783 1785/1785/1785
f 1771/1771/1771 1785/1785/1785 1773/1773/1773
f 1773/1773/1773 1785/1785/1785 1787/1787/1787
f 1773/1773/1773 1787/1787/1787 1775/1775/1775
f 1775/1775/1775 1787/1787/1787 1789/1789/1789
f 1775/1775/1775 1789/1789/1789 1777/1777/1777
f 1766/1766/1766 1767/1767/1767 1779/1779/1779
f 1766/1766/1766 1779/1779/1779 1778/1778/1778
f 1862/1862/1862 1776/1776/1776 1788/1788/1788
f 1863/1863/1863 1789/1789/1789 1777/1777/1777
f 1778/1778/1778 1780/1780/1780 1792/1792/1792
f 1778/1778/1778 1792/1792/1792 1790/1790/1790
f 1780/1780/1780 1782/1782/1782 1794/1794/1794
f 1780/1780/1780 1794/1794/1794 1792/1792/1792
f 1782/1782/1782 1784/1784/1784 1796/1796/1796
f 1782/1782/1782 1796/1796/1796 1794/1794/1794
f 1784/1784/1784 1786/1786/1786 1798/1798/1798
f 1784/1784/1784 1798/1798/1798 1796/1796/1796
f 1786/1786/1786 1788/1788/1788 1800/1800/1800
f 1786/1786/1786 1800/1800/1800 1798/1798/1798
f 1779/1779/1779 1791/1791/1791 1793/1793/1793
f 1779/1779/1779 1793/1793/1793 1781/1781/1781
f 1781/1781/1781 1793/1793/1793 1795/1795/1795
f 1781/1781/1781 1795/1795/1795 1783/1783/1783
f 1783/1783/1783 1795/1795/1795 1797/1797/1797
f 1783/1783/1783 1797/1797/1797 1785/1785/1785
f 1785/1785/1785 1797/1797/1797 1799/1799/1799
f 1785/1785/1785 1799/1799/1799 1787/1787/1787
f 1787/1787/1787 1799/1799/1799 1801/1801/1801
f 1787/1787/1787 1801/1801/1801 1789/1789/1789
f 1778/1778/1778 1779/1779/1779 1791/1791/1791
f 1778/1778/1778 1791/1791/1791 1790/1790/1790
f 1862/1862/1862 1788/1788/1788 1800/1800/1800
f 1863/1863/1863 1801/1801/1801 1789/1789/1789
f 1790/1790/1790 1792/1792/1792 1804/1804/1804
f 1790/1790/1790 1804/1804/1804 1802/1802/1802
f 1792/1792/1792 1794/1794/1794 1806/1806/1806
f 1792/1792/1792 1806/1806/1806 1804/1804/1804
f 1794/1794/1794 1796/1796/1796 1808/1808/1808
f 1794/1794/1794 1808/1808/1808 1806/1806/1806
f 1796/1796/1796 1798/1798/1798 1810/1810/1810
f 1796/1796/1796 1810/1810/1810 1808/1808/1808
f 1798/1798/1798 1800/1800/1800 1812/1812/1812
f 1798/1798/1798 1812/1812/1812 1810/1810/1810
f 1791/1791/1791 1803/1803/1803 1805/1805/1805
f 1791/1791/1791 1805/1805/1805 1793/1793/1793
f 1793/1793/1793 1805/1805/1805 1807/1807/1807
f 1793/1793/1793 1807/1807/1807 1795/1795/1795
f 1795/1795/1795 1807/1807/1807 1809/1809/1809
f 1795/1795/1795 1809/1809/1809 1797/1797/1797
f 1797/1797/1797 1809/1809/1809 1811/1811/1811
f 1797/1797/1797 1811/1811/1811 1799/1799/1799
f 1799/1799/1799 1811/1811/1811 1813/1813/1813
f 1799/1799/1799 1813/1813/1813 1801/1801/1801
f 1790/1790/1790 1791/1791/1791 1803/1803/1803
f 1790/1790/1790 1803/1803/1803 1802/1802/1802
f 1862/1862/1862 1800/1800/1800 1812/1812/1812
f 1863/1863/1863 1813/1813/1813 1801/1801/1801
f 1802/1802/1802 1804/1804/1804 1816/1816/1816
f 1802/1802/1802 1816/1816/1816 1814/1814/1814
f 1804/1804/1804 1806/1806/1806 1818/1818/1818
f 1804/1804/1804 1818/1818/1818 1816/1816/1816
f 1806/1806/1806 1808/1808/1808 1820/1820/1820
f 1806/1806/1806 1820/1820/1820 1818/1818/1818
f 1808/1808/1808 1810/1810/1810 1822/1822/1822
f 1808/1808/1808 1822/1822/1822 1820/1820/1820
f 1810/1810/1810 1812/1812/1812 1824/1824/1824
f 1810/1810/1810 1824/1824/1824 1822/1822/1822
f 1803/1803/1803 1815/1815/1815 1817/1817/1817
f 1803/1803/1803 1817/1817/1817 1805/1805/1805
f 1805/1805/1805 1817/1817/1817 1819/1819/1819
f 1805/1805/1805 1819/1819/1819 1807/1807/1807
f 1807/1807/1807 1819/1819/1819 1821/1821/1821
f 1807/1807/1807 1821/1821/1821 1809/1809/1809
f 1809/1809/1809 1821/1821/1821 1823/1823/1823
f 1809/1809/1809 1823/1823/1823 1811/1811/1811
f 1811/1811/1811 1823/1823/1823 1825/1825/1825
f 1811/1811/1811 1825/1825/1825 1813/1813/1813
f 1802/1802/1802 1803/1803/1803 1815/1815/1815
f 1802/1802/1802 1815/1815/1815 1814/1814/1814
f 1862/1862/1862 1812/1812/1812 1824/1824/1824
f 1863/1863/1863 1825/1825/1825 1813/1813/1813
f 1814/1814/1814 1816/1816/1816 1828/1828/1828
f 1814/1814/1814 1828/1828/1828 1826/1826/1826
f 1816/1816/1816 1818/1818/1818 1830/1830/1830
f 1816/1816/1816 1830/1830/1830 1828/1828/1828
f 1818/1818/1818 1820/1820/1820 1832/1832/1832
f 1818/1818/1818 1832/1832/1832 1830/1830/1830
f 1820/1820/1820 1822/1822/1822 1834/1834/1834
f 1820/1820/1820 1834/1834/1834 1832/1832/1832
f 1822/1822/1822 1824/1824/1824 1836/1836/1836
f 1822/1822/1822 1836/1836/1836 1834/1834/1834
f 1815/1815/1815 1827/1827/1827 1829/1829/1829
f 1815/1815/1815 1829/1829/1829 1817/1817/1817
f 1817/1817/1817 1829/1829/1829 1831/1831/1831
f 1817/1817/1817 1831/1831/1831 1819/1819/1819
f 1819/1819/1819 1831/1831/1831 1833/1833/1833
f 1819/1819/1819 1833/1833/1833 1821/1821/1821
f 1821/1821/1821 1833/1833/1833 1835/1835/1835
f 1821/1821/1821 1835/1835/1835 1823/1823/1823
f 1823/1823/1823 1835/1835/1835 1837/1837/1837
f 1823/1823/1823 1837/1837/1837 1825/1825/1825
f 1814/1814/1814 1815/1815/1815 1827/1827/1827
f 1814/1814/1814 1827/1827/1827 1826/1826/1826
f 1862/1862/1862 1824/1824/1824 1836/1836/1836
f 1863/1863/1863 1837/1837/1837 1825/1825/1825
f 1826/1826/1826 1828/1828/1828 1840/1840/1840
f 1826/1826/1826 1840/1840/1840 1838/1838/1838
f 1828/1828/1828 1830/1830/1830 1842/1842/1842
f 1828/1828/1828 1842/1842/1842 1840/1840/1840
f 1830/1830/1830 1832/1832/1832 1844/1844/1844
f 1830/1830/1830 1844/1844/1844 1842/1842/1842
f 1832/1832/1832 1834/1834/1834 1846/1846/1846
f 1832/1832/1832 1846/1846/1846 1844/1844/1844
f 1834/1834/1834 1836/1836/1836 1848/1848/1848
f 1834/1834/1834 1848/1848/1848 1846/1846/1846
f 1827/1827/1827 1839/1839/1839 1841/1841/1841
f 1827/1827/1827 1841/1841/1841 1829/1829/1829
f 1829/1829/1829 1841/1841/1841 1843/1843/1843
f 1829/1829/1829 1843/1843/1843 1831/1831/1831
f 1831/1831/1831 1843/1843/1843 1845/1845/1845
f 1831/1831/1831 1845/1845/1845 1833/1833/1833
f 1833/1833/1833 1845/1845/1845 1847/1847/1847
f 1833/1833/1833 1847/1847/1847 1835/1835/1835
f 1835/1835/1835 1847/1847/1847 1849/1849/1849
f 1835/1835/1835 1849/1849/1849 1837/1837/1837
f 1826/1826/1826 1827/1827/1827 1839/1839/1839
f 1826/1826/1826 1839/1839/1839 1838/1838/1838
f 1862/1862/1862 1836/1836/1836 1848/1848/1848
f 1863/1863/1863 1849/1849/1849 1837/1837/1837
f 1838/1838/1838 1840/1840/1840 1852/1852/1852
f 1838/1838/1838 1852/1852/1852 1850/1850/1850
f 1840/1840/1840 1842/1842/1842 1854/1854/1854
f 1840/1840/1840 1854/1854/1854 1852/1852/1852
f 1842/1842/1842 1844/1844/1844 1856/1856/1856
f 1842/1842/1842 1856/1856/1856 1854/1854/1854
f 1844/1844/1844 1846/1846/1846 1858/1858/1858
f 1844/1844/1844 1858/1858/1858 1856/1856/1856
f 1846/1846/1846 1848/1848/1848 1860/1860/1860
f 1846/1846/1846 1860/1860/1860 1858/1858/1858
f 1839/1839/1839 1851/1851/1851 1853/1853/1853
f 1839/1839/1839 1853/1853/1853 1841/1841/1841
f 1841/1841/1841 1853/1853/1853 1855/1855/1855
f 1841/1841/1841 1855/1855/1855 1843/1843/1843
f 1843/1843/1843 1855/1855/1855 1857/1857/1857
f 1843/1843/1843 1857/1857/1857 1845/1845/1845
f 1845/1845/1845 1857/1857/1857 1859/1859/1859
f 1845/1845/1845 1859/1859/1859 1847/1847/1847
f 1847/1847/1847 1859/1859/1859 1861/1861/1861
f 1847/1847/1847 1861/1861/1861 1849/1849/1849
f 1838/1838/1838 1839/1839/1839 1851/1851/1851
f 1838/1838/1838 1851/1851/1851 1850/1850/1850
f 1862/1862/1862 1848/1848/1848 1860/1860/1860
f 1863/1863/1863 1861/1861/1861 1849/1849/1849
f 1850/1850/1850 1852/1852/1852 1576/1576/1576
f 1850/1850/1850 1576/1576/1576 1574/1574/1574
f 1852/1852/1852 1854/1854/1854 1578/1578/1578
f 1852/1852/1852 1578/1578/1578 1576/1576/1576
f 1854/1854/1854 1856/1856/1856 1580/1580/1580
f 1854/1854/1854 1580/1580/1580 1578/1578/1578
f 1856/1856/1856 1858/1858/1858 1582/1582/1582
f 1856/1856/1856 1582/1582/1582 1580/1580/1580
f 1858/1858/1858 1860/1860/1860 1584/1584/1584
f 1858/1858/1858 1584/1584/1584 1582/1582/1582
f 1851/1851/1851 1575/1575/1575 1577/1577/1577
f 1851/1851/1851 1577/1577/1577 1853/1853/1853
f 1853/1853/1853 1577/1577/1577 1579/1579/1579
f 1853/1853/1853 1579/1579/1579 1855/1855/1855
f 1855/1855/1855 1579/1579/1579 1581/1581/1581
f 1855/1855/1855 1581/1581/1581 1857/1857/1857
f 1857/1857/1857 1581/1581/1581 1583/1583/1583
f 1857/1857/1857 1583/1583/1583 1859/1859/1859
f 1859/1859/1859 1583/1583/1583 1585/1585/1585
f 1859/1859/1859 1585/1585/1585 1861/1861/1861
f 1850/1850/1850 1851/1851/1851 1575/1575/1575
f 1850/1850/1850 1575/1575/1575 1574/1574/1574
f 1862/1862/1862 1860/1860/1860 1584/1584/1584
f 1863/1863/1863 1585/1585/1585 1861/1861/1861

g Wheels_RearRightInner
usemtl Mat_Wheel_PBR
v 1.0500 0.5200 -2.6800
v 0.7500 0.5200 -2.6800
v 1.0425 0.5200 -2.7008
v 0.7575 0.5200 -2.7008
v 1.0230 0.5200 -2.7944
v 0.7770 0.5200 -2.7944
v 0.9900 0.5200 -2.8152
v 0.8100 0.5200 -2.8152
v 0.9525 0.5200 -2.9660
v 0.8475 0.5200 -2.9660
v 0.9600 0.5200 -3.0544
v 0.8400 0.5200 -3.0544
v 1.0500 0.6546 -2.6977
v 0.7500 0.6546 -2.6977
v 1.0425 0.6492 -2.7178
v 0.7575 0.6492 -2.7178
v 1.0230 0.6250 -2.8082
v 0.7770 0.6250 -2.8082
v 0.9900 0.6196 -2.8283
v 0.8100 0.6196 -2.8283
v 0.9525 0.5806 -2.9740
v 0.8475 0.5806 -2.9740
v 0.9600 0.5577 -3.0594
v 0.8400 0.5577 -3.0594
v 1.0500 0.7800 -2.7497
v 0.7500 0.7800 -2.7497
v 1.0425 0.7696 -2.7677
v 0.7575 0.7696 -2.7677
v 1.0230 0.7228 -2.8487
v 0.7770 0.7228 -2.8487
v 0.9900 0.7124 -2.8668
v 0.8100 0.7124 -2.8668
v 0.9525 0.6370 -2.9974
v 0.8475 0.6370 -2.9974
v 0.9600 0.5928 -3.0739
v 0.8400 0.5928 -3.0739
v 1.0500 0.8877 -2.8323
v 0.7500 0.8877 -2.8323
v 1.0425 0.8730 -2.8470
v 0.7575 0.8730 -2.8470
v 1.0230 0.8068 -2.9132
v 0.7770 0.8068 -2.9132
v 0.9900 0.7921 -2.9279
v 0.8100 0.7921 -2.9279
v 0.9525 0.6855 -3.0345
v 0.8475 0.6855 -3.0345
v 0.9600 0.6230 -3.0970
v 0.8400 0.6230 -3.0970
v 1.0500 0.9703 -2.9400
v 0.7500 0.9703 -2.9400
v 1.0425 0.9523 -2.9504
v 0.7575 0.9523 -2.9504
v 1.0230 0.8713 -2.9972
v 0.7770 0.8713 -2.9972
v 0.9900 0.8532 -3.0076
v 0.8100 0.8532 -3.0076
v 0.9525 0.7226 -3.0830
v 0.8475 0.7226 -3.0830
v 0.9600 0.6461 -3.1272
v 0.8400 0.6461 -3.1272
v 1.0500 1.0223 -3.0654
v 0.7500 1.0223 -3.0654
v 1.0425 1.0022 -3.0708
v 0.7575 1.0022 -3.0708
v 1.0230 0.9118 -3.0950
v 0.7770 0.9118 -3.0950
v 0.9900 0.8917 -3.1004
v 0.8100 0.8917 -3.1004
v 0.9525 0.7460 -3.1394
v 0.8475 0.7460 -3.1394
v 0.9600 0.6606 -3.1623
v 0.8400 0.6606 -3.1623
v 1.0500 1.0400 -3.2000
v 0.7500 1.0400 -3.2000
v 1.0425 1.0192 -3.2000
v 0.7575 1.0192 -3.2000
v 1.0230 0.9256 -3.2000
v 0.7770 0.9256 -3.2000
v 0.9900 0.9048 -3.2000
v 0.8100 0.9048 -3.2000
v 0.9525 0.7540 -3.2000
v 0.8475 0.7540 -3.2000
v 0.9600 0.6656 -3.2000
v 0.8400 0.6656 -3.2000
v 1.0500 1.0223 -3.3346
v 0.7500 1.0223 -3.3346
v 1.0425 1.0022 -3.3292
v 0.7575 1.0022 -3.3292
v 1.0230 0.9118 -3.3050
v 0.7770 0.9118 -3.3050
v 0.9900 0.8917 -3.2996
v 0.8100 0.8917 -3.2996
v 0.9525 0.7460 -3.2606
v 0.8475 0.7460 -3.2606
v 0.9600 0.6606 -3.2377
v 0.8400 0.6606 -3.2377
v 1.0500 0.9703 -3.4600
v 0.7500 0.9703 -3.4600
v 1.0425 0.9523 -3.4496
v 0.7575 0.9523 -3.4496
v 1.0230 0.8713 -3.4028
v 0.7770 0.8713 -3.4028
v 0.9900 0.8532 -3.3924
v 0.8100 0.8532 -3.3924
v 0.9525 0.7226 -3.3170
v 0.8475 0.7226 -3.3170
v 0.9600 0.6461 -3.2728
v 0.8400 0.6461 -3.2728
v 1.0500 0.8877 -3.5677
v 0.7500 0.8877 -3.5677
v 1.0425 0.8730 -3.5530
v 0.7575 0.8730 -3.5530
v 1.0230 0.8068 -3.4868
v 0.7770 0.8068 -3.4868
v 0.9900 0.7921 -3.4721
v 0.8100 0.7921 -3.4721
v 0.9525 0.6855 -3.3655
v 0.8475 0.6855 -3.3655
v 0.9600 0.6230 -3.3030
v 0.8400 0.6230 -3.3030
v 1.0500 0.7800 -3.6503
v 0.7500 0.7800 -3.6503
v 1.0425 0.7696 -3.6323
v 0.7575 0.7696 -3.6323
v 1.0230 0.7228 -3.5513
v 0.7770 0.7228 -3.5513
v 0.9900 0.7124 -3.5332
v 0.8100 0.7124 -3.5332
v 0.9525 0.6370 -3.4026
v 0.8475 0.6370 -3.4026
v 0.9600 0.5928 -3.3261
v 0.8400 0.5928 -3.3261
v 1.0500 0.6546 -3.7023
v 0.7500 0.6546 -3.7023
v 1.0425 0.6492 -3.6822
v 0.7575 0.6492 -3.6822
v 1.0230 0.6250 -3.5918
v 0.7770 0.6250 -3.5918
v 0.9900 0.6196 -3.5717
v 0.8100 0.6196 -3.5717
v 0.9525 0.5806 -3.4260
v 0.8475 0.5806 -3.4260
v 0.9600 0.5577 -3.3406
v 0.8400 0.5577 -3.3406
v 1.0500 0.5200 -3.7200
v 0.7500 0.5200 -3.7200
v 1.0425 0.5200 -3.6992
v 0.7575 0.5200 -3.6992
v 1.0230 0.5200 -3.6056
v 0.7770 0.5200 -3.6056
v 0.9900 0.5200 -3.5848
v 0.8100 0.5200 -3.5848
v 0.9525 0.5200 -3.4340
v 0.8475 0.5200 -3.4340
v 0.9600 0.5200 -3.3456
v 0.8400 0.5200 -3.3456
v 1.0500 0.3854 -3.7023
v 0.7500 0.3854 -3.7023
v 1.0425 0.3908 -3.6822
v 0.7575 0.3908 -3.6822
v 1.0230 0.4150 -3.5918
v 0.7770 0.4150 -3.5918
v 0.9900 0.4204 -3.5717
v 0.8100 0.4204 -3.5717
v 0.9525 0.4594 -3.4260
v 0.8475 0.4594 -3.4260
v 0.9600 0.4823 -3.3406
v 0.8400 0.4823 -3.3406
v 1.0500 0.2600 -3.6503
v 0.7500 0.2600 -3.6503
v 1.0425 0.2704 -3.6323
v 0.7575 0.2704 -3.6323
v 1.0230 0.3172 -3.5513
v 0.7770 0.3172 -3.5513
v 0.9900 0.3276 -3.5332
v 0.8100 0.3276 -3.5332
v 0.9525 0.4030 -3.4026
v 0.8475 0.4030 -3.4026
v 0.9600 0.4472 -3.3261
v 0.8400 0.4472 -3.3261
v 1.0500 0.1523 -3.5677
v 0.7500 0.1523 -3.5677
v 1.0425 0.1670 -3.5530
v 0.7575 0.1670 -3.5530
v 1.0230 0.2332 -3.4868
v 0.7770 0.2332 -3.4868
v 0.9900 0.2479 -3.4721
v 0.8100 0.2479 -3.4721
v 0.9525 0.3545 -3.3655
v 0.8475 0.3545 -3.3655
v 0.9600 0.4170 -3.3030
v 0.8400 0.4170 -3.3030
v 1.0500 0.0697 -3.4600
v 0.7500 0.0697 -3.4600
v 1.0425 0.0877 -3.4496
v 0.7575 0.0877 -3.4496
v 1.0230 0.1687 -3.4028
v 0.7770 0.1687 -3.4028
v 0.9900 0.1868 -3.3924
v 0.8100 0.1868 -3.3924
v 0.9525 0.3174 -3.3170
v 0.8475 0.3174 -3.3170
v 0.9600 0.3939 -3.2728
v 0.8400 0.3939 -3.2728
v 1.0500 0.0177 -3.3346
v 0.7500 0.0177 -3.3346
v 1.0425 0.0378 -3.3292
v 0.7575 0.0378 -3.3292
v 1.0230 0.1282 -3.3050
v 0.7770 0.1282 -3.3050
v 0.9900 0.1483 -3.2996
v 0.8100 0.1483 -3.2996
v 0.9525 0.2940 -3.2606
v 0.8475 0.2940 -3.2606
v 0.9600 0.3794 -3.2377
v 0.8400 0.3794 -3.2377
v 1.0500 0.0000 -3.2000
v 0.7500 0.0000 -3.2000
v 1.0425 0.0208 -3.2000
v 0.7575 0.0208 -3.2000
v 1.0230 0.1144 -3.2000
v 0.7770 0.1144 -3.2000
v 0.9900 0.1352 -3.2000
v 0.8100 0.1352 -3.2000
v 0.9525 0.2860 -3.2000
v 0.8475 0.2860 -3.2000
v 0.9600 0.3744 -3.2000
v 0.8400 0.3744 -3.2000
v 1.0500 0.0177 -3.0654
v 0.7500 0.0177 -3.0654
v 1.0425 0.0378 -3.0708
v 0.7575 0.0378 -3.0708
v 1.0230 0.1282 -3.0950
v 0.7770 0.1282 -3.0950
v 0.9900 0.1483 -3.1004
v 0.8100 0.1483 -3.1004
v 0.9525 0.2940 -3.1394
v 0.8475 0.2940 -3.1394
v 0.9600 0.3794 -3.1623
v 0.8400 0.3794 -3.1623
v 1.0500 0.0697 -2.9400
v 0.7500 0.0697 -2.9400
v 1.0425 0.0877 -2.9504
v 0.7575 0.0877 -2.9504
v 1.0230 0.1687 -2.9972
v 0.7770 0.1687 -2.9972
v 0.9900 0.1868 -3.0076
v 0.8100 0.1868 -3.0076
v 0.9525 0.3174 -3.0830
v 0.8475 0.3174 -3.0830
v 0.9600 0.3939 -3.1272
v 0.8400 0.3939 -3.1272
v 1.0500 0.1523 -2.8323
v 0.7500 0.1523 -2.8323
v 1.0425 0.1670 -2.8470
v 0.7575 0.1670 -2.8470
v 1.0230 0.2332 -2.9132
v 0.7770 0.2332 -2.9132
v 0.9900 0.2479 -2.9279
v 0.8100 0.2479 -2.9279
v 0.9525 0.3545 -3.0345
v 0.8475 0.3545 -3.0345
v 0.9600 0.4170 -3.0970
v 0.8400 0.4170 -3.0970
v 1.0500 0.2600 -2.7497
v 0.7500 0.2600 -2.7497
v 1.0425 0.2704 -2.7677
v 0.7575 0.2704 -2.7677
v 1.0230 0.3172 -2.8487
v 0.7770 0.3172 -2.8487
v 0.9900 0.3276 -2.8668
v 0.8100 0.3276 -2.8668
v 0.9525 0.4030 -2.9974
v 0.8475 0.4030 -2.9974
v 0.9600 0.4472 -3.0739
v 0.8400 0.4472 -3.0739
v 1.0500 0.3854 -2.6977
v 0.7500 0.3854 -2.6977
v 1.0425 0.3908 -2.7178
v 0.7575 0.3908 -2.7178
v 1.0230 0.4150 -2.8082
v 0.7770 0.4150 -2.8082
v 0.9900 0.4204 -2.8283
v 0.8100 0.4204 -2.8283
v 0.9525 0.4594 -2.9740
v 0.8475 0.4594 -2.9740
v 0.9600 0.4823 -3.0594
v 0.8400 0.4823 -3.0594
v 0.9600 0.5200 -3.2000
v 0.8400 0.5200 -3.2000
vn 0.5000 0.0000 0.5000
vn -0.5000 0.0000 0.5000
vn 0.5000 0.0000 0.5000
vn -0.5000 0.0000 0.5000
vn 0.5000 0.0000 0.5000
vn -0.5000 0.0000 0.5000
vn 0.5000 0.0000 0.5000
vn -0.5000 0.0000 0.5000
vn 0.5000 0.0000 0.5000
vn -0.5000 0.0000 0.5000
vn 0.5000 0.0000 0.5000
vn -0.5000 0.0000 0.5000
vn 0.5000 0.1294 0.4830
vn -0.5000 0.1294 0.4830
vn 0.5000 0.1294 0.4830
vn -0.5000 0.1294 0.4830
vn 0.5000 0.1294 0.4830
vn -0.5000 0.1294 0.4830
vn 0.5000 0.1294 0.4830
vn -0.5000 0.1294 0.4830
vn 0.5000 0.1294 0.4830
vn -0.5000 0.1294 0.4830
vn 0.5000 0.1294 0.4830
vn -0.5000 0.1294 0.4830
vn 0.5000 0.2500 0.4330
vn -0.5000 0.2500 0.4330
vn 0.5000 0.2500 0.4330
vn -0.5000 0.2500 0.4330
vn 0.5000 0.2500 0.4330
vn -0.5000 0.2500 0.4330
vn 0.5000 0.2500 0.4330
vn -0.5000 0.2500 0.4330
vn 0.5000 0.2500 0.4330
vn -0.5000 0.2500 0.4330
vn 0.5000 0.2500 0.4330
vn -0.5000 0.2500 0.4330
vn 0.5000 0.3536 0.3536
vn -0.5000 0.3536 0.3536
vn 0.5000 0.3536 0.3536
vn -0.5000 0.3536 0.3536
vn 0.5000 0.3536 0.3536
vn -0.5000 0.3536 0.3536
vn 0.5000 0.3536 0.3536
vn -0.5000 0.3536 0.3536
vn 0.5000 0.3536 0.3536
vn -0.5000 0.3536 0.3536
vn 0.5000 0.3536 0.3536
vn -0.5000 0.3536 0.3536
vn 0.5000 0.4330 0.2500
vn -0.5000 0.4330 0.2500
vn 0.5000 0.4330 0.2500
vn -0.5000 0.4330 0.2500
vn 0.5000 0.4330 0.2500
vn -0.5000 0.4330 0.2500
vn 0.5000 0.4330 0.2500
vn -0.5000 0.4330 0.2500
vn 0.5000 0.4330 0.2500
vn -0.5000 0.4330 0.2500
vn 0.5000 0.4330 0.2500
vn -0.5000 0.4330 0.2500
vn 0.5000 0.4830 0.1294
vn -0.5000 0.4830 0.1294
vn 0.5000 0.4830 0.1294
vn -0.5000 0.4830 0.1294
vn 0.5000 0.4830 0.1294
vn -0.5000 0.4830 0.1294
vn 0.5000 0.4830 0.1294
vn -0.5000 0.4830 0.1294
vn 0.5000 0.4830 0.1294
vn -0.5000 0.4830 0.1294
vn 0.5000 0.4830 0.1294
vn -0.5000 0.4830 0.1294
vn 0.5000 0.5000 0.0000
vn -0.5000 0.5000 0.0000
vn 0.5000 0.5000 0.0000
vn -0.5000 0.5000 0.0000
vn 0.5000 0.5000 0.0000
vn -0.5000 0.5000 0.0000
vn 0.5000 0.5000 0.0000
vn -0.5000 0.5000 0.0000
vn 0.5000 0.5000 0.0000
vn -0.5000 0.5000 0.0000
vn 0.5000 0.5000 0.0000
vn -0.5000 0.5000 0.0000
vn 0.5000 0.4830 -0.1294
vn -0.5000 0.4830 -0.1294
vn 0.5000 0.4830 -0.1294
vn -0.5000 0.4830 -0.1294
vn 0.5000 0.4830 -0.1294
vn -0.5000 0.4830 -0.1294
vn 0.5000 0.4830 -0.1294
vn -0.5000 0.4830 -0.1294
vn 0.5000 0.4830 -0.1294
vn -0.5000 0.4830 -0.1294
vn 0.5000 0.4830 -0.1294
vn -0.5000 0.4830 -0.1294
vn 0.5000 0.4330 -0.2500
vn -0.5000 0.4330 -0.2500
vn 0.5000 0.4330 -0.2500
vn -0.5000 0.4330 -0.2500
vn 0.5000 0.4330 -0.2500
vn -0.5000 0.4330 -0.2500
vn 0.5000 0.4330 -0.2500
vn -0.5000 0.4330 -0.2500
vn 0.5000 0.4330 -0.2500
vn -0.5000 0.4330 -0.2500
vn 0.5000 0.4330 -0.2500
vn -0.5000 0.4330 -0.2500
vn 0.5000 0.3536 -0.3536
vn -0.5000 0.3536 -0.3536
vn 0.5000 0.3536 -0.3536
vn -0.5000 0.3536 -0.3536
vn 0.5000 0.3536 -0.3536
vn -0.5000 0.3536 -0.3536
vn 0.5000 0.3536 -0.3536
vn -0.5000 0.3536 -0.3536
vn 0.5000 0.3536 -0.3536
vn -0.5000 0.3536 -0.3536
vn 0.5000 0.3536 -0.3536
vn -0.5000 0.3536 -0.3536
vn 0.5000 0.2500 -0.4330
vn -0.5000 0.2500 -0.4330
vn 0.5000 0.2500 -0.4330
vn -0.5000 0.2500 -0.4330
vn 0.5000 0.2500 -0.4330
vn -0.5000 0.2500 -0.4330
vn 0.5000 0.2500 -0.4330
vn -0.5000 0.2500 -0.4330
vn 0.5000 0.2500 -0.4330
vn -0.5000 0.2500 -0.4330
vn 0.5000 0.2500 -0.4330
vn -0.5000 0.2500 -0.4330
vn 0.5000 0.1294 -0.4830
vn -0.5000 0.1294 -0.4830
vn 0.5000 0.1294 -0.4830
vn -0.5000 0.1294 -0.4830
vn 0.5000 0.1294 -0.4830
vn -0.5000 0.1294 -0.4830
vn 0.5000 0.1294 -0.4830
vn -0.5000 0.1294 -0.4830
vn 0.5000 0.1294 -0.4830
vn -0.5000 0.1294 -0.4830
vn 0.5000 0.1294 -0.4830
vn -0.5000 0.1294 -0.4830
vn 0.5000 0.0000 -0.5000
vn -0.5000 0.0000 -0.5000
vn 0.5000 0.0000 -0.5000
vn -0.5000 0.0000 -0.5000
vn 0.5000 0.0000 -0.5000
vn -0.5000 0.0000 -0.5000
vn 0.5000 0.0000 -0.5000
vn -0.5000 0.0000 -0.5000
vn 0.5000 0.0000 -0.5000
vn -0.5000 0.0000 -0.5000
vn 0.5000 0.0000 -0.5000
vn -0.5000 0.0000 -0.5000
vn 0.5000 -0.1294 -0.4830
vn -0.5000 -0.1294 -0.4830
vn 0.5000 -0.1294 -0.4830
vn -0.5000 -0.1294 -0.4830
vn 0.5000 -0.1294 -0.4830
vn -0.5000 -0.1294 -0.4830
vn 0.5000 -0.1294 -0.4830
vn -0.5000 -0.1294 -0.4830
vn 0.5000 -0.1294 -0.4830
vn -0.5000 -0.1294 -0.4830
vn 0.5000 -0.1294 -0.4830
vn -0.5000 -0.1294 -0.4830
vn 0.5000 -0.2500 -0.4330
vn -0.5000 -0.2500 -0.4330
vn 0.5000 -0.2500 -0.4330
vn -0.5000 -0.2500 -0.4330
vn 0.5000 -0.2500 -0.4330
vn -0.5000 -0.2500 -0.4330
vn 0.5000 -0.2500 -0.4330
vn -0.5000 -0.2500 -0.4330
vn 0.5000 -0.2500 -0.4330
vn -0.5000 -0.2500 -0.4330
vn 0.5000 -0.2500 -0.4330
vn -0.5000 -0.2500 -0.4330
vn 0.5000 -0.3536 -0.3536
vn -0.5000 -0.3536 -0.3536
vn 0.5000 -0.3536 -0.3536
vn -0.5000 -0.3536 -0.3536
vn 0.5000 -0.3536 -0.3536
vn -0.5000 -0.3536 -0.3536
vn 0.5000 -0.3536 -0.3536
vn -0.5000 -0.3536 -0.3536
vn 0.5000 -0.3536 -0.3536
vn -0.5000 -0.3536 -0.3536
vn 0.5000 -0.3536 -0.3536
vn -0.5000 -0.3536 -0.3536
vn 0.5000 -0.4330 -0.2500
vn -0.5000 -0.4330 -0.2500
vn 0.5000 -0.4330 -0.2500
vn -0.5000 -0.4330 -0.2500
vn 0.5000 -0.4330 -0.2500
vn -0.5000 -0.4330 -0.2500
vn 0.5000 -0.4330 -0.2500
vn -0.5000 -0.4330 -0.2500
vn 0.5000 -0.4330 -0.2500
vn -0.5000 -0.4330 -0.2500
vn 0.5000 -0.4330 -0.2500
vn -0.5000 -0.4330 -0.2500
vn 0.5000 -0.4830 -0.1294
vn -0.5000 -0.4830 -0.1294
vn 0.5000 -0.4830 -0.1294
vn -0.5000 -0.4830 -0.1294
vn 0.5000 -0.4830 -0.1294
vn -0.5000 -0.4830 -0.1294
vn 0.5000 -0.4830 -0.1294
vn -0.5000 -0.4830 -0.1294
vn 0.5000 -0.4830 -0.1294
vn -0.5000 -0.4830 -0.1294
vn 0.5000 -0.4830 -0.1294
vn -0.5000 -0.4830 -0.1294
vn 0.5000 -0.5000 -0.0000
vn -0.5000 -0.5000 -0.0000
vn 0.5000 -0.5000 -0.0000
vn -0.5000 -0.5000 -0.0000
vn 0.5000 -0.5000 -0.0000
vn -0.5000 -0.5000 -0.0000
vn 0.5000 -0.5000 -0.0000
vn -0.5000 -0.5000 -0.0000
vn 0.5000 -0.5000 -0.0000
vn -0.5000 -0.5000 -0.0000
vn 0.5000 -0.5000 -0.0000
vn -0.5000 -0.5000 -0.0000
vn 0.5000 -0.4830 0.1294
vn -0.5000 -0.4830 0.1294
vn 0.5000 -0.4830 0.1294
vn -0.5000 -0.4830 0.1294
vn 0.5000 -0.4830 0.1294
vn -0.5000 -0.4830 0.1294
vn 0.5000 -0.4830 0.1294
vn -0.5000 -0.4830 0.1294
vn 0.5000 -0.4830 0.1294
vn -0.5000 -0.4830 0.1294
vn 0.5000 -0.4830 0.1294
vn -0.5000 -0.4830 0.1294
vn 0.5000 -0.4330 0.2500
vn -0.5000 -0.4330 0.2500
vn 0.5000 -0.4330 0.2500
vn -0.5000 -0.4330 0.2500
vn 0.5000 -0.4330 0.2500
vn -0.5000 -0.4330 0.2500
vn 0.5000 -0.4330 0.2500
vn -0.5000 -0.4330 0.2500
vn 0.5000 -0.4330 0.2500
vn -0.5000 -0.4330 0.2500
vn 0.5000 -0.4330 0.2500
vn -0.5000 -0.4330 0.2500
vn 0.5000 -0.3536 0.3536
vn -0.5000 -0.3536 0.3536
vn 0.5000 -0.3536 0.3536
vn -0.5000 -0.3536 0.3536
vn 0.5000 -0.3536 0.3536
vn -0.5000 -0.3536 0.3536
vn 0.5000 -0.3536 0.3536
vn -0.5000 -0.3536 0.3536
vn 0.5000 -0.3536 0.3536
vn -0.5000 -0.3536 0.3536
vn 0.5000 -0.3536 0.3536
vn -0.5000 -0.3536 0.3536
vn 0.5000 -0.2500 0.4330
vn -0.5000 -0.2500 0.4330
vn 0.5000 -0.2500 0.4330
vn -0.5000 -0.2500 0.4330
vn 0.5000 -0.2500 0.4330
vn -0.5000 -0.2500 0.4330
vn 0.5000 -0.2500 0.4330
vn -0.5000 -0.2500 0.4330
vn 0.5000 -0.2500 0.4330
vn -0.5000 -0.2500 0.4330
vn 0.5000 -0.2500 0.4330
vn -0.5000 -0.2500 0.4330
vn 0.5000 -0.1294 0.4830
vn -0.5000 -0.1294 0.4830
vn 0.5000 -0.1294 0.4830
vn -0.5000 -0.1294 0.4830
vn 0.5000 -0.1294 0.4830
vn -0.5000 -0.1294 0.4830
vn 0.5000 -0.1294 0.4830
vn -0.5000 -0.1294 0.4830
vn 0.5000 -0.1294 0.4830
vn -0.5000 -0.1294 0.4830
vn 0.5000 -0.1294 0.4830
vn -0.5000 -0.1294 0.4830
vn 1.0000 0.0000 0.0000
vn -1.0000 0.0000 0.0000
vt 0.0000 0.0000
vt 0.0000 0.0000
vt 0.0000 0.1667
vt 0.0000 0.1667
vt 0.0000 0.3333
vt 0.0000 0.3333
vt 0.0000 0.5000
vt 0.0000 0.5000
vt 0.0000 0.6667
vt 0.0000 0.6667
vt 0.0000 0.8333
vt 0.0000 0.8333
vt 0.0417 0.0000
vt 0.0417 0.0000
vt 0.0417 0.1667
vt 0.0417 0.1667
vt 0.0417 0.3333
vt 0.0417 0.3333
vt 0.0417 0.5000
vt 0.0417 0.5000
vt 0.0417 0.6667
vt 0.0417 0.6667
vt 0.0417 0.8333
vt 0.0417 0.8333
vt 0.0833 0.0000
vt 0.0833 0.0000
vt 0.0833 0.1667
vt 0.0833 0.1667
vt 0.0833 0.3333
vt 0.0833 0.3333
vt 0.0833 0.5000
vt 0.0833 0.5000
vt 0.0833 0.6667
vt 0.0833 0.6667
vt 0.0833 0.8333
vt 0.0833 0.8333
vt 0.1250 0.0000
vt 0.1250 0.0000
vt 0.1250 0.1667
vt 0.1250 0.1667
vt 0.1250 0.3333
vt 0.1250 0.3333
vt 0.1250 0.5000
vt 0.1250 0.5000
vt 0.1250 0.6667
vt 0.1250 0.6667
vt 0.1250 0.8333
vt 0.1250 0.8333
vt 0.1667 0.0000
vt 0.1667 0.0000
vt 0.1667 0.1667
vt 0.1667 0.1667
vt 0.1667 0.3333
vt 0.1667 0.3333
vt 0.1667 0.5000
vt 0.1667 0.5000
vt 0.1667 0.6667
vt 0.1667 0.6667
vt 0.1667 0.8333
vt 0.1667 0.8333
vt 0.2083 0.0000
vt 0.2083 0.0000
vt 0.2083 0.1667
vt 0.2083 0.1667
vt 0.2083 0.3333
vt 0.2083 0.3333
vt 0.2083 0.5000
vt 0.2083 0.5000
vt 0.2083 0.6667
vt 0.2083 0.6667
vt 0.2083 0.8333
vt 0.2083 0.8333
vt 0.2500 0.0000
vt 0.2500 0.0000
vt 0.2500 0.1667
vt 0.2500 0.1667
vt 0.2500 0.3333
vt 0.2500 0.3333
vt 0.2500 0.5000
vt 0.2500 0.5000
vt 0.2500 0.6667
vt 0.2500 0.6667
vt 0.2500 0.8333
vt 0.2500 0.8333
vt 0.2917 0.0000
vt 0.2917 0.0000
vt 0.2917 0.1667
vt 0.2917 0.1667
vt 0.2917 0.3333
vt 0.2917 0.3333
vt 0.2917 0.5000
vt 0.2917 0.5000
vt 0.2917 0.6667
vt 0.2917 0.6667
vt 0.2917 0.8333
vt 0.2917 0.8333
vt 0.3333 0.0000
vt 0.3333 0.0000
vt 0.3333 0.1667
vt 0.3333 0.1667
vt 0.3333 0.3333
vt 0.3333 0.3333
vt 0.3333 0.5000
vt 0.3333 0.5000
vt 0.3333 0.6667
vt 0.3333 0.6667
vt 0.3333 0.8333
vt 0.3333 0.8333
vt 0.3750 0.0000
vt 0.3750 0.0000
vt 0.3750 0.1667
vt 0.3750 0.1667
vt 0.3750 0.3333
vt 0.3750 0.3333
vt 0.3750 0.5000
vt 0.3750 0.5000
vt 0.3750 0.6667
vt 0.3750 0.6667
vt 0.3750 0.8333
vt 0.3750 0.8333
vt 0.4167 0.0000
vt 0.4167 0.0000
vt 0.4167 0.1667
vt 0.4167 0.1667
vt 0.4167 0.3333
vt 0.4167 0.3333
vt 0.4167 0.5000
vt 0.4167 0.5000
vt 0.4167 0.6667
vt 0.4167 0.6667
vt 0.4167 0.8333
vt 0.4167 0.8333
vt 0.4583 0.0000
vt 0.4583 0.0000
vt 0.4583 0.1667
vt 0.4583 0.1667
vt 0.4583 0.3333
vt 0.4583 0.3333
vt 0.4583 0.5000
vt 0.4583 0.5000
vt 0.4583 0.6667
vt 0.4583 0.6667
vt 0.4583 0.8333
vt 0.4583 0.8333
vt 0.5000 0.0000
vt 0.5000 0.0000
vt 0.5000 0.1667
vt 0.5000 0.1667
vt 0.5000 0.3333
vt 0.5000 0.3333
vt 0.5000 0.5000
vt 0.5000 0.5000
vt 0.5000 0.6667
vt 0.5000 0.6667
vt 0.5000 0.8333
vt 0.5000 0.8333
vt 0.5417 0.0000
vt 0.5417 0.0000
vt 0.5417 0.1667
vt 0.5417 0.1667
vt 0.5417 0.3333
vt 0.5417 0.3333
vt 0.5417 0.5000
vt 0.5417 0.5000
vt 0.5417 0.6667
vt 0.5417 0.6667
vt 0.5417 0.8333
vt 0.5417 0.8333
vt 0.5833 0.0000
vt 0.5833 0.0000
vt 0.5833 0.1667
vt 0.5833 0.1667
vt 0.5833 0.3333
vt 0.5833 0.3333
vt 0.5833 0.5000
vt 0.5833 0.5000
vt 0.5833 0.6667
vt 0.5833 0.6667
vt 0.5833 0.8333
vt 0.5833 0.8333
vt 0.6250 0.0000
vt 0.6250 0.0000
vt 0.6250 0.1667
vt 0.6250 0.1667
vt 0.6250 0.3333
vt 0.6250 0.3333
vt 0.6250 0.5000
vt 0.6250 0.5000
vt 0.6250 0.6667
vt 0.6250 0.6667
vt 0.6250 0.8333
vt 0.6250 0.8333
vt 0.6667 0.0000
vt 0.6667 0.0000
vt 0.6667 0.1667
vt 0.6667 0.1667
vt 0.6667 0.3333
vt 0.6667 0.3333
vt 0.6667 0.5000
vt 0.6667 0.5000
vt 0.6667 0.6667
vt 0.6667 0.6667
vt 0.6667 0.8333
vt 0.6667 0.8333
vt 0.7083 0.0000
vt 0.7083 0.0000
vt 0.7083 0.1667
vt 0.7083 0.1667
vt 0.7083 0.3333
vt 0.7083 0.3333
vt 0.7083 0.5000
vt 0.7083 0.5000
vt 0.7083 0.6667
vt 0.7083 0.6667
vt 0.7083 0.8333
vt 0.7083 0.8333
vt 0.7500 0.0000
vt 0.7500 0.0000
vt 0.7500 0.1667
vt 0.7500 0.1667
vt 0.7500 0.3333
vt 0.7500 0.3333
vt 0.7500 0.5000
vt 0.7500 0.5000
vt 0.7500 0.6667
vt 0.7500 0.6667
vt 0.7500 0.8333
vt 0.7500 0.8333
vt 0.7917 0.0000
vt 0.7917 0.0000
vt 0.7917 0.1667
vt 0.7917 0.1667
vt 0.7917 0.3333
vt 0.7917 0.3333
vt 0.7917 0.5000
vt 0.7917 0.5000
vt 0.7917 0.6667
vt 0.7917 0.6667
vt 0.7917 0.8333
vt 0.7917 0.8333
vt 0.8333 0.0000
vt 0.8333 0.0000
vt 0.8333 0.1667
vt 0.8333 0.1667
vt 0.8333 0.3333
vt 0.8333 0.3333
vt 0.8333 0.5000
vt 0.8333 0.5000
vt 0.8333 0.6667
vt 0.8333 0.6667
vt 0.8333 0.8333
vt 0.8333 0.8333
vt 0.8750 0.0000
vt 0.8750 0.0000
vt 0.8750 0.1667
vt 0.8750 0.1667
vt 0.8750 0.3333
vt 0.8750 0.3333
vt 0.8750 0.5000
vt 0.8750 0.5000
vt 0.8750 0.6667
vt 0.8750 0.6667
vt 0.8750 0.8333
vt 0.8750 0.8333
vt 0.9167 0.0000
vt 0.9167 0.0000
vt 0.9167 0.1667
vt 0.9167 0.1667
vt 0.9167 0.3333
vt 0.9167 0.3333
vt 0.9167 0.5000
vt 0.9167 0.5000
vt 0.9167 0.6667
vt 0.9167 0.6667
vt 0.9167 0.8333
vt 0.9167 0.8333
vt 0.9583 0.0000
vt 0.9583 0.0000
vt 0.9583 0.1667
vt 0.9583 0.1667
vt 0.9583 0.3333
vt 0.9583 0.3333
vt 0.9583 0.5000
vt 0.9583 0.5000
vt 0.9583 0.6667
vt 0.9583 0.6667
vt 0.9583 0.8333
vt 0.9583 0.8333
vt 0.5000 0.5000
vt 0.5000 0.5000
f 1864/1864/1864 1866/1866/1866 1878/1878/1878
f 1864/1864/1864 1878/1878/1878 1876/1876/1876
f 1866/1866/1866 1868/1868/1868 1880/1880/1880
f 1866/1866/1866 1880/1880/1880 1878/1878/1878
f 1868/1868/1868 1870/1870/1870 1882/1882/1882
f 1868/1868/1868 1882/1882/1882 1880/1880/1880
f 1870/1870/1870 1872/1872/1872 1884/1884/1884
f 1870/1870/1870 1884/1884/1884 1882/1882/1882
f 1872/1872/1872 1874/1874/1874 1886/1886/1886
f 1872/1872/1872 1886/1886/1886 1884/1884/1884
f 1865/1865/1865 1877/1877/1877 1879/1879/1879
f 1865/1865/1865 1879/1879/1879 1867/1867/1867
f 1867/1867/1867 1879/1879/1879 1881/1881/1881
f 1867/1867/1867 1881/1881/1881 1869/1869/1869
f 1869/1869/1869 1881/1881/1881 1883/1883/1883
f 1869/1869/1869 1883/1883/1883 1871/1871/1871
f 1871/1871/1871 1883/1883/1883 1885/1885/1885
f 1871/1871/1871 1885/1885/1885 1873/1873/1873
f 1873/1873/1873 1885/1885/1885 1887/1887/1887
f 1873/1873/1873 1887/1887/1887 1875/1875/1875
f 1864/1864/1864 1865/1865/1865 1877/1877/1877
f 1864/1864/1864 1877/1877/1877 1876/1876/1876
f 2152/2152/2152 1874/1874/1874 1886/1886/1886
f 2153/2153/2153 1887/1887/1887 1875/1875/1875
f 1876/1876/1876 1878/1878/1878 1890/1890/1890
f 1876/1876/1876 1890/1890/1890 1888/1888/1888
f 1878/1878/1878 1880/1880/1880 1892/1892/1892
f 1878/1878/1878 1892/1892/1892 1890/1890/1890
f 1880/1880/1880 1882/1882/1882 1894/1894/1894
f 1880/1880/1880 1894/1894/1894 1892/1892/1892
f 1882/1882/1882 1884/1884/1884 1896/1896/1896
f 1882/1882/1882 1896/1896/1896 1894/1894/1894
f 1884/1884/1884 1886/1886/1886 1898/1898/1898
f 1884/1884/1884 1898/1898/1898 1896/1896/1896
f 1877/1877/1877 1889/1889/1889 1891/1891/1891
f 1877/1877/1877 1891/1891/1891 1879/1879/1879
f 1879/1879/1879 1891/1891/1891 1893/1893/1893
f 1879/1879/1879 1893/1893/1893 1881/1881/1881
f 1881/1881/1881 1893/1893/1893 1895/1895/1895
f 1881/1881/1881 1895/1895/1895 1883/1883/1883
f 1883/1883/1883 1895/1895/1895 1897/1897/1897
f 1883/1883/1883 1897/1897/1897 1885/1885/1885
f 1885/1885/1885 1897/1897/1897 1899/1899/1899
f 1885/1885/1885 1899/1899/1899 1887/1887/1887
f 1876/1876/1876 1877/1877/1877 1889/1889/1889
f 1876/1876/1876 1889/1889/1889 1888/1888/1888
f 2152/2152/2152 1886/1886/1886 1898/1898/1898
f 2153/2153/2153 1899/1899/1899 1887/1887/1887
f 1888/1888/1888 1890/1890/1890 1902/1902/1902
f 1888/1888/1888 1902/1902/1902 1900/1900/1900
f 1890/1890/1890 1892/1892/1892 1904/1904/1904
f 1890/1890/1890 1904/1904/1904 1902/1902/1902
f 1892/1892/1892 1894/1894/1894 1906/1906/1906
f 1892/1892/1892 1906/1906/1906 1904/1904/1904
f 1894/1894/1894 1896/1896/1896 1908/1908/1908
f 1894/1894/1894 1908/1908/1908 1906/1906/1906
f 1896/1896/1896 1898/1898/1898 1910/1910/1910
f 1896/1896/1896 1910/1910/1910 1908/1908/1908
f 1889/1889/1889 1901/1901/1901 1903/1903/1903
f 1889/1889/1889 1903/1903/1903 1891/1891/1891
f 1891/1891/1891 1903/1903/1903 1905/1905/1905
f 1891/1891/1891 1905/1905/1905 1893/1893/1893
f 1893/1893/1893 1905/1905/1905 1907/1907/1907
f 1893/1893/1893 1907/1907/1907 1895/1895/1895
f 1895/1895/1895 1907/1907/1907 1909/1909/1909
f 1895/1895/1895 1909/1909/1909 1897/1897/1897
f 1897/1897/1897 1909/1909/1909 1911/1911/1911
f 1897/1897/1897 1911/1911/1911 1899/1899/1899
f 1888/1888/1888 1889/1889/1889 1901/1901/1901
f 1888/1888/1888 1901/1901/1901 1900/1900/1900
f 2152/2152/2152 1898/1898/1898 1910/1910/1910
f 2153/2153/2153 1911/1911/1911 1899/1899/1899
f 1900/1900/1900 1902/1902/1902 1914/1914/1914
f 1900/1900/1900 1914/1914/1914 1912/1912/1912
f 1902/1902/1902 1904/1904/1904 1916/1916/1916
f 1902/1902/1902 1916/1916/1916 1914/1914/1914
f 1904/1904/1904 1906/1906/1906 1918/1918/1918
f 1904/1904/1904 1918/1918/1918 1916/1916/1916
f 1906/1906/1906 1908/1908/1908 1920/1920/1920
f 1906/1906/1906 1920/1920/1920 1918/1918/1918
f 1908/1908/1908 1910/1910/1910 1922/1922/1922
f 1908/1908/1908 1922/1922/1922 1920/1920/1920
f 1901/1901/1901 1913/1913/1913 1915/1915/1915
f 1901/1901/1901 1915/1915/1915 1903/1903/1903
f 1903/1903/1903 1915/1915/1915 1917/1917/1917
f 1903/1903/1903 1917/1917/1917 1905/1905/1905
f 1905/1905/1905 1917/1917/1917 1919/1919/1919
f 1905/1905/1905 1919/1919/1919 1907/1907/1907
f 1907/1907/1907 1919/1919/1919 1921/1921/1921
f 1907/1907/1907 1921/1921/1921 1909/1909/1909
f 1909/1909/1909 1921/1921/1921 1923/1923/1923
f 1909/1909/1909 1923/1923/1923 1911/1911/1911
f 1900/1900/1900 1901/1901/1901 1913/1913/1913
f 1900/1900/1900 1913/1913/1913 1912/1912/1912
f 2152/2152/2152 1910/1910/1910 1922/1922/1922
f 2153/2153/2153 1923/1923/1923 1911/1911/1911
f 1912/1912/1912 1914/1914/1914 1926/1926/1926
f 1912/1912/1912 1926/1926/1926 1924/1924/1924
f 1914/1914/1914 1916/1916/1916 1928/1928/1928
f 1914/1914/1914 1928/1928/1928 1926/1926/1926
f 1916/1916/1916 1918/1918/1918 1930/1930/1930
f 1916/1916/1916 1930/1930/1930 1928/1928/1928
f 1918/1918/1918 1920/1920/1920 1932/1932/1932
f 1918/1918/1918 1932/1932/1932 1930/1930/1930
f 1920/1920/1920 1922/1922/1922 1934/1934/1934
f 1920/1920/1920 1934/1934/1934 1932/1932/1932
f 1913/1913/1913 1925/1925/1925 1927/1927/1927
f 1913/1913/1913 1927/1927/1927 1915/1915/1915
f 1915/1915/1915 1927/1927/1927 1929/1929/1929
f 1915/1915/1915 1929/1929/1929 1917/1917/1917
f 1917/1917/1917 1929/1929/1929 1931/1931/1931
f 1917/1917/1917 1931/1931/1931 1919/1919/1919
f 1919/1919/1919 1931/1931/1931 1933/1933/1933
f 1919/1919/1919 1933/1933/1933 1921/1921/1921
f 1921/1921/1921 1933/1933/1933 1935/1935/1935
f 1921/1921/1921 1935/1935/1935 1923/1923/1923
f 1912/1912/1912 1913/1913/1913 1925/1925/1925
f 1912/1912/1912 1925/1925/1925 1924/1924/1924
f 2152/2152/2152 1922/1922/1922 1934/1934/1934
f 2153/2153/2153 1935/1935/1935 1923/1923/1923
f 1924/1924/1924 1926/1926/1926 1938/1938/1938
f 1924/1924/1924 1938/1938/1938 1936/1936/1936
f 1926/1926/1926 1928/1928/1928 1940/1940/1940
f 1926/1926/1926 1940/1940/1940 1938/1938/1938
f 1928/1928/1928 1930/1930/1930 1942/1942/1942
f 1928/1928/1928 1942/1942/1942 1940/1940/1940
f 1930/1930/1930 1932/1932/1932 1944/1944/1944
f 1930/1930/1930 1944/1944/1944 1942/1942/1942
f 1932/1932/1932 1934/1934/1934 1946/1946/1946
f 1932/1932/1932 1946/1946/1946 1944/1944/1944
f 1925/1925/1925 1937/1937/1937 1939/1939/1939
f 1925/1925/1925 1939/1939/1939 1927/1927/1927
f 1927/1927/1927 1939/1939/1939 1941/1941/1941
f 1927/1927/1927 1941/1941/1941 1929/1929/1929
f 1929/1929/1929 1941/1941/1941 1943/1943/1943
f 1929/1929/1929 1943/1943/1943 1931/1931/1931
f 1931/1931/1931 1943/1943/1943 1945/1945/1945
f 1931/1931/1931 1945/1945/1945 1933/1933/1933
f 1933/1933/1933 1945/1945/1945 1947/1947/1947
f 1933/1933/1933 1947/1947/1947 1935/1935/1935
f 1924/1924/1924 1925/1925/1925 1937/1937/1937
f 1924/1924/1924 1937/1937/1937 1936/1936/1936
f 2152/2152/2152 1934/1934/1934 1946/1946/1946
f 2153/2153/2153 1947/1947/1947 1935/1935/1935
f 1936/1936/1936 1938/1938/1938 1950/1950/1950
f 1936/1936/1936 1950/1950/1950 1948/1948/1948
f 1938/1938/1938 1940/1940/1940 1952/1952/1952
f 1938/1938/1938 1952/1952/1952 1950/1950/1950
f 1940/1940/1940 1942/1942/1942 1954/1954/1954
f 1940/1940/1940 1954/1954/1954 1952/1952/1952
f 1942/1942/1942 1944/1944/1944 1956/1956/1956
f 1942/1942/1942 1956/1956/1956 1954/1954/1954
f 1944/1944/1944 1946/1946/1946 1958/1958/1958
f 1944/1944/1944 1958/1958/1958 1956/1956/1956
f 1937/1937/1937 1949/1949/1949 1951/1951/1951
f 1937/1937/1937 1951/1951/1951 1939/1939/1939
f 1939/1939/1939 1951/1951/1951 1953/1953/1953
f 1939/1939/1939 1953/1953/1953 1941/1941/1941
f 1941/1941/1941 1953/1953/1953 1955/1955/1955
f 1941/1941/1941 1955/1955/1955 1943/1943/1943
f 1943/1943/1943 1955/1955/1955 1957/1957/1957
f 1943/1943/1943 1957/1957/1957 1945/1945/1945
f 1945/1945/1945 1957/1957/1957 1959/1959/1959
f 1945/1945/1945 1959/1959/1959 1947/1947/1947
f 1936/1936/1936 1937/1937/1937 1949/1949/1949
f 1936/1936/1936 1949/1949/1949 1948/1948/1948
f 2152/2152/2152 1946/1946/1946 1958/1958/1958
f 2153/2153/2153 1959/1959/1959 1947/1947/1947
f 1948/1948/1948 1950/1950/1950 1962/1962/1962
f 1948/1948/1948 1962/1962/1962 1960/1960/1960
f 1950/1950/1950 1952/1952/1952 1964/1964/1964
f 1950/1950/1950 1964/1964/1964 1962/1962/1962
f 1952/1952/1952 1954/1954/1954 1966/1966/1966
f 1952/1952/1952 1966/1966/1966 1964/1964/1964
f 1954/1954/1954 1956/1956/1956 1968/1968/1968
f 1954/1954/1954 1968/1968/1968 1966/1966/1966
f 1956/1956/1956 1958/1958/1958 1970/1970/1970
f 1956/1956/1956 1970/1970/1970 1968/1968/1968
f 1949/1949/1949 1961/1961/1961 1963/1963/1963
f 1949/1949/1949 1963/1963/1963 1951/1951/1951
f 1951/1951/1951 1963/1963/1963 1965/1965/1965
f 1951/1951/1951 1965/1965/1965 1953/1953/1953
f 1953/1953/1953 1965/1965/1965 1967/1967/1967
f 1953/1953/1953 1967/1967/1967 1955/1955/1955
f 1955/1955/1955 1967/1967/1967 1969/1969/1969
f 1955/1955/1955 1969/1969/1969 1957/1957/1957
f 1957/1957/1957 1969/1969/1969 1971/1971/1971
f 1957/1957/1957 1971/1971/1971 1959/1959/1959
f 1948/1948/1948 1949/1949/1949 1961/1961/1961
f 1948/1948/1948 1961/1961/1961 1960/1960/1960
f 2152/2152/2152 1958/1958/1958 1970/1970/1970
f 2153/2153/2153 1971/1971/1971 1959/1959/1959
f 1960/1960/1960 1962/1962/1962 1974/1974/1974
f 1960/1960/1960 1974/1974/1974 1972/1972/1972
f 1962/1962/1962 1964/1964/1964 1976/1976/1976
f 1962/1962/1962 1976/1976/1976 1974/1974/1974
f 1964/1964/1964 1966/1966/1966 1978/1978/1978
f 1964/1964/1964 1978/1978/1978 1976/1976/1976
f 1966/1966/1966 1968/1968/1968 1980/1980/1980
f 1966/1966/1966 1980/1980/1980 1978/1978/1978
f 1968/1968/1968 1970/1970/1970 1982/1982/1982
f 1968/1968/1968 1982/1982/1982 1980/1980/1980
f 1961/1961/1961 1973/1973/1973 1975/1975/1975
f 1961/1961/1961 1975/1975/1975 1963/1963/1963
f 1963/1963/1963 1975/1975/1975 1977/1977/1977
f 1963/1963/1963 1977/1977/1977 1965/1965/1965
f 1965/1965/1965 1977/1977/1977 1979/1979/1979
f 1965/1965/1965 1979/1979/1979 1967/1967/1967
f 1967/1967/1967 1979/1979/1979 1981/1981/1981
f 1967/1967/1967 1981/1981/1981 1969/1969/1969
f 1969/1969/1969 1981/1981/1981 1983/1983/1983
f 1969/1969/1969 1983/1983/1983 1971/1971/1971
f 1960/1960/1960 1961/1961/1961 1973/1973/1973
f 1960/1960/1960 1973/1973/1973 1972/1972/1972
f 2152/2152/2152 1970/1970/1970 1982/1982/1982
f 2153/2153/2153 1983/1983/1983 1971/1971/1971
f 1972/1972/1972 1974/1974/1974 1986/1986/1986
f 1972/1972/1972 1986/1986/1986 1984/1984/1984
f 1974/1974/1974 1976/1976/1976 1988/1988/1988
f 1974/1974/1974 1988/1988/1988 1986/1986/1986
f 1976/1976/1976 1978/1978/1978 1990/1990/1990
f 1976/1976/1976 1990/1990/1990 1988/1988/1988
f 1978/1978/1978 1980/1980/1980 1992/1992/1992
f 1978/1978/1978 1992/1992/1992 1990/1990/1990
f 1980/1980/1980 1982/1982/1982 1994/1994/1994
f 1980/1980/1980 1994/1994/1994 1992/1992/1992
f 1973/1973/1973 1985/1985/1985 1987/1987/1987
f 1973/1973/1973 1987/1987/1987 1975/1975/1975
f 1975/1975/1975 1987/1987/1987 1989/1989/1989
f 1975/1975/1975 1989/1989/1989 1977/1977/1977
f 1977/1977/1977 1989/1989/1989 1991/1991/1991
f 1977/1977/1977 1991/1991/1991 1979/1979/1979
f 1979/1979/1979 1991/1991/1991 1993/1993/1993
f 1979/1979/1979 1993/1993/1993 1981/1981/1981
f 1981/1981/1981 1993/1993/1993 1995/1995/1995
f 1981/1981/1981 1995/1995/1995 1983/1983/1983
f 1972/1972/1972 1973/1973/1973 1985/1985/1985
f 1972/1972/1972 1985/1985/1985 1984/1984/1984
f 2152/2152/2152 1982/1982/1982 1994/1994/1994
f 2153/2153/2153 1995/1995/1995 1983/1983/1983
f 1984/1984/1984 1986/1986/1986 1998/1998/1998
f 1984/1984/1984 1998/1998/1998 1996/1996/1996
f 1986/1986/1986 1988/1988/1988 2000/2000/2000
f 1986/1986/1986 2000/2000/2000 1998/1998/1998
f 1988/1988/1988 1990/1990/1990 2002/2002/2002
f 1988/1988/1988 2002/2002/2002 2000/2000/2000
f 1990/1990/1990 1992/1992/1992 2004/2004/2004
f 1990/1990/1990 2004/2004/2004 2002/2002/2002
f 1992/1992/1992 1994/1994/1994 2006/2006/2006
f 1992/1992/1992 2006/2006/2006 2004/2004/2004
f 1985/1985/1985 1997/1997/1997 1999/1999/1999
f 1985/1985/1985 1999/1999/1999 1987/1987/1987
f 1987/1987/1987 1999/1999/1999 2001/2001/2001
f 1987/1987/1987 2001/2001/2001 1989/1989/1989
f 1989/1989/1989 2001/2001/2001 2003/2003/2003
f 1989/1989/1989 2003/2003/2003 1991/1991/1991
f 1991/1991/1991 2003/2003/2003 2005/2005/2005
f 1991/1991/1991 2005/2005/2005 1993/1993/1993
f 1993/1993/1993 2005/2005/2005 2007/2007/2007
f 1993/1993/1993 2007/2007/2007 1995/1995/1995
f 1984/1984/1984 1985/1985/1985 1997/1997/1997
f 1984/1984/1984 1997/1997/1997 1996/1996/1996
f 2152/2152/2152 1994/1994/1994 2006/2006/2006
f 2153/2153/2153 2007/2007/2007 1995/1995/1995
f 1996/1996/1996 1998/1998/1998 2010/2010/2010
f 1996/1996/1996 2010/2010/2010 2008/2008/2008
f 1998/1998/1998 2000/2000/2000 2012/2012/2012
f 1998/1998/1998 2012/2012/2012 2010/2010/2010
f 2000/2000/2000 2002/2002/2002 2014/2014/2014
f 2000/2000/2000 2014/2014/2014 2012/2012/2012
f 2002/2002/2002 2004/2004/2004 2016/2016/2016
f 2002/2002/2002 2016/2016/2016 2014/2014/2014
f 2004/2004/2004 2006/2006/2006 2018/2018/2018
f 2004/2004/2004 2018/2018/2018 2016/2016/2016
f 1997/1997/1997 2009/2009/2009 2011/2011/2011
f 1997/1997/1997 2011/2011/2011 1999/1999/1999
f 1999/1999/1999 2011/2011/2011 2013/2013/2013
f 1999/1999/1999 2013/2013/2013 2001/2001/2001
f 2001/2001/2001 2013/2013/2013 2015/2015/2015
f 2001/2001/2001 2015/2015/2015 2003/2003/2003
f 2003/2003/2003 2015/2015/2015 2017/2017/2017
f 2003/2003/2003 2017/2017/2017 2005/2005/2005
f 2005/2005/2005 2017/2017/2017 2019/2019/2019
f 2005/2005/2005 2019/2019/2019 2007/2007/2007
f 1996/1996/1996 1997/1997/1997 2009/2009/2009
f 1996/1996/1996 2009/2009/2009 2008/2008/2008
f 2152/2152/2152 2006/2006/2006 2018/2018/2018
f 2153/2153/2153 2019/2019/2019 2007/2007/2007
f 2008/2008/2008 2010/2010/2010 2022/2022/2022
f 2008/2008/2008 2022/2022/2022 2020/2020/2020
f 2010/2010/2010 2012/2012/2012 2024/2024/2024
f 2010/2010/2010 2024/2024/2024 2022/2022/2022
f 2012/2012/2012 2014/2014/2014 2026/2026/2026
f 2012/2012/2012 2026/2026/2026 2024/2024/2024
f 2014/2014/2014 2016/2016/2016 2028/2028/2028
f 2014/2014/2014 2028/2028/2028 2026/2026/2026
f 2016/2016/2016 2018/2018/2018 2030/2030/2030
f 2016/2016/2016 2030/2030/2030 2028/2028/2028
f 2009/2009/2009 2021/2021/2021 2023/2023/2023
f 2009/2009/2009 2023/2023/2023 2011/2011/2011
f 2011/2011/2011 2023/2023/2023 2025/2025/2025
f 2011/2011/2011 2025/2025/2025 2013/2013/2013
f 2013/2013/2013 2025/2025/2025 2027/2027/2027
f 2013/2013/2013 2027/2027/2027 2015/2015/2015
f 2015/2015/2015 2027/2027/2027 2029/2029/2029
f 2015/2015/2015 2029/2029/2029 2017/2017/2017
f 2017/2017/2017 2029/2029/2029 2031/2031/2031
f 2017/2017/2017 2031/2031/2031 2019/2019/2019
f 2008/2008/2008 2009/2009/2009 2021/2021/2021
f 2008/2008/2008 2021/2021/2021 2020/2020/2020
f 2152/2152/2152 2018/2018/2018 2030/2030/2030
f 2153/2153/2153 2031/2031/2031 2019/2019/2019
f 2020/2020/2020 2022/2022/2022 2034/2034/2034
f 2020/2020/2020 2034/2034/2034 2032/2032/2032
f 2022/2022/2022 2024/2024/2024 2036/2036/2036
f 2022/2022/2022 2036/2036/2036 2034/2034/2034
f 2024/2024/2024 2026/2026/2026 2038/2038/2038
f 2024/2024/2024 2038/2038/2038 2036/2036/2036
f 2026/2026/2026 2028/2028/2028 2040/2040/2040
f 2026/2026/2026 2040/2040/2040 2038/2038/2038
f 2028/2028/2028 2030/2030/2030 2042/2042/2042
f 2028/2028/2028 2042/2042/2042 2040/2040/2040
f 2021/2021/2021 2033/2033/2033 2035/2035/2035
f 2021/2021/2021 2035/2035/2035 2023/2023/2023
f 2023/2023/2023 2035/2035/2035 2037/2037/2037
f 2023/2023/2023 2037/2037/2037 2025/2025/2025
f 2025/2025/2025 2037/2037/2037 2039/2039/2039
f 2025/2025/2025 2039/2039/2039 2027/2027/2027
f 2027/2027/2027 2039/2039/2039 2041/2041/2041
f 2027/2027/2027 2041/2041/2041 2029/2029/2029
f 2029/2029/2029 2041/2041/2041 2043/2043/2043
f 2029/2029/2029 2043/2043/2043 2031/2031/2031
f 2020/2020/2020 2021/2021/2021 2033/2033/2033
f 2020/2020/2020 2033/2033/2033 2032/2032/2032
f 2152/2152/2152 2030/2030/2030 2042/2042/2042
f 2153/2153/2153 2043/2043/2043 2031/2031/2031
f 2032/2032/2032 2034/2034/2034 2046/2046/2046
f 2032/2032/2032 2046/2046/2046 2044/2044/2044
f 2034/2034/2034 2036/2036/2036 2048/2048/2048
f 2034/2034/2034 2048/2048/2048 2046/2046/2046
f 2036/2036/2036 2038/2038/2038 2050/2050/2050
f 2036/2036/2036 2050/2050/2050 2048/2048/2048
f 2038/2038/2038 2040/2040/2040 2052/2052/2052
f 2038/2038/2038 2052/2052/2052 2050/2050/2050
f 2040/2040/2040 2042/2042/2042 2054/2054/2054
f 2040/2040/2040 2054/2054/2054 2052/2052/2052
f 2033/2033/2033 2045/2045/2045 2047/2047/2047
f 2033/2033/2033 2047/2047/2047 2035/2035/2035
f 2035/2035/2035 2047/2047/2047 2049/2049/2049
f 2035/2035/2035 2049/2049/2049 2037/2037/2037
f 2037/2037/2037 2049/2049/2049 2051/2051/2051
f 2037/2037/2037 2051/2051/2051 2039/2039/2039
f 2039/2039/2039 2051/2051/2051 2053/2053/2053
f 2039/2039/2039 2053/2053/2053 2041/2041/2041
f 2041/2041/2041 2053/2053/2053 2055/2055/2055
f 2041/2041/2041 2055/2055/2055 2043/2043/2043
f 2032/2032/2032 2033/2033/2033 2045/2045/2045
f 2032/2032/2032 2045/2045/2045 2044/2044/2044
f 2152/2152/2152 2042/2042/2042 2054/2054/2054
f 2153/2153/2153 2055/2055/2055 2043/2043/2043
f 2044/2044/2044 2046/2046/2046 2058/2058/2058
f 2044/2044/2044 2058/2058/2058 2056/2056/2056
f 2046/2046/2046 2048/2048/2048 2060/2060/2060
f 2046/2046/2046 2060/2060/2060 2058/2058/2058
f 2048/2048/2048 2050/2050/2050 2062/2062/2062
f 2048/2048/2048 2062/2062/2062 2060/2060/2060
f 2050/2050/2050 2052/2052/2052 2064/2064/2064
f 2050/2050/2050 2064/2064/2064 2062/2062/2062
f 2052/2052/2052 2054/2054/2054 2066/2066/2066
f 2052/2052/2052 2066/2066/2066 2064/2064/2064
f 2045/2045/2045 2057/2057/2057 2059/2059/2059
f 2045/2045/2045 2059/2059/2059 2047/2047/2047
f 2047/2047/2047 2059/2059/2059 2061/2061/2061
f 2047/2047/2047 2061/2061/2061 2049/2049/2049
f 2049/2049/2049 2061/2061/2061 2063/2063/2063
f 2049/2049/2049 2063/2063/2063 2051/2051/2051
f 2051/2051/2051 2063/2063/2063 2065/2065/2065
f 2051/2051/2051 2065/2065/2065 2053/2053/2053
f 2053/2053/2053 2065/2065/2065 2067/2067/2067
f 2053/2053/2053 2067/2067/2067 2055/2055/2055
f 2044/2044/2044 2045/2045/2045 2057/2057/2057
f 2044/2044/2044 2057/2057/2057 2056/2056/2056
f 2152/2152/2152 2054/2054/2054 2066/2066/2066
f 2153/2153/2153 2067/2067/2067 2055/2055/2055
f 2056/2056/2056 2058/2058/2058 2070/2070/2070
f 2056/2056/2056 2070/2070/2070 2068/2068/2068
f 2058/2058/2058 2060/2060/2060 2072/2072/2072
f 2058/2058/2058 2072/2072/2072 2070/2070/2070
f 2060/2060/2060 2062/2062/2062 2074/2074/2074
f 2060/2060/2060 2074/2074/2074 2072/2072/2072
f 2062/2062/2062 2064/2064/2064 2076/2076/2076
f 2062/2062/2062 2076/2076/2076 2074/2074/2074
f 2064/2064/2064 2066/2066/2066 2078/2078/2078
f 2064/2064/2064 2078/2078/2078 2076/2076/2076
f 2057/2057/2057 2069/2069/2069 2071/2071/2071
f 2057/2057/2057 2071/2071/2071 2059/2059/2059
f 2059/2059/2059 2071/2071/2071 2073/2073/2073
f 2059/2059/2059 2073/2073/2073 2061/2061/2061
f 2061/2061/2061 2073/2073/2073 2075/2075/2075
f 2061/2061/2061 2075/2075/2075 2063/2063/2063
f 2063/2063/2063 2075/2075/2075 2077/2077/2077
f 2063/2063/2063 2077/2077/2077 2065/2065/2065
f 2065/2065/2065 2077/2077/2077 2079/2079/2079
f 2065/2065/2065 2079/2079/2079 2067/2067/2067
f 2056/2056/2056 2057/2057/2057 2069/2069/2069
f 2056/2056/2056 2069/2069/2069 2068/2068/2068
f 2152/2152/2152 2066/2066/2066 2078/2078/2078
f 2153/2153/2153 2079/2079/2079 2067/2067/2067
f 2068/2068/2068 2070/2070/2070 2082/2082/2082
f 2068/2068/2068 2082/2082/2082 2080/2080/2080
f 2070/2070/2070 2072/2072/2072 2084/2084/2084
f 2070/2070/2070 2084/2084/2084 2082/2082/2082
f 2072/2072/2072 2074/2074/2074 2086/2086/2086
f 2072/2072/2072 2086/2086/2086 2084/2084/2084
f 2074/2074/2074 2076/2076/2076 2088/2088/2088
f 2074/2074/2074 2088/2088/2088 2086/2086/2086
f 2076/2076/2076 2078/2078/2078 2090/2090/2090
f 2076/2076/2076 2090/2090/2090 2088/2088/2088
f 2069/2069/2069 2081/2081/2081 2083/2083/2083
f 2069/2069/2069 2083/2083/2083 2071/2071/2071
f 2071/2071/2071 2083/2083/2083 2085/2085/2085
f 2071/2071/2071 2085/2085/2085 2073/2073/2073
f 2073/2073/2073 2085/2085/2085 2087/2087/2087
f 2073/2073/2073 2087/2087/2087 2075/2075/2075
f 2075/2075/2075 2087/2087/2087 2089/2089/2089
f 2075/2075/2075 2089/2089/2089 2077/2077/2077
f 2077/2077/2077 2089/2089/2089 2091/2091/2091
f 2077/2077/2077 2091/2091/2091 2079/2079/2079
f 2068/2068/2068 2069/2069/2069 2081/2081/2081
f 2068/2068/2068 2081/2081/2081 2080/2080/2080
f 2152/2152/2152 2078/2078/2078 2090/2090/2090
f 2153/2153/2153 2091/2091/2091 2079/2079/2079
f 2080/2080/2080 2082/2082/2082 2094/2094/2094
f 2080/2080/2080 2094/2094/2094 2092/2092/2092
f 2082/2082/2082 2084/2084/2084 2096/2096/2096
f 2082/2082/2082 2096/2096/2096 2094/2094/2094
f 2084/2084/2084 2086/2086/2086 2098/2098/2098
f 2084/2084/2084 2098/2098/2098 2096/2096/2096
f 2086/2086/2086 2088/2088/2088 2100/2100/2100
f 2086/2086/2086 2100/2100/2100 2098/2098/2098
f 2088/2088/2088 2090/2090/2090 2102/2102/2102
f 2088/2088/2088 2102/2102/2102 2100/2100/2100
f 2081/2081/2081 2093/2093/2093 2095/2095/2095
f 2081/2081/2081 2095/2095/2095 2083/2083/2083
f 2083/2083/2083 2095/2095/2095 2097/2097/2097
f 2083/2083/2083 2097/2097/2097 2085/2085/2085
f 2085/2085/2085 2097/2097/2097 2099/2099/2099
f 2085/2085/2085 2099/2099/2099 2087/2087/2087
f 2087/2087/2087 2099/2099/2099 2101/2101/2101
f 2087/2087/2087 2101/2101/2101 2089/2089/2089
f 2089/2089/2089 2101/2101/2101 2103/2103/2103
f 2089/2089/2089 2103/2103/2103 2091/2091/2091
f 2080/2080/2080 2081/2081/2081 2093/2093/2093
f 2080/2080/2080 2093/2093/2093 2092/2092/2092
f 2152/2152/2152 2090/2090/2090 2102/2102/2102
f 2153/2153/2153 2103/2103/2103 2091/2091/2091
f 2092/2092/2092 2094/2094/2094 2106/2106/2106
f 2092/2092/2092 2106/2106/2106 2104/2104/2104
f 2094/2094/2094 2096/2096/2096 2108/2108/2108
f 2094/2094/2094 2108/2108/2108 2106/2106/2106
f 2096/2096/2096 2098/2098/2098 2110/2110/2110
f 2096/2096/2096 2110/2110/2110 2108/2108/2108
f 2098/2098/2098 2100/2100/2100 2112/2112/2112
f 2098/2098/2098 2112/2112/2112 2110/2110/2110
f 2100/2100/2100 2102/2102/2102 2114/2114/2114
f 2100/2100/2100 2114/2114/2114 2112/2112/2112
f 2093/2093/2093 2105/2105/2105 2107/2107/2107
f 2093/2093/2093 2107/2107/2107 2095/2095/2095
f 2095/2095/2095 2107/2107/2107 2109/2109/2109
f 2095/2095/2095 2109/2109/2109 2097/2097/2097
f 2097/2097/2097 2109/2109/2109 2111/2111/2111
f 2097/2097/2097 2111/2111/2111 2099/2099/2099
f 2099/2099/2099 2111/2111/2111 2113/2113/2113
f 2099/2099/2099 2113/2113/2113 2101/2101/2101
f 2101/2101/2101 2113/2113/2113 2115/2115/2115
f 2101/2101/2101 2115/2115/2115 2103/2103/2103
f 2092/2092/2092 2093/2093/2093 2105/2105/2105
f 2092/2092/2092 2105/2105/2105 2104/2104/2104
f 2152/2152/2152 2102/2102/2102 2114/2114/2114
f 2153/2153/2153 2115/2115/2115 2103/2103/2103
f 2104/2104/2104 2106/2106/2106 2118/2118/2118
f 2104/2104/2104 2118/2118/2118 2116/2116/2116
f 2106/2106/2106 2108/2108/2108 2120/2120/2120
f 2106/2106/2106 2120/2120/2120 2118/2118/2118
f 2108/2108/2108 2110/2110/2110 2122/2122/2122
f 2108/2108/2108 2122/2122/2122 2120/2120/2120
f 2110/2110/2110 2112/2112/2112 2124/2124/2124
f 2110/2110/2110 2124/2124/2124 2122/2122/2122
f 2112/2112/2112 2114/2114/2114 2126/2126/2126
f 2112/2112/2112 2126/2126/2126 2124/2124/2124
f 2105/2105/2105 2117/2117/2117 2119/2119/2119
f 2105/2105/2105 2119/2119/2119 2107/2107/2107
f 2107/2107/2107 2119/2119/2119 2121/2121/2121
f 2107/2107/2107 2121/2121/2121 2109/2109/2109
f 2109/2109/2109 2121/2121/2121 2123/2123/2123
f 2109/2109/2109 2123/2123/2123 2111/2111/2111
f 2111/2111/2111 2123/2123/2123 2125/2125/2125
f 2111/2111/2111 2125/2125/2125 2113/2113/2113
f 2113/2113/2113 2125/2125/2125 2127/2127/2127
f 2113/2113/2113 2127/2127/2127 2115/2115/2115
f 2104/2104/2104 2105/2105/2105 2117/2117/2117
f 2104/2104/2104 2117/2117/2117 2116/2116/2116
f 2152/2152/2152 2114/2114/2114 2126/2126/2126
f 2153/2153/2153 2127/2127/2127 2115/2115/2115
f 2116/2116/2116 2118/2118/2118 2130/2130/2130
f 2116/2116/2116 2130/2130/2130 2128/2128/2128
f 2118/2118/2118 2120/2120/2120 2132/2132/2132
f 2118/2118/2118 2132/2132/2132 2130/2130/2130
f 2120/2120/2120 2122/2122/2122 2134/2134/2134
f 2120/2120/2120 2134/2134/2134 2132/2132/2132
f 2122/2122/2122 2124/2124/2124 2136/2136/2136
f 2122/2122/2122 2136/2136/2136 2134/2134/2134
f 2124/2124/2124 2126/2126/2126 2138/2138/2138
f 2124/2124/2124 2138/2138/2138 2136/2136/2136
f 2117/2117/2117 2129/2129/2129 2131/2131/2131
f 2117/2117/2117 2131/2131/2131 2119/2119/2119
f 2119/2119/2119 2131/2131/2131 2133/2133/2133
f 2119/2119/2119 2133/2133/2133 2121/2121/2121
f 2121/2121/2121 2133/2133/2133 2135/2135/2135
f 2121/2121/2121 2135/2135/2135 2123/2123/2123
f 2123/2123/2123 2135/2135/2135 2137/2137/2137
f 2123/2123/2123 2137/2137/2137 2125/2125/2125
f 2125/2125/2125 2137/2137/2137 2139/2139/2139
f 2125/2125/2125 2139/2139/2139 2127/2127/2127
f 2116/2116/2116 2117/2117/2117 2129/2129/2129
f 2116/2116/2116 2129/2129/2129 2128/2128/2128
f 2152/2152/2152 2126/2126/2126 2138/2138/2138
f 2153/2153/2153 2139/2139/2139 2127/2127/2127
f 2128/2128/2128 2130/2130/2130 2142/2142/2142
f 2128/2128/2128 2142/2142/2142 2140/2140/2140
f 2130/2130/2130 2132/2132/2132 2144/2144/2144
f 2130/2130/2130 2144/2144/2144 2142/2142/2142
f 2132/2132/2132 2134/2134/2134 2146/2146/2146
f 2132/2132/2132 2146/2146/2146 2144/2144/2144
f 2134/2134/2134 2136/2136/2136 2148/2148/2148
f 2134/2134/2134 2148/2148/2148 2146/2146/2146
f 2136/2136/2136 2138/2138/2138 2150/2150/2150
f 2136/2136/2136 2150/2150/2150 2148/2148/2148
f 2129/2129/2129 2141/2141/2141 2143/2143/2143
f 2129/2129/2129 2143/2143/2143 2131/2131/2131
f 2131/2131/2131 2143/2143/2143 2145/2145/2145
f 2131/2131/2131 2145/2145/2145 2133/2133/2133
f 2133/2133/2133 2145/2145/2145 2147/2147/2147
f 2133/2133/2133 2147/2147/2147 2135/2135/2135
f 2135/2135/2135 2147/2147/2147 2149/2149/2149
f 2135/2135/2135 2149/2149/2149 2137/2137/2137
f 2137/2137/2137 2149/2149/2149 2151/2151/2151
f 2137/2137/2137 2151/2151/2151 2139/2139/2139
f 2128/2128/2128 2129/2129/2129 2141/2141/2141
f 2128/2128/2128 2141/2141/2141 2140/2140/2140
f 2152/2152/2152 2138/2138/2138 2150/2150/2150
f 2153/2153/2153 2151/2151/2151 2139/2139/2139
f 2140/2140/2140 2142/2142/2142 1866/1866/1866
f 2140/2140/2140 1866/1866/1866 1864/1864/1864
f 2142/2142/2142 2144/2144/2144 1868/1868/1868
f 2142/2142/2142 1868/1868/1868 1866/1866/1866
f 2144/2144/2144 2146/2146/2146 1870/1870/1870
f 2144/2144/2144 1870/1870/1870 1868/1868/1868
f 2146/2146/2146 2148/2148/2148 1872/1872/1872
f 2146/2146/2146 1872/1872/1872 1870/1870/1870
f 2148/2148/2148 2150/2150/2150 1874/1874/1874
f 2148/2148/2148 1874/1874/1874 1872/1872/1872
f 2141/2141/2141 1865/1865/1865 1867/1867/1867
f 2141/2141/2141 1867/1867/1867 2143/2143/2143
f 2143/2143/2143 1867/1867/1867 1869/1869/1869
f 2143/2143/2143 1869/1869/1869 2145/2145/2145
f 2145/2145/2145 1869/1869/1869 1871/1871/1871
f 2145/2145/2145 1871/1871/1871 2147/2147/2147
f 2147/2147/2147 1871/1871/1871 1873/1873/1873
f 2147/2147/2147 1873/1873/1873 2149/2149/2149
f 2149/2149/2149 1873/1873/1873 1875/1875/1875
f 2149/2149/2149 1875/1875/1875 2151/2151/2151
f 2140/2140/2140 2141/2141/2141 1865/1865/1865
f 2140/2140/2140 1865/1865/1865 1864/1864/1864
f 2152/2152/2152 2150/2150/2150 1874/1874/1874
f 2153/2153/2153 1875/1875/1875 2151/2151/2151

g Wheels_RearRightOuter
usemtl Mat_Wheel_PBR
v 1.3700 0.5200 -2.6800
v 1.0700 0.5200 -2.6800
v 1.3625 0.5200 -2.7008
v 1.0775 0.5200 -2.7008
v 1.3430 0.5200 -2.7944
v 1.0970 0.5200 -2.7944
v 1.3100 0.5200 -2.8152
v 1.1300 0.5200 -2.8152
v 1.2725 0.5200 -2.9660
v 1.1675 0.5200 -2.9660
v 1.2800 0.5200 -3.0544
v 1.1600 0.5200 -3.0544
v 1.3700 0.6546 -2.6977
v 1.0700 0.6546 -2.6977
v 1.3625 0.6492 -2.7178
v 1.0775 0.6492 -2.7178
v 1.3430 0.6250 -2.8082
v 1.0970 0.6250 -2.8082
v 1.3100 0.6196 -2.8283
v 1.1300 0.6196 -2.8283
v 1.2725 0.5806 -2.9740
v 1.1675 0.5806 -2.9740
v 1.2800 0.5577 -3.0594
v 1.1600 0.5577 -3.0594
v 1.3700 0.7800 -2.7497
v 1.0700 0.7800 -2.7497
v 1.3625 0.7696 -2.7677
v 1.0775 0.7696 -2.7677
v 1.3430 0.7228 -2.8487
v 1.0970 0.7228 -2.8487
v 1.3100 0.7124 -2.8668
v 1.1300 0.7124 -2.8668
v 1.2725 0.6370 -2.9974
v 1.1675 0.6370 -2.9974
v 1.2800 0.5928 -3.0739
v 1.1600 0.5928 -3.0739
v 1.3700 0.8877 -2.8323
v 1.0700 0.8877 -2.8323
v 1.3625 0.8730 -2.8470
v 1.0775 0.8730 -2.8470
v 1.3430 0.8068 -2.9132
v 1.0970 0.8068 -2.9132
v 1.3100 0.7921 -2.9279
v 1.1300 0.7921 -2.9279
v 1.2725 0.6855 -3.0345
v 1.1675 0.6855 -3.0345
v 1.2800 0.6230 -3.0970
v 1.1600 0.6230 -3.0970
v 1.3700 0.9703 -2.9400
v 1.0700 0.9703 -2.9400
v 1.3625 0.9523 -2.9504
v 1.0775 0.9523 -2.9504
v 1.3430 0.8713 -2.9972
v 1.0970 0.8713 -2.9972
v 1.3100 0.8532 -3.0076
v 1.1300 0.8532 -3.0076
v 1.2725 0.7226 -3.0830
v 1.1675 0.7226 -3.0830
v 1.2800 0.6461 -3.1272
v 1.1600 0.6461 -3.1272
v 1.3700 1.0223 -3.0654
v 1.0700 1.0223 -3.0654
v 1.3625 1.0022 -3.0708
v 1.0775 1.0022 -3.0708
v 1.3430 0.9118 -3.0950
v 1.0970 0.9118 -3.0950
v 1.3100 0.8917 -3.1004
v 1.1300 0.8917 -3.1004
v 1.2725 0.7460 -3.1394
v 1.1675 0.7460 -3.1394
v 1.2800 0.6606 -3.1623
v 1.1600 0.6606 -3.1623
v 1.3700 1.0400 -3.2000
v 1.0700 1.0400 -3.2000
v 1.3625 1.0192 -3.2000
v 1.0775 1.0192 -3.2000
v 1.3430 0.9256 -3.2000
v 1.0970 0.9256 -3.2000
v 1.3100 0.9048 -3.2000
v 1.1300 0.9048 -3.2000
v 1.2725 0.7540 -3.2000
v 1.1675 0.7540 -3.2000
v 1.2800 0.6656 -3.2000
v 1.1600 0.6656 -3.2000
v 1.3700 1.0223 -3.3346
v 1.0700 1.0223 -3.3346
v 1.3625 1.0022 -3.3292
v 1.0775 1.0022 -3.3292
v 1.3430 0.9118 -3.3050
v 1.0970 0.9118 -3.3050
v 1.3100 0.8917 -3.2996
v 1.1300 0.8917 -3.2996
v 1.2725 0.7460 -3.2606
v 1.1675 0.7460 -3.2606
v 1.2800 0.6606 -3.2377
v 1.1600 0.6606 -3.2377
v 1.3700 0.9703 -3.4600
v 1.0700 0.9703 -3.4600
v 1.3625 0.9523 -3.4496
v 1.0775 0.9523 -3.4496
v 1.3430 0.8713 -3.4028
v 1.0970 0.8713 -3.4028
v 1.3100 0.8532 -3.3924
v 1.1300 0.8532 -3.3924
v 1.2725 0.7226 -3.3170
v 1.1675 0.7226 -3.3170
v 1.2800 0.6461 -3.2728
v 1.1600 0.6461 -3.2728
v 1.3700 0.8877 -3.5677
v 1.0700 0.8877 -3.5677
v 1.3625 0.8730 -3.5530
v 1.0775 0.8730 -3.5530
v 1.3430 0.8068 -3.4868
v 1.0970 0.8068 -3.4868
v 1.3100 0.7921 -3.4721
v 1.1300 0.7921 -3.4721
v 1.2725 0.6855 -3.3655
v 1.1675 0.6855 -3.3655
v 1.2800 0.6230 -3.3030
v 1.1600 0.6230 -3.3030
v 1.3700 0.7800 -3.6503
v 1.0700 0.7800 -3.6503
v 1.3625 0.7696 -3.6323
v 1.0775 0.7696 -3.6323
v 1.3430 0.7228 -3.5513
v 1.0970 0.7228 -3.5513
v 1.3100 0.7124 -3.5332
v 1.1300 0.7124 -3.5332
v 1.2725 0.6370 -3.4026
v 1.1675 0.6370 -3.4026
v 1.2800 0.5928 -3.3261
v 1.1600 0.5928 -3.3261
v 1.3700 0.6546 -3.7023
v 1.0700 0.6546 -3.7023
v 1.3625 0.6492 -3.6822
v 1.0775 0.6492 -3.6822
v 1.3430 0.6250 -3.5918
v 1.0970 0.6250 -3.5918
v 1.3100 0.6196 -3.5717
v 1.1300 0.6196 -3.5717
v 1.2725 0.5806 -3.4260
v 1.1675 0.5806 -3.4260
v 1.2800 0.5577 -3.3406
v 1.1600 0.5577 -3.3406
v 1.3700 0.5200 -3.7200
v 1.0700 0.5200 -3.7200
v 1.3625 0.5200 -3.6992
v 1.0775 0.5200 -3.6992
v 1.3430 0.5200 -3.6056
v 1.0970 0.5200 -3.6056
v 1.3100 0.5200 -3.5848
v 1.1300 0.5200 -3.5848
v 1.2725 0.5200 -3.4340
v 1.1675 0.5200 -3.4340
v 1.2800 0.5200 -3.3456
v 1.1600 0.5200 -3.3456
v 1.3700 0.3854 -3.7023
v 1.0700 0.3854 -3.7023
v 1.3625 0.3908 -3.6822
v 1.0775 0.3908 -3.6822
v 1.3430 0.4150 -3.5918
v 1.0970 0.4150 -3.5918
v 1.3100 0.4204 -3.5717
v 1.1300 0.4204 -3.5717
v 1.2725 0.4594 -3.4260
v 1.1675 0.4594 -3.4260
v 1.2800 0.4823 -3.3406
v 1.1600 0.4823 -3.3406
v 1.3700 0.2600 -3.6503
v 1.0700 0.2600 -3.6503
v 1.3625 0.2704 -3.6323
v 1.0775 0.2704 -3.6323
v 1.3430 0.3172 -3.5513
v 1.0970 0.3172 -3.5513
v 1.3100 0.3276 -3.5332
v 1.1300 0.3276 -3.5332
v 1.2725 0.4030 -3.4026
v 1.1675 0.4030 -3.4026
v 1.2800 0.4472 -3.3261
v 1.1600 0.4472 -3.3261
v 1.3700 0.1523 -3.5677
v 1.0700 0.1523 -3.5677
v 1.3625 0.1670 -3.5530
v 1.0775 0.1670 -3.5530
v 1.3430 0.2332 -3.4868
v 1.0970 0.2332 -3.4868
v 1.3100 0.2479 -3.4721
v 1.1300 0.2479 -3.4721
v 1.2725 0.3545 -3.3655
v 1.1675 0.3545 -3.3655
v 1.2800 0.4170 -3.3030
v 1.1600 0.4170 -3.3030
v 1.3700 0.0697 -3.4600
v 1.0700 0.0697 -3.4600
v 1.3625 0.0877 -3.4496
v 1.0775 0.0877 -3.4496
v 1.3430 0.1687 -3.4028
v 1.0970 0.1687 -3.4028
v 1.3100 0.1868 -3.3924
v 1.1300 0.1868 -3.3924
v 1.2725 0.3174 -3.3170
v 1.1675 0.3174 -3.3170
v 1.2800 0.3939 -3.2728
v 1.1600 0.3939 -3.2728
v 1.3700 0.0177 -3.3346
v 1.0700 0.0177 -3.3346
v 1.3625 0.0378 -3.3292
v 1.0775 0.0378 -3.3292
v 1.3430 0.1282 -3.3050
v 1.0970 0.1282 -3.3050
v 1.3100 0.1483 -3.2996
v 1.1300 0.1483 -3.2996
v 1.2725 0.2940 -3.2606
v 1.1675 0.2940 -3.2606
v 1.2800 0.3794 -3.2377
v 1.1600 0.3794 -3.2377
v 1.3700 0.0000 -3.2000
v 1.0700 0.0000 -3.2000
v 1.3625 0.0208 -3.2000
v 1.0775 0.0208 -3.2000
v 1.3430 0.1144 -3.2000
v 1.0970 0.1144 -3.2000
v 1.3100 0.1352 -3.2000
v 1.1300 0.1352 -3.2000
v 1.2725 0.2860 -3.2000
v 1.1675 0.2860 -3.2000
v 1.2800 0.3744 -3.2000
v 1.1600 0.3744 -3.2000
v 1.3700 0.0177 -3.0654
v 1.0700 0.0177 -3.0654
v 1.3625 0.0378 -3.0708
v 1.0775 0.0378 -3.0708
v 1.3430 0.1282 -3.0950
v 1.0970 0.1282 -3.0950
v 1.3100 0.1483 -3.1004
v 1.1300 0.1483 -3.1004
v 1.2725 0.2940 -3.1394
v 1.1675 0.2940 -3.1394
v 1.2800 0.3794 -3.1623
v 1.1600 0.3794 -3.1623
v 1.3700 0.0697 -2.9400
v 1.0700 0.0697 -2.9400
v 1.3625 0.0877 -2.9504
v 1.0775 0.0877 -2.9504
v 1.3430 0.1687 -2.9972
v 1.0970 0.1687 -2.9972
v 1.3100 0.1868 -3.0076
v 1.1300 0.1868 -3.0076
v 1.2725 0.3174 -3.0830
v 1.1675 0.3174 -3.0830
v 1.2800 0.3939 -3.1272
v 1.1600 0.3939 -3.1272
v 1.3700 0.1523 -2.8323
v 1.0700 0.1523 -2.8323
v 1.3625 0.1670 -2.8470
v 1.0775 0.1670 -2.8470
v 1.3430 0.2332 -2.9132
v 1.0970 0.2332 -2.9132
v 1.3100 0.2479 -2.9279
v 1.1300 0.2479 -2.9279
v 1.2725 0.3545 -3.0345
v 1.1675 0.3545 -3.0345
v 1.2800 0.4170 -3.0970
v 1.1600 0.4170 -3.0970
v 1.3700 0.2600 -2.7497
v 1.0700 0.2600 -2.7497
v 1.3625 0.2704 -2.7677
v 1.0775 0.2704 -2.7677
v 1.3430 0.3172 -2.8487
v 1.0970 0.3172 -2.8487
v 1.3100 0.3276 -2.8668
v 1.1300 0.3276 -2.8668
v 1.2725 0.4030 -2.9974
v 1.1675 0.4030 -2.9974
v 1.2800 0.4472 -3.0739
v 1.1600 0.4472 -3.0739
v 1.3700 0.3854 -2.6977
v 1.0700 0.3854 -2.6977
v 1.3625 0.3908 -2.7178
v 1.0775 0.3908 -2.7178
v 1.3430 0.4150 -2.8082
v 1.0970 0.4150 -2.8082
v 1.3100 0.4204 -2.8283
v 1.1300 0.4204 -2.8283
v 1.2725 0.4594 -2.9740
v 1.1675 0.4594 -2.9740
v 1.2800 0.4823 -3.0594
v 1.1600 0.4823 -3.0594
v 1.2800 0.5200 -3.2000
v 1.1600 0.5200 -3.2000
vn 0.5000 0.0000 0.5000
vn -0.5000 0.0000 0.5000
vn 0.5000 0.0000 0.5000
vn -0.5000 0.0000 0.5000
vn 0.5000 0.0000 0.5000
vn -0.5000 0.0000 0.5000
vn 0.5000 0.0000 0.5000
vn -0.5000 0.0000 0.5000
vn 0.5000 0.0000 0.5000
vn -0.5000 0.0000 0.5000
vn 0.5000 0.0000 0.5000
vn -0.5000 0.0000 0.5000
vn 0.5000 0.1294 0.4830
vn -0.5000 0.1294 0.4830
vn 0.5000 0.1294 0.4830
vn -0.5000 0.1294 0.4830
vn 0.5000 0.1294 0.4830
vn -0.5000 0.1294 0.4830
vn 0.5000 0.1294 0.4830
vn -0.5000 0.1294 0.4830
vn 0.5000 0.1294 0.4830
vn -0.5000 0.1294 0.4830
vn 0.5000 0.1294 0.4830
vn -0.5000 0.1294 0.4830
vn 0.5000 0.2500 0.4330
vn -0.5000 0.2500 0.4330
vn 0.5000 0.2500 0.4330
vn -0.5000 0.2500 0.4330
vn 0.5000 0.2500 0.4330
vn -0.5000 0.2500 0.4330
vn 0.5000 0.2500 0.4330
vn -0.5000 0.2500 0.4330
vn 0.5000 0.2500 0.4330
vn -0.5000 0.2500 0.4330
vn 0.5000 0.2500 0.4330
vn -0.5000 0.2500 0.4330
vn 0.5000 0.3536 0.3536
vn -0.5000 0.3536 0.3536
vn 0.5000 0.3536 0.3536
vn -0.5000 0.3536 0.3536
vn 0.5000 0.3536 0.3536
vn -0.5000 0.3536 0.3536
vn 0.5000 0.3536 0.3536
vn -0.5000 0.3536 0.3536
vn 0.5000 0.3536 0.3536
vn -0.5000 0.3536 0.3536
vn 0.5000 0.3536 0.3536
vn -0.5000 0.3536 0.3536
vn 0.5000 0.4330 0.2500
vn -0.5000 0.4330 0.2500
vn 0.5000 0.4330 0.2500
vn -0.5000 0.4330 0.2500
vn 0.5000 0.4330 0.2500
vn -0.5000 0.4330 0.2500
vn 0.5000 0.4330 0.2500
vn -0.5000 0.4330 0.2500
vn 0.5000 0.4330 0.2500
vn -0.5000 0.4330 0.2500
vn 0.5000 0.4330 0.2500
vn -0.5000 0.4330 0.2500
vn 0.5000 0.4830 0.1294
vn -0.5000 0.4830 0.1294
vn 0.5000 0.4830 0.1294
vn -0.5000 0.4830 0.1294
vn 0.5000 0.4830 0.1294
vn -0.5000 0.4830 0.1294
vn 0.5000 0.4830 0.1294
vn -0.5000 0.4830 0.1294
vn 0.5000 0.4830 0.1294
vn -0.5000 0.4830 0.1294
vn 0.5000 0.4830 0.1294
vn -0.5000 0.4830 0.1294
vn 0.5000 0.5000 0.0000
vn -0.5000 0.5000 0.0000
vn 0.5000 0.5000 0.0000
vn -0.5000 0.5000 0.0000
vn 0.5000 0.5000 0.0000
vn -0.5000 0.5000 0.0000
vn 0.5000 0.5000 0.0000
vn -0.5000 0.5000 0.0000
vn 0.5000 0.5000 0.0000
vn -0.5000 0.5000 0.0000
vn 0.5000 0.5000 0.0000
vn -0.5000 0.5000 0.0000
vn 0.5000 0.4830 -0.1294
vn -0.5000 0.4830 -0.1294
vn 0.5000 0.4830 -0.1294
vn -0.5000 0.4830 -0.1294
vn 0.5000 0.4830 -0.1294
vn -0.5000 0.4830 -0.1294
vn 0.5000 0.4830 -0.1294
vn -0.5000 0.4830 -0.1294
vn 0.5000 0.4830 -0.1294
vn -0.5000 0.4830 -0.1294
vn 0.5000 0.4830 -0.1294
vn -0.5000 0.4830 -0.1294
vn 0.5000 0.4330 -0.2500
vn -0.5000 0.4330 -0.2500
vn 0.5000 0.4330 -0.2500
vn -0.5000 0.4330 -0.2500
vn 0.5000 0.4330 -0.2500
vn -0.5000 0.4330 -0.2500
vn 0.5000 0.4330 -0.2500
vn -0.5000 0.4330 -0.2500
vn 0.5000 0.4330 -0.2500
vn -0.5000 0.4330 -0.2500
vn 0.5000 0.4330 -0.2500
vn -0.5000 0.4330 -0.2500
vn 0.5000 0.3536 -0.3536
vn -0.5000 0.3536 -0.3536
vn 0.5000 0.3536 -0.3536
vn -0.5000 0.3536 -0.3536
vn 0.5000 0.3536 -0.3536
vn -0.5000 0.3536 -0.3536
vn 0.5000 0.3536 -0.3536
vn -0.5000 0.3536 -0.3536
vn 0.5000 0.3536 -0.3536
vn -0.5000 0.3536 -0.3536
vn 0.5000 0.3536 -0.3536
vn -0.5000 0.3536 -0.3536
vn 0.5000 0.2500 -0.4330
vn -0.5000 0.2500 -0.4330
vn 0.5000 0.2500 -0.4330
vn -0.5000 0.2500 -0.4330
vn 0.5000 0.2500 -0.4330
vn -0.5000 0.2500 -0.4330
vn 0.5000 0.2500 -0.4330
vn -0.5000 0.2500 -0.4330
vn 0.5000 0.2500 -0.4330
vn -0.5000 0.2500 -0.4330
vn 0.5000 0.2500 -0.4330
vn -0.5000 0.2500 -0.4330
vn 0.5000 0.1294 -0.4830
vn -0.5000 0.1294 -0.4830
vn 0.5000 0.1294 -0.4830
vn -0.5000 0.1294 -0.4830
vn 0.5000 0.1294 -0.4830
vn -0.5000 0.1294 -0.4830
vn 0.5000 0.1294 -0.4830
vn -0.5000 0.1294 -0.4830
vn 0.5000 0.1294 -0.4830
vn -0.5000 0.1294 -0.4830
vn 0.5000 0.1294 -0.4830
vn -0.5000 0.1294 -0.4830
vn 0.5000 0.0000 -0.5000
vn -0.5000 0.0000 -0.5000
vn 0.5000 0.0000 -0.5000
vn -0.5000 0.0000 -0.5000
vn 0.5000 0.0000 -0.5000
vn -0.5000 0.0000 -0.5000
vn 0.5000 0.0000 -0.5000
vn -0.5000 0.0000 -0.5000
vn 0.5000 0.0000 -0.5000
vn -0.5000 0.0000 -0.5000
vn 0.5000 0.0000 -0.5000
vn -0.5000 0.0000 -0.5000
vn 0.5000 -0.1294 -0.4830
vn -0.5000 -0.1294 -0.4830
vn 0.5000 -0.1294 -0.4830
vn -0.5000 -0.1294 -0.4830
vn 0.5000 -0.1294 -0.4830
vn -0.5000 -0.1294 -0.4830
vn 0.5000 -0.1294 -0.4830
vn -0.5000 -0.1294 -0.4830
vn 0.5000 -0.1294 -0.4830
vn -0.5000 -0.1294 -0.4830
vn 0.5000 -0.1294 -0.4830
vn -0.5000 -0.1294 -0.4830
vn 0.5000 -0.2500 -0.4330
vn -0.5000 -0.2500 -0.4330
vn 0.5000 -0.2500 -0.4330
vn -0.5000 -0.2500 -0.4330
vn 0.5000 -0.2500 -0.4330
vn -0.5000 -0.2500 -0.4330
vn 0.5000 -0.2500 -0.4330
vn -0.5000 -0.2500 -0.4330
vn 0.5000 -0.2500 -0.4330
vn -0.5000 -0.2500 -0.4330
vn 0.5000 -0.2500 -0.4330
vn -0.5000 -0.2500 -0.4330
vn 0.5000 -0.3536 -0.3536
vn -0.5000 -0.3536 -0.3536
vn 0.5000 -0.3536 -0.3536
vn -0.5000 -0.3536 -0.3536
vn 0.5000 -0.3536 -0.3536
vn -0.5000 -0.3536 -0.3536
vn 0.5000 -0.3536 -0.3536
vn -0.5000 -0.3536 -0.3536
vn 0.5000 -0.3536 -0.3536
vn -0.5000 -0.3536 -0.3536
vn 0.5000 -0.3536 -0.3536
vn -0.5000 -0.3536 -0.3536
vn 0.5000 -0.4330 -0.2500
vn -0.5000 -0.4330 -0.2500
vn 0.5000 -0.4330 -0.2500
vn -0.5000 -0.4330 -0.2500
vn 0.5000 -0.4330 -0.2500
vn -0.5000 -0.4330 -0.2500
vn 0.5000 -0.4330 -0.2500
vn -0.5000 -0.4330 -0.2500
vn 0.5000 -0.4330 -0.2500
vn -0.5000 -0.4330 -0.2500
vn 0.5000 -0.4330 -0.2500
vn -0.5000 -0.4330 -0.2500
vn 0.5000 -0.4830 -0.1294
vn -0.5000 -0.4830 -0.1294
vn 0.5000 -0.4830 -0.1294
vn -0.5000 -0.4830 -0.1294
vn 0.5000 -0.4830 -0.1294
vn -0.5000 -0.4830 -0.1294
vn 0.5000 -0.4830 -0.1294
vn -0.5000 -0.4830 -0.1294
vn 0.5000 -0.4830 -0.1294
vn -0.5000 -0.4830 -0.1294
vn 0.5000 -0.4830 -0.1294
vn -0.5000 -0.4830 -0.1294
vn 0.5000 -0.5000 -0.0000
vn -0.5000 -0.5000 -0.0000
vn 0.5000 -0.5000 -0.0000
vn -0.5000 -0.5000 -0.0000
vn 0.5000 -0.5000 -0.0000
vn -0.5000 -0.5000 -0.0000
vn 0.5000 -0.5000 -0.0000
vn -0.5000 -0.5000 -0.0000
vn 0.5000 -0.5000 -0.0000
vn -0.5000 -0.5000 -0.0000
vn 0.5000 -0.5000 -0.0000
vn -0.5000 -0.5000 -0.0000
vn 0.5000 -0.4830 0.1294
vn -0.5000 -0.4830 0.1294
vn 0.5000 -0.4830 0.1294
vn -0.5000 -0.4830 0.1294
vn 0.5000 -0.4830 0.1294
vn -0.5000 -0.4830 0.1294
vn 0.5000 -0.4830 0.1294
vn -0.5000 -0.4830 0.1294
vn 0.5000 -0.4830 0.1294
vn -0.5000 -0.4830 0.1294
vn 0.5000 -0.4830 0.1294
vn -0.5000 -0.4830 0.1294
vn 0.5000 -0.4330 0.2500
vn -0.5000 -0.4330 0.2500
vn 0.5000 -0.4330 0.2500
vn -0.5000 -0.4330 0.2500
vn 0.5000 -0.4330 0.2500
vn -0.5000 -0.4330 0.2500
vn 0.5000 -0.4330 0.2500
vn -0.5000 -0.4330 0.2500
vn 0.5000 -0.4330 0.2500
vn -0.5000 -0.4330 0.2500
vn 0.5000 -0.4330 0.2500
vn -0.5000 -0.4330 0.2500
vn 0.5000 -0.3536 0.3536
vn -0.5000 -0.3536 0.3536
vn 0.5000 -0.3536 0.3536
vn -0.5000 -0.3536 0.3536
vn 0.5000 -0.3536 0.3536
vn -0.5000 -0.3536 0.3536
vn 0.5000 -0.3536 0.3536
vn -0.5000 -0.3536 0.3536
vn 0.5000 -0.3536 0.3536
vn -0.5000 -0.3536 0.3536
vn 0.5000 -0.3536 0.3536
vn -0.5000 -0.3536 0.3536
vn 0.5000 -0.2500 0.4330
vn -0.5000 -0.2500 0.4330
vn 0.5000 -0.2500 0.4330
vn -0.5000 -0.2500 0.4330
vn 0.5000 -0.2500 0.4330
vn -0.5000 -0.2500 0.4330
vn 0.5000 -0.2500 0.4330
vn -0.5000 -0.2500 0.4330
vn 0.5000 -0.2500 0.4330
vn -0.5000 -0.2500 0.4330
vn 0.5000 -0.2500 0.4330
vn -0.5000 -0.2500 0.4330
vn 0.5000 -0.1294 0.4830
vn -0.5000 -0.1294 0.4830
vn 0.5000 -0.1294 0.4830
vn -0.5000 -0.1294 0.4830
vn 0.5000 -0.1294 0.4830
vn -0.5000 -0.1294 0.4830
vn 0.5000 -0.1294 0.4830
vn -0.5000 -0.1294 0.4830
vn 0.5000 -0.1294 0.4830
vn -0.5000 -0.1294 0.4830
vn 0.5000 -0.1294 0.4830
vn -0.5000 -0.1294 0.4830
vn 1.0000 0.0000 0.0000
vn -1.0000 0.0000 0.0000
vt 0.0000 0.0000
vt 0.0000 0.0000
vt 0.0000 0.1667
vt 0.0000 0.1667
vt 0.0000 0.3333
vt 0.0000 0.3333
vt 0.0000 0.5000
vt 0.0000 0.5000
vt 0.0000 0.6667
vt 0.0000 0.6667
vt 0.0000 0.8333
vt 0.0000 0.8333
vt 0.0417 0.0000
vt 0.0417 0.0000
vt 0.0417 0.1667
vt 0.0417 0.1667
vt 0.0417 0.3333
vt 0.0417 0.3333
vt 0.0417 0.5000
vt 0.0417 0.5000
vt 0.0417 0.6667
vt 0.0417 0.6667
vt 0.0417 0.8333
vt 0.0417 0.8333
vt 0.0833 0.0000
vt 0.0833 0.0000
vt 0.0833 0.1667
vt 0.0833 0.1667
vt 0.0833 0.3333
vt 0.0833 0.3333
vt 0.0833 0.5000
vt 0.0833 0.5000
vt 0.0833 0.6667
vt 0.0833 0.6667
vt 0.0833 0.8333
vt 0.0833 0.8333
vt 0.1250 0.0000
vt 0.1250 0.0000
vt 0.1250 0.1667
vt 0.1250 0.1667
vt 0.1250 0.3333
vt 0.1250 0.3333
vt 0.1250 0.5000
vt 0.1250 0.5000
vt 0.1250 0.6667
vt 0.1250 0.6667
vt 0.1250 0.8333
vt 0.1250 0.8333
vt 0.1667 0.0000
vt 0.1667 0.0000
vt 0.1667 0.1667
vt 0.1667 0.1667
vt 0.1667 0.3333
vt 0.1667 0.3333
vt 0.1667 0.5000
vt 0.1667 0.5000
vt 0.1667 0.6667
vt 0.1667 0.6667
vt 0.1667 0.8333
vt 0.1667 0.8333
vt 0.2083 0.0000
vt 0.2083 0.0000
vt 0.2083 0.1667
vt 0.2083 0.1667
vt 0.2083 0.3333
vt 0.2083 0.3333
vt 0.2083 0.5000
vt 0.2083 0.5000
vt 0.2083 0.6667
vt 0.2083 0.6667
vt 0.2083 0.8333
vt 0.2083 0.8333
vt 0.2500 0.0000
vt 0.2500 0.0000
vt 0.2500 0.1667
vt 0.2500 0.1667
vt 0.2500 0.3333
vt 0.2500 0.3333
vt 0.2500 0.5000
vt 0.2500 0.5000
vt 0.2500 0.6667
vt 0.2500 0.6667
vt 0.2500 0.8333
vt 0.2500 0.8333
vt 0.2917 0.0000
vt 0.2917 0.0000
vt 0.2917 0.1667
vt 0.2917 0.1667
vt 0.2917 0.3333
vt 0.2917 0.3333
vt 0.2917 0.5000
vt 0.2917 0.5000
vt 0.2917 0.6667
vt 0.2917 0.6667
vt 0.2917 0.8333
vt 0.2917 0.8333
vt 0.3333 0.0000
vt 0.3333 0.0000
vt 0.3333 0.1667
vt 0.3333 0.1667
vt 0.3333 0.3333
vt 0.3333 0.3333
vt 0.3333 0.5000
vt 0.3333 0.5000
vt 0.3333 0.6667
vt 0.3333 0.6667
vt 0.3333 0.8333
vt 0.3333 0.8333
vt 0.3750 0.0000
vt 0.3750 0.0000
vt 0.3750 0.1667
vt 0.3750 0.1667
vt 0.3750 0.3333
vt 0.3750 0.3333
vt 0.3750 0.5000
vt 0.3750 0.5000
vt 0.3750 0.6667
vt 0.3750 0.6667
vt 0.3750 0.8333
vt 0.3750 0.8333
vt 0.4167 0.0000
vt 0.4167 0.0000
vt 0.4167 0.1667
vt 0.4167 0.1667
vt 0.4167 0.3333
vt 0.4167 0.3333
vt 0.4167 0.5000
vt 0.4167 0.5000
vt 0.4167 0.6667
vt 0.4167 0.6667
vt 0.4167 0.8333
vt 0.4167 0.8333
vt 0.4583 0.0000
vt 0.4583 0.0000
vt 0.4583 0.1667
vt 0.4583 0.1667
vt 0.4583 0.3333
vt 0.4583 0.3333
vt 0.4583 0.5000
vt 0.4583 0.5000
vt 0.4583 0.6667
vt 0.4583 0.6667
vt 0.4583 0.8333
vt 0.4583 0.8333
vt 0.5000 0.0000
vt 0.5000 0.0000
vt 0.5000 0.1667
vt 0.5000 0.1667
vt 0.5000 0.3333
vt 0.5000 0.3333
vt 0.5000 0.5000
vt 0.5000 0.5000
vt 0.5000 0.6667
vt 0.5000 0.6667
vt 0.5000 0.8333
vt 0.5000 0.8333
vt 0.5417 0.0000
vt 0.5417 0.0000
vt 0.5417 0.1667
vt 0.5417 0.1667
vt 0.5417 0.3333
vt 0.5417 0.3333
vt 0.5417 0.5000
vt 0.5417 0.5000
vt 0.5417 0.6667
vt 0.5417 0.6667
vt 0.5417 0.8333
vt 0.5417 0.8333
vt 0.5833 0.0000
vt 0.5833 0.0000
vt 0.5833 0.1667
vt 0.5833 0.1667
vt 0.5833 0.3333
vt 0.5833 0.3333
vt 0.5833 0.5000
vt 0.5833 0.5000
vt 0.5833 0.6667
vt 0.5833 0.6667
vt 0.5833 0.8333
vt 0.5833 0.8333
vt 0.6250 0.0000
vt 0.6250 0.0000
vt 0.6250 0.1667
vt 0.6250 0.1667
vt 0.6250 0.3333
vt 0.6250 0.3333
vt 0.6250 0.5000
vt 0.6250 0.5000
vt 0.6250 0.6667
vt 0.6250 0.6667
vt 0.6250 0.8333
vt 0.6250 0.8333
vt 0.6667 0.0000
vt 0.6667 0.0000
vt 0.6667 0.1667
vt 0.6667 0.1667
vt 0.6667 0.3333
vt 0.6667 0.3333
vt 0.6667 0.5000
vt 0.6667 0.5000
vt 0.6667 0.6667
vt 0.6667 0.6667
vt 0.6667 0.8333
vt 0.6667 0.8333
vt 0.7083 0.0000
vt 0.7083 0.0000
vt 0.7083 0.1667
vt 0.7083 0.1667
vt 0.7083 0.3333
vt 0.7083 0.3333
vt 0.7083 0.5000
vt 0.7083 0.5000
vt 0.7083 0.6667
vt 0.7083 0.6667
vt 0.7083 0.8333
vt 0.7083 0.8333
vt 0.7500 0.0000
vt 0.7500 0.0000
vt 0.7500 0.1667
vt 0.7500 0.1667
vt 0.7500 0.3333
vt 0.7500 0.3333
vt 0.7500 0.5000
vt 0.7500 0.5000
vt 0.7500 0.6667
vt 0.7500 0.6667
vt 0.7500 0.8333
vt 0.7500 0.8333
vt 0.7917 0.0000
vt 0.7917 0.0000
vt 0.7917 0.1667
vt 0.7917 0.1667
vt 0.7917 0.3333
vt 0.7917 0.3333
vt 0.7917 0.5000
vt 0.7917 0.5000
vt 0.7917 0.6667
vt 0.7917 0.6667
vt 0.7917 0.8333
vt 0.7917 0.8333
vt 0.8333 0.0000
vt 0.8333 0.0000
vt 0.8333 0.1667
vt 0.8333 0.1667
vt 0.8333 0.3333
vt 0.8333 0.3333
vt 0.8333 0.5000
vt 0.8333 0.5000
vt 0.8333 0.6667
vt 0.8333 0.6667
vt 0.8333 0.8333
vt 0.8333 0.8333
vt 0.8750 0.0000
vt 0.8750 0.0000
vt 0.8750 0.1667
vt 0.8750 0.1667
vt 0.8750 0.3333
vt 0.8750 0.3333
vt 0.8750 0.5000
vt 0.8750 0.5000
vt 0.8750 0.6667
vt 0.8750 0.6667
vt 0.8750 0.8333
vt 0.8750 0.8333
vt 0.9167 0.0000
vt 0.9167 0.0000
vt 0.9167 0.1667
vt 0.9167 0.1667
vt 0.9167 0.3333
vt 0.9167 0.3333
vt 0.9167 0.5000
vt 0.9167 0.5000
vt 0.9167 0.6667
vt 0.9167 0.6667
vt 0.9167 0.8333
vt 0.9167 0.8333
vt 0.9583 0.0000
vt 0.9583 0.0000
vt 0.9583 0.1667
vt 0.9583 0.1667
vt 0.9583 0.3333
vt 0.9583 0.3333
vt 0.9583 0.5000
vt 0.9583 0.5000
vt 0.9583 0.6667
vt 0.9583 0.6667
vt 0.9583 0.8333
vt 0.9583 0.8333
vt 0.5000 0.5000
vt 0.5000 0.5000
f 2154/2154/2154 2156/2156/2156 2168/2168/2168
f 2154/2154/2154 2168/2168/2168 2166/2166/2166
f 2156/2156/2156 2158/2158/2158 2170/2170/2170
f 2156/2156/2156 2170/2170/2170 2168/2168/2168
f 2158/2158/2158 2160/2160/2160 2172/2172/2172
f 2158/2158/2158 2172/2172/2172 2170/2170/2170
f 2160/2160/2160 2162/2162/2162 2174/2174/2174
f 2160/2160/2160 2174/2174/2174 2172/2172/2172
f 2162/2162/2162 2164/2164/2164 2176/2176/2176
f 2162/2162/2162 2176/2176/2176 2174/2174/2174
f 2155/2155/2155 2167/2167/2167 2169/2169/2169
f 2155/2155/2155 2169/2169/2169 2157/2157/2157
f 2157/2157/2157 2169/2169/2169 2171/2171/2171
f 2157/2157/2157 2171/2171/2171 2159/2159/2159
f 2159/2159/2159 2171/2171/2171 2173/2173/2173
f 2159/2159/2159 2173/2173/2173 2161/2161/2161
f 2161/2161/2161 2173/2173/2173 2175/2175/2175
f 2161/2161/2161 2175/2175/2175 2163/2163/2163
f 2163/2163/2163 2175/2175/2175 2177/2177/2177
f 2163/2163/2163 2177/2177/2177 2165/2165/2165
f 2154/2154/2154 2155/2155/2155 2167/2167/2167
f 2154/2154/2154 2167/2167/2167 2166/2166/2166
f 2442/2442/2442 2164/2164/2164 2176/2176/2176
f 2443/2443/2443 2177/2177/2177 2165/2165/2165
f 2166/2166/2166 2168/2168/2168 2180/2180/2180
f 2166/2166/2166 2180/2180/2180 2178/2178/2178
f 2168/2168/2168 2170/2170/2170 2182/2182/2182
f 2168/2168/2168 2182/2182/2182 2180/2180/2180
f 2170/2170/2170 2172/2172/2172 2184/2184/2184
f 2170/2170/2170 2184/2184/2184 2182/2182/2182
f 2172/2172/2172 2174/2174/2174 2186/2186/2186
f 2172/2172/2172 2186/2186/2186 2184/2184/2184
f 2174/2174/2174 2176/2176/2176 2188/2188/2188
f 2174/2174/2174 2188/2188/2188 2186/2186/2186
f 2167/2167/2167 2179/2179/2179 2181/2181/2181
f 2167/2167/2167 2181/2181/2181 2169/2169/2169
f 2169/2169/2169 2181/2181/2181 2183/2183/2183
f 2169/2169/2169 2183/2183/2183 2171/2171/2171
f 2171/2171/2171 2183/2183/2183 2185/2185/2185
f 2171/2171/2171 2185/2185/2185 2173/2173/2173
f 2173/2173/2173 2185/2185/2185 2187/2187/2187
f 2173/2173/2173 2187/2187/2187 2175/2175/2175
f 2175/2175/2175 2187/2187/2187 2189/2189/2189
f 2175/2175/2175 2189/2189/2189 2177/2177/2177
f 2166/2166/2166 2167/2167/2167 2179/2179/2179
f 2166/2166/2166 2179/2179/2179 2178/2178/2178
f 2442/2442/2442 2176/2176/2176 2188/2188/2188
f 2443/2443/2443 2189/2189/2189 2177/2177/2177
f 2178/2178/2178 2180/2180/2180 2192/2192/2192
f 2178/2178/2178 2192/2192/2192 2190/2190/2190
f 2180/2180/2180 2182/2182/2182 2194/2194/2194
f 2180/2180/2180 2194/2194/2194 2192/2192/2192
f 2182/2182/2182 2184/2184/2184 2196/2196/2196
f 2182/2182/2182 2196/2196/2196 2194/2194/2194
f 2184/2184/2184 2186/2186/2186 2198/2198/2198
f 2184/2184/2184 2198/2198/2198 2196/2196/2196
f 2186/2186/2186 2188/2188/2188 2200/2200/2200
f 2186/2186/2186 2200/2200/2200 2198/2198/2198
f 2179/2179/2179 2191/2191/2191 2193/2193/2193
f 2179/2179/2179 2193/2193/2193 2181/2181/2181
f 2181/2181/2181 2193/2193/2193 2195/2195/2195
f 2181/2181/2181 2195/2195/2195 2183/2183/2183
f 2183/2183/2183 2195/2195/2195 2197/2197/2197
f 2183/2183/2183 2197/2197/2197 2185/2185/2185
f 2185/2185/2185 2197/2197/2197 2199/2199/2199
f 2185/2185/2185 2199/2199/2199 2187/2187/2187
f 2187/2187/2187 2199/2199/2199 2201/2201/2201
f 2187/2187/2187 2201/2201/2201 2189/2189/2189
f 2178/2178/2178 2179/2179/2179 2191/2191/2191
f 2178/2178/2178 2191/2191/2191 2190/2190/2190
f 2442/2442/2442 2188/2188/2188 2200/2200/2200
f 2443/2443/2443 2201/2201/2201 2189/2189/2189
f 2190/2190/2190 2192/2192/2192 2204/2204/2204
f 2190/2190/2190 2204/2204/2204 2202/2202/2202
f 2192/2192/2192 2194/2194/2194 2206/2206/2206
f 2192/2192/2192 2206/2206/2206 2204/2204/2204
f 2194/2194/2194 2196/2196/2196 2208/2208/2208
f 2194/2194/2194 2208/2208/2208 2206/2206/2206
f 2196/2196/2196 2198/2198/2198 2210/2210/2210
f 2196/2196/2196 2210/2210/2210 2208/2208/2208
f 2198/2198/2198 2200/2200/2200 2212/2212/2212
f 2198/2198/2198 2212/2212/2212 2210/2210/2210
f 2191/2191/2191 2203/2203/2203 2205/2205/2205
f 2191/2191/2191 2205/2205/2205 2193/2193/2193
f 2193/2193/2193 2205/2205/2205 2207/2207/2207
f 2193/2193/2193 2207/2207/2207 2195/2195/2195
f 2195/2195/2195 2207/2207/2207 2209/2209/2209
f 2195/2195/2195 2209/2209/2209 2197/2197/2197
f 2197/2197/2197 2209/2209/2209 2211/2211/2211
f 2197/2197/2197 2211/2211/2211 2199/2199/2199
f 2199/2199/2199 2211/2211/2211 2213/2213/2213
f 2199/2199/2199 2213/2213/2213 2201/2201/2201
f 2190/2190/2190 2191/2191/2191 2203/2203/2203
f 2190/2190/2190 2203/2203/2203 2202/2202/2202
f 2442/2442/2442 2200/2200/2200 2212/2212/2212
f 2443/2443/2443 2213/2213/2213 2201/2201/2201
f 2202/2202/2202 2204/2204/2204 2216/2216/2216
f 2202/2202/2202 2216/2216/2216 2214/2214/2214
f 2204/2204/2204 2206/2206/2206 2218/2218/2218
f 2204/2204/2204 2218/2218/2218 2216/2216/2216
f 2206/2206/2206 2208/2208/2208 2220/2220/2220
f 2206/2206/2206 2220/2220/2220 2218/2218/2218
f 2208/2208/2208 2210/2210/2210 2222/2222/2222
f 2208/2208/2208 2222/2222/2222 2220/2220/2220
f 2210/2210/2210 2212/2212/2212 2224/2224/2224
f 2210/2210/2210 2224/2224/2224 2222/2222/2222
f 2203/2203/2203 2215/2215/2215 2217/2217/2217
f 2203/2203/2203 2217/2217/2217 2205/2205/2205
f 2205/2205/2205 2217/2217/2217 2219/2219/2219
f 2205/2205/2205 2219/2219/2219 2207/2207/2207
f 2207/2207/2207 2219/2219/2219 2221/2221/2221
f 2207/2207/2207 2221/2221/2221 2209/2209/2209
f 2209/2209/2209 2221/2221/2221 2223/2223/2223
f 2209/2209/2209 2223/2223/2223 2211/2211/2211
f 2211/2211/2211 2223/2223/2223 2225/2225/2225
f 2211/2211/2211 2225/2225/2225 2213/2213/2213
f 2202/2202/2202 2203/2203/2203 2215/2215/2215
f 2202/2202/2202 2215/2215/2215 2214/2214/2214
f 2442/2442/2442 2212/2212/2212 2224/2224/2224
f 2443/2443/2443 2225/2225/2225 2213/2213/2213
f 2214/2214/2214 2216/2216/2216 2228/2228/2228
f 2214/2214/2214 2228/2228/2228 2226/2226/2226
f 2216/2216/2216 2218/2218/2218 2230/2230/2230
f 2216/2216/2216 2230/2230/2230 2228/2228/2228
f 2218/2218/2218 2220/2220/2220 2232/2232/2232
f 2218/2218/2218 2232/2232/2232 2230/2230/2230
f 2220/2220/2220 2222/2222/2222 2234/2234/2234
f 2220/2220/2220 2234/2234/2234 2232/2232/2232
f 2222/2222/2222 2224/2224/2224 2236/2236/2236
f 2222/2222/2222 2236/2236/2236 2234/2234/2234
f 2215/2215/2215 2227/2227/2227 2229/2229/2229
f 2215/2215/2215 2229/2229/2229 2217/2217/2217
f 2217/2217/2217 2229/2229/2229 2231/2231/2231
f 2217/2217/2217 2231/2231/2231 2219/2219/2219
f 2219/2219/2219 2231/2231/2231 2233/2233/2233
f 2219/2219/2219 2233/2233/2233 2221/2221/2221
f 2221/2221/2221 2233/2233/2233 2235/2235/2235
f 2221/2221/2221 2235/2235/2235 2223/2223/2223
f 2223/2223/2223 2235/2235/2235 2237/2237/2237
f 2223/2223/2223 2237/2237/2237 2225/2225/2225
f 2214/2214/2214 2215/2215/2215 2227/2227/2227
f 2214/2214/2214 2227/2227/2227 2226/2226/2226
f 2442/2442/2442 2224/2224/2224 2236/2236/2236
f 2443/2443/2443 2237/2237/2237 2225/2225/2225
f 2226/2226/2226 2228/2228/2228 2240/2240/2240
f 2226/2226/2226 2240/2240/2240 2238/2238/2238
f 2228/2228/2228 2230/2230/2230 2242/2242/2242
f 2228/2228/2228 2242/2242/2242 2240/2240/2240
f 2230/2230/2230 2232/2232/2232 2244/2244/2244
f 2230/2230/2230 2244/2244/2244 2242/2242/2242
f 2232/2232/2232 2234/2234/2234 2246/2246/2246
f 2232/2232/2232 2246/2246/2246 2244/2244/2244
f 2234/2234/2234 2236/2236/2236 2248/2248/2248
f 2234/2234/2234 2248/2248/2248 2246/2246/2246
f 2227/2227/2227 2239/2239/2239 2241/2241/2241
f 2227/2227/2227 2241/2241/2241 2229/2229/2229
f 2229/2229/2229 2241/2241/2241 2243/2243/2243
f 2229/2229/2229 2243/2243/2243 2231/2231/2231
f 2231/2231/2231 2243/2243/2243 2245/2245/2245
f 2231/2231/2231 2245/2245/2245 2233/2233/2233
f 2233/2233/2233 2245/2245/2245 2247/2247/2247
f 2233/2233/2233 2247/2247/2247 2235/2235/2235
f 2235/2235/2235 2247/2247/2247 2249/2249/2249
f 2235/2235/2235 2249/2249/2249 2237/2237/2237
f 2226/2226/2226 2227/2227/2227 2239/2239/2239
f 2226/2226/2226 2239/2239/2239 2238/2238/2238
f 2442/2442/2442 2236/2236/2236 2248/2248/2248
f 2443/2443/2443 2249/2249/2249 2237/2237/2237
f 2238/2238/2238 2240/2240/2240 2252/2252/2252
f 2238/2238/2238 2252/2252/2252 2250/2250/2250
f 2240/2240/2240 2242/2242/2242 2254/2254/2254
f 2240/2240/2240 2254/2254/2254 2252/2252/2252
f 2242/2242/2242 2244/2244/2244 2256/2256/2256
f 2242/2242/2242 2256/2256/2256 2254/2254/2254
f 2244/2244/2244 2246/2246/2246 2258/2258/2258
f 2244/2244/2244 2258/2258/2258 2256/2256/2256
f 2246/2246/2246 2248/2248/2248 2260/2260/2260
f 2246/2246/2246 2260/2260/2260 2258/2258/2258
f 2239/2239/2239 2251/2251/2251 2253/2253/2253
f 2239/2239/2239 2253/2253/2253 2241/2241/2241
f 2241/2241/2241 2253/2253/2253 2255/2255/2255
f 2241/2241/2241 2255/2255/2255 2243/2243/2243
f 2243/2243/2243 2255/2255/2255 2257/2257/2257
f 2243/2243/2243 2257/2257/2257 2245/2245/2245
f 2245/2245/2245 2257/2257/2257 2259/2259/2259
f 2245/2245/2245 2259/2259/2259 2247/2247/2247
f 2247/2247/2247 2259/2259/2259 2261/2261/2261
f 2247/2247/2247 2261/2261/2261 2249/2249/2249
f 2238/2238/2238 2239/2239/2239 2251/2251/2251
f 2238/2238/2238 2251/2251/2251 2250/2250/2250
f 2442/2442/2442 2248/2248/2248 2260/2260/2260
f 2443/2443/2443 2261/2261/2261 2249/2249/2249
f 2250/2250/2250 2252/2252/2252 2264/2264/2264
f 2250/2250/2250 2264/2264/2264 2262/2262/2262
f 2252/2252/2252 2254/2254/2254 2266/2266/2266
f 2252/2252/2252 2266/2266/2266 2264/2264/2264
f 2254/2254/2254 2256/2256/2256 2268/2268/2268
f 2254/2254/2254 2268/2268/2268 2266/2266/2266
f 2256/2256/2256 2258/2258/2258 2270/2270/2270
f 2256/2256/2256 2270/2270/2270 2268/2268/2268
f 2258/2258/2258 2260/2260/2260 2272/2272/2272
f 2258/2258/2258 2272/2272/2272 2270/2270/2270
f 2251/2251/2251 2263/2263/2263 2265/2265/2265
f 2251/2251/2251 2265/2265/2265 2253/2253/2253
f 2253/2253/2253 2265/2265/2265 2267/2267/2267
f 2253/2253/2253 2267/2267/2267 2255/2255/2255
f 2255/2255/2255 2267/2267/2267 2269/2269/2269
f 2255/2255/2255 2269/2269/2269 2257/2257/2257
f 2257/2257/2257 2269/2269/2269 2271/2271/2271
f 2257/2257/2257 2271/2271/2271 2259/2259/2259
f 2259/2259/2259 2271/2271/2271 2273/2273/2273
f 2259/2259/2259 2273/2273/2273 2261/2261/2261
f 2250/2250/2250 2251/2251/2251 2263/2263/2263
f 2250/2250/2250 2263/2263/2263 2262/2262/2262
f 2442/2442/2442 2260/2260/2260 2272/2272/2272
f 2443/2443/2443 2273/2273/2273 2261/2261/2261
f 2262/2262/2262 2264/2264/2264 2276/2276/2276
f 2262/2262/2262 2276/2276/2276 2274/2274/2274
f 2264/2264/2264 2266/2266/2266 2278/2278/2278
f 2264/2264/2264 2278/2278/2278 2276/2276/2276
f 2266/2266/2266 2268/2268/2268 2280/2280/2280
f 2266/2266/2266 2280/2280/2280 2278/2278/2278
f 2268/2268/2268 2270/2270/2270 2282/2282/2282
f 2268/2268/2268 2282/2282/2282 2280/2280/2280
f 2270/2270/2270 2272/2272/2272 2284/2284/2284
f 2270/2270/2270 2284/2284/2284 2282/2282/2282
f 2263/2263/2263 2275/2275/2275 2277/2277/2277
f 2263/2263/2263 2277/2277/2277 2265/2265/2265
f 2265/2265/2265 2277/2277/2277 2279/2279/2279
f 2265/2265/2265 2279/2279/2279 2267/2267/2267
f 2267/2267/2267 2279/2279/2279 2281/2281/2281
f 2267/2267/2267 2281/2281/2281 2269/2269/2269
f 2269/2269/2269 2281/2281/2281 2283/2283/2283
f 2269/2269/2269 2283/2283/2283 2271/2271/2271
f 2271/2271/2271 2283/2283/2283 2285/2285/2285
f 2271/2271/2271 2285/2285/2285 2273/2273/2273
f 2262/2262/2262 2263/2263/2263 2275/2275/2275
f 2262/2262/2262 2275/2275/2275 2274/2274/2274
f 2442/2442/2442 2272/2272/2272 2284/2284/2284
f 2443/2443/2443 2285/2285/2285 2273/2273/2273
f 2274/2274/2274 2276/2276/2276 2288/2288/2288
f 2274/2274/2274 2288/2288/2288 2286/2286/2286
f 2276/2276/2276 2278/2278/2278 2290/2290/2290
f 2276/2276/2276 2290/2290/2290 2288/2288/2288
f 2278/2278/2278 2280/2280/2280 2292/2292/2292
f 2278/2278/2278 2292/2292/2292 2290/2290/2290
f 2280/2280/2280 2282/2282/2282 2294/2294/2294
f 2280/2280/2280 2294/2294/2294 2292/2292/2292
f 2282/2282/2282 2284/2284/2284 2296/2296/2296
f 2282/2282/2282 2296/2296/2296 2294/2294/2294
f 2275/2275/2275 2287/2287/2287 2289/2289/2289
f 2275/2275/2275 2289/2289/2289 2277/2277/2277
f 2277/2277/2277 2289/2289/2289 2291/2291/2291
f 2277/2277/2277 2291/2291/2291 2279/2279/2279
f 2279/2279/2279 2291/2291/2291 2293/2293/2293
f 2279/2279/2279 2293/2293/2293 2281/2281/2281
f 2281/2281/2281 2293/2293/2293 2295/2295/2295
f 2281/2281/2281 2295/2295/2295 2283/2283/2283
f 2283/2283/2283 2295/2295/2295 2297/2297/2297
f 2283/2283/2283 2297/2297/2297 2285/2285/2285
f 2274/2274/2274 2275/2275/2275 2287/2287/2287
f 2274/2274/2274 2287/2287/2287 2286/2286/2286
f 2442/2442/2442 2284/2284/2284 2296/2296/2296
f 2443/2443/2443 2297/2297/2297 2285/2285/2285
f 2286/2286/2286 2288/2288/2288 2300/2300/2300
f 2286/2286/2286 2300/2300/2300 2298/2298/2298
f 2288/2288/2288 2290/2290/2290 2302/2302/2302
f 2288/2288/2288 2302/2302/2302 2300/2300/2300
f 2290/2290/2290 2292/2292/2292 2304/2304/2304
f 2290/2290/2290 2304/2304/2304 2302/2302/2302
f 2292/2292/2292 2294/2294/2294 2306/2306/2306
f 2292/2292/2292 2306/2306/2306 2304/2304/2304
f 2294/2294/2294 2296/2296/2296 2308/2308/2308
f 2294/2294/2294 2308/2308/2308 2306/2306/2306
f 2287/2287/2287 2299/2299/2299 2301/2301/2301
f 2287/2287/2287 2301/2301/2301 2289/2289/2289
f 2289/2289/2289 2301/2301/2301 2303/2303/2303
f 2289/2289/2289 2303/2303/2303 2291/2291/2291
f 2291/2291/2291 2303/2303/2303 2305/2305/2305
f 2291/2291/2291 2305/2305/2305 2293/2293/2293
f 2293/2293/2293 2305/2305/2305 2307/2307/2307
f 2293/2293/2293 2307/2307/2307 2295/2295/2295
f 2295/2295/2295 2307/2307/2307 2309/2309/2309
f 2295/2295/2295 2309/2309/2309 2297/2297/2297
f 2286/2286/2286 2287/2287/2287 2299/2299/2299
f 2286/2286/2286 2299/2299/2299 2298/2298/2298
f 2442/2442/2442 2296/2296/2296 2308/2308/2308
f 2443/2443/2443 2309/2309/2309 2297/2297/2297
f 2298/2298/2298 2300/2300/2300 2312/2312/2312
f 2298/2298/2298 2312/2312/2312 2310/2310/2310
f 2300/2300/2300 2302/2302/2302 2314/2314/2314
f 2300/2300/2300 2314/2314/2314 2312/2312/2312
f 2302/2302/2302 2304/2304/2304 2316/2316/2316
f 2302/2302/2302 2316/2316/2316 2314/2314/2314
f 2304/2304/2304 2306/2306/2306 2318/2318/2318
f 2304/2304/2304 2318/2318/2318 2316/2316/2316
f 2306/2306/2306 2308/2308/2308 2320/2320/2320
f 2306/2306/2306 2320/2320/2320 2318/2318/2318
f 2299/2299/2299 2311/2311/2311 2313/2313/2313
f 2299/2299/2299 2313/2313/2313 2301/2301/2301
f 2301/2301/2301 2313/2313/2313 2315/2315/2315
f 2301/2301/2301 2315/2315/2315 2303/2303/2303
f 2303/2303/2303 2315/2315/2315 2317/2317/2317
f 2303/2303/2303 2317/2317/2317 2305/2305/2305
f 2305/2305/2305 2317/2317/2317 2319/2319/2319
f 2305/2305/2305 2319/2319/2319 2307/2307/2307
f 2307/2307/2307 2319/2319/2319 2321/2321/2321
f 2307/2307/2307 2321/2321/2321 2309/2309/2309
f 2298/2298/2298 2299/2299/2299 2311/2311/2311
f 2298/2298/2298 2311/2311/2311 2310/2310/2310
f 2442/2442/2442 2308/2308/2308 2320/2320/2320
f 2443/2443/2443 2321/2321/2321 2309/2309/2309
f 2310/2310/2310 2312/2312/2312 2324/2324/2324
f 2310/2310/2310 2324/2324/2324 2322/2322/2322
f 2312/2312/2312 2314/2314/2314 2326/2326/2326
f 2312/2312/2312 2326/2326/2326 2324/2324/2324
f 2314/2314/2314 2316/2316/2316 2328/2328/2328
f 2314/2314/2314 2328/2328/2328 2326/2326/2326
f 2316/2316/2316 2318/2318/2318 2330/2330/2330
f 2316/2316/2316 2330/2330/2330 2328/2328/2328
f 2318/2318/2318 2320/2320/2320 2332/2332/2332
f 2318/2318/2318 2332/2332/2332 2330/2330/2330
f 2311/2311/2311 2323/2323/2323 2325/2325/2325
f 2311/2311/2311 2325/2325/2325 2313/2313/2313
f 2313/2313/2313 2325/2325/2325 2327/2327/2327
f 2313/2313/2313 2327/2327/2327 2315/2315/2315
f 2315/2315/2315 2327/2327/2327 2329/2329/2329
f 2315/2315/2315 2329/2329/2329 2317/2317/2317
f 2317/2317/2317 2329/2329/2329 2331/2331/2331
f 2317/2317/2317 2331/2331/2331 2319/2319/2319
f 2319/2319/2319 2331/2331/2331 2333/2333/2333
f 2319/2319/2319 2333/2333/2333 2321/2321/2321
f 2310/2310/2310 2311/2311/2311 2323/2323/2323
f 2310/2310/2310 2323/2323/2323 2322/2322/2322
f 2442/2442/2442 2320/2320/2320 2332/2332/2332
f 2443/2443/2443 2333/2333/2333 2321/2321/2321
f 2322/2322/2322 2324/2324/2324 2336/2336/2336
f 2322/2322/2322 2336/2336/2336 2334/2334/2334
f 2324/2324/2324 2326/2326/2326 2338/2338/2338
f 2324/2324/2324 2338/2338/2338 2336/2336/2336
f 2326/2326/2326 2328/2328/2328 2340/2340/2340
f 2326/2326/2326 2340/2340/2340 2338/2338/2338
f 2328/2328/2328 2330/2330/2330 2342/2342/2342
f 2328/2328/2328 2342/2342/2342 2340/2340/2340
f 2330/2330/2330 2332/2332/2332 2344/2344/2344
f 2330/2330/2330 2344/2344/2344 2342/2342/2342
f 2323/2323/2323 2335/2335/2335 2337/2337/2337
f 2323/2323/2323 2337/2337/2337 2325/2325/2325
f 2325/2325/2325 2337/2337/2337 2339/2339/2339
f 2325/2325/2325 2339/2339/2339 2327/2327/2327
f 2327/2327/2327 2339/2339/2339 2341/2341/2341
f 2327/2327/2327 2341/2341/2341 2329/2329/2329
f 2329/2329/2329 2341/2341/2341 2343/2343/2343
f 2329/2329/2329 2343/2343/2343 2331/2331/2331
f 2331/2331/2331 2343/2343/2343 2345/2345/2345
f 2331/2331/2331 2345/2345/2345 2333/2333/2333
f 2322/2322/2322 2323/2323/2323 2335/2335/2335
f 2322/2322/2322 2335/2335/2335 2334/2334/2334
f 2442/2442/2442 2332/2332/2332 2344/2344/2344
f 2443/2443/2443 2345/2345/2345 2333/2333/2333
f 2334/2334/2334 2336/2336/2336 2348/2348/2348
f 2334/2334/2334 2348/2348/2348 2346/2346/2346
f 2336/2336/2336 2338/2338/2338 2350/2350/2350
f 2336/2336/2336 2350/2350/2350 2348/2348/2348
f 2338/2338/2338 2340/2340/2340 2352/2352/2352
f 2338/2338/2338 2352/2352/2352 2350/2350/2350
f 2340/2340/2340 2342/2342/2342 2354/2354/2354
f 2340/2340/2340 2354/2354/2354 2352/2352/2352
f 2342/2342/2342 2344/2344/2344 2356/2356/2356
f 2342/2342/2342 2356/2356/2356 2354/2354/2354
f 2335/2335/2335 2347/2347/2347 2349/2349/2349
f 2335/2335/2335 2349/2349/2349 2337/2337/2337
f 2337/2337/2337 2349/2349/2349 2351/2351/2351
f 2337/2337/2337 2351/2351/2351 2339/2339/2339
f 2339/2339/2339 2351/2351/2351 2353/2353/2353
f 2339/2339/2339 2353/2353/2353 2341/2341/2341
f 2341/2341/2341 2353/2353/2353 2355/2355/2355
f 2341/2341/2341 2355/2355/2355 2343/2343/2343
f 2343/2343/2343 2355/2355/2355 2357/2357/2357
f 2343/2343/2343 2357/2357/2357 2345/2345/2345
f 2334/2334/2334 2335/2335/2335 2347/2347/2347
f 2334/2334/2334 2347/2347/2347 2346/2346/2346
f 2442/2442/2442 2344/2344/2344 2356/2356/2356
f 2443/2443/2443 2357/2357/2357 2345/2345/2345
f 2346/2346/2346 2348/2348/2348 2360/2360/2360
f 2346/2346/2346 2360/2360/2360 2358/2358/2358
f 2348/2348/2348 2350/2350/2350 2362/2362/2362
f 2348/2348/2348 2362/2362/2362 2360/2360/2360
f 2350/2350/2350 2352/2352/2352 2364/2364/2364
f 2350/2350/2350 2364/2364/2364 2362/2362/2362
f 2352/2352/2352 2354/2354/2354 2366/2366/2366
f 2352/2352/2352 2366/2366/2366 2364/2364/2364
f 2354/2354/2354 2356/2356/2356 2368/2368/2368
f 2354/2354/2354 2368/2368/2368 2366/2366/2366
f 2347/2347/2347 2359/2359/2359 2361/2361/2361
f 2347/2347/2347 2361/2361/2361 2349/2349/2349
f 2349/2349/2349 2361/2361/2361 2363/2363/2363
f 2349/2349/2349 2363/2363/2363 2351/2351/2351
f 2351/2351/2351 2363/2363/2363 2365/2365/2365
f 2351/2351/2351 2365/2365/2365 2353/2353/2353
f 2353/2353/2353 2365/2365/2365 2367/2367/2367
f 2353/2353/2353 2367/2367/2367 2355/2355/2355
f 2355/2355/2355 2367/2367/2367 2369/2369/2369
f 2355/2355/2355 2369/2369/2369 2357/2357/2357
f 2346/2346/2346 2347/2347/2347 2359/2359/2359
f 2346/2346/2346 2359/2359/2359 2358/2358/2358
f 2442/2442/2442 2356/2356/2356 2368/2368/2368
f 2443/2443/2443 2369/2369/2369 2357/2357/2357
f 2358/2358/2358 2360/2360/2360 2372/2372/2372
f 2358/2358/2358 2372/2372/2372 2370/2370/2370
f 2360/2360/2360 2362/2362/2362 2374/2374/2374
f 2360/2360/2360 2374/2374/2374 2372/2372/2372
f 2362/2362/2362 2364/2364/2364 2376/2376/2376
f 2362/2362/2362 2376/2376/2376 2374/2374/2374
f 2364/2364/2364 2366/2366/2366 2378/2378/2378
f 2364/2364/2364 2378/2378/2378 2376/2376/2376
f 2366/2366/2366 2368/2368/2368 2380/2380/2380
f 2366/2366/2366 2380/2380/2380 2378/2378/2378
f 2359/2359/2359 2371/2371/2371 2373/2373/2373
f 2359/2359/2359 2373/2373/2373 2361/2361/2361
f 2361/2361/2361 2373/2373/2373 2375/2375/2375
f 2361/2361/2361 2375/2375/2375 2363/2363/2363
f 2363/2363/2363 2375/2375/2375 2377/2377/2377
f 2363/2363/2363 2377/2377/2377 2365/2365/2365
f 2365/2365/2365 2377/2377/2377 2379/2379/2379
f 2365/2365/2365 2379/2379/2379 2367/2367/2367
f 2367/2367/2367 2379/2379/2379 2381/2381/2381
f 2367/2367/2367 2381/2381/2381 2369/2369/2369
f 2358/2358/2358 2359/2359/2359 2371/2371/2371
f 2358/2358/2358 2371/2371/2371 2370/2370/2370
f 2442/2442/2442 2368/2368/2368 2380/2380/2380
f 2443/2443/2443 2381/2381/2381 2369/2369/2369
f 2370/2370/2370 2372/2372/2372 2384/2384/2384
f 2370/2370/2370 2384/2384/2384 2382/2382/2382
f 2372/2372/2372 2374/2374/2374 2386/2386/2386
f 2372/2372/2372 2386/2386/2386 2384/2384/2384
f 2374/2374/2374 2376/2376/2376 2388/2388/2388
f 2374/2374/2374 2388/2388/2388 2386/2386/2386
f 2376/2376/2376 2378/2378/2378 2390/2390/2390
f 2376/2376/2376 2390/2390/2390 2388/2388/2388
f 2378/2378/2378 2380/2380/2380 2392/2392/2392
f 2378/2378/2378 2392/2392/2392 2390/2390/2390
f 2371/2371/2371 2383/2383/2383 2385/2385/2385
f 2371/2371/2371 2385/2385/2385 2373/2373/2373
f 2373/2373/2373 2385/2385/2385 2387/2387/2387
f 2373/2373/2373 2387/2387/2387 2375/2375/2375
f 2375/2375/2375 2387/2387/2387 2389/2389/2389
f 2375/2375/2375 2389/2389/2389 2377/2377/2377
f 2377/2377/2377 2389/2389/2389 2391/2391/2391
f 2377/2377/2377 2391/2391/2391 2379/2379/2379
f 2379/2379/2379 2391/2391/2391 2393/2393/2393
f 2379/2379/2379 2393/2393/2393 2381/2381/2381
f 2370/2370/2370 2371/2371/2371 2383/2383/2383
f 2370/2370/2370 2383/2383/2383 2382/2382/2382
f 2442/2442/2442 2380/2380/2380 2392/2392/2392
f 2443/2443/2443 2393/2393/2393 2381/2381/2381
f 2382/2382/2382 2384/2384/2384 2396/2396/2396
f 2382/2382/2382 2396/2396/2396 2394/2394/2394
f 2384/2384/2384 2386/2386/2386 2398/2398/2398
f 2384/2384/2384 2398/2398/2398 2396/2396/2396
f 2386/2386/2386 2388/2388/2388 2400/2400/2400
f 2386/2386/2386 2400/2400/2400 2398/2398/2398
f 2388/2388/2388 2390/2390/2390 2402/2402/2402
f 2388/2388/2388 2402/2402/2402 2400/2400/2400
f 2390/2390/2390 2392/2392/2392 2404/2404/2404
f 2390/2390/2390 2404/2404/2404 2402/2402/2402
f 2383/2383/2383 2395/2395/2395 2397/2397/2397
f 2383/2383/2383 2397/2397/2397 2385/2385/2385
f 2385/2385/2385 2397/2397/2397 2399/2399/2399
f 2385/2385/2385 2399/2399/2399 2387/2387/2387
f 2387/2387/2387 2399/2399/2399 2401/2401/2401
f 2387/2387/2387 2401/2401/2401 2389/2389/2389
f 2389/2389/2389 2401/2401/2401 2403/2403/2403
f 2389/2389/2389 2403/2403/2403 2391/2391/2391
f 2391/2391/2391 2403/2403/2403 2405/2405/2405
f 2391/2391/2391 2405/2405/2405 2393/2393/2393
f 2382/2382/2382 2383/2383/2383 2395/2395/2395
f 2382/2382/2382 2395/2395/2395 2394/2394/2394
f 2442/2442/2442 2392/2392/2392 2404/2404/2404
f 2443/2443/2443 2405/2405/2405 2393/2393/2393
f 2394/2394/2394 2396/2396/2396 2408/2408/2408
f 2394/2394/2394 2408/2408/2408 2406/2406/2406
f 2396/2396/2396 2398/2398/2398 2410/2410/2410
f 2396/2396/2396 2410/2410/2410 2408/2408/2408
f 2398/2398/2398 2400/2400/2400 2412/2412/2412
f 2398/2398/2398 2412/2412/2412 2410/2410/2410
f 2400/2400/2400 2402/2402/2402 2414/2414/2414
f 2400/2400/2400 2414/2414/2414 2412/2412/2412
f 2402/2402/2402 2404/2404/2404 2416/2416/2416
f 2402/2402/2402 2416/2416/2416 2414/2414/2414
f 2395/2395/2395 2407/2407/2407 2409/2409/2409
f 2395/2395/2395 2409/2409/2409 2397/2397/2397
f 2397/2397/2397 2409/2409/2409 2411/2411/2411
f 2397/2397/2397 2411/2411/2411 2399/2399/2399
f 2399/2399/2399 2411/2411/2411 2413/2413/2413
f 2399/2399/2399 2413/2413/2413 2401/2401/2401
f 2401/2401/2401 2413/2413/2413 2415/2415/2415
f 2401/2401/2401 2415/2415/2415 2403/2403/2403
f 2403/2403/2403 2415/2415/2415 2417/2417/2417
f 2403/2403/2403 2417/2417/2417 2405/2405/2405
f 2394/2394/2394 2395/2395/2395 2407/2407/2407
f 2394/2394/2394 2407/2407/2407 2406/2406/2406
f 2442/2442/2442 2404/2404/2404 2416/2416/2416
f 2443/2443/2443 2417/2417/2417 2405/2405/2405
f 2406/2406/2406 2408/2408/2408 2420/2420/2420
f 2406/2406/2406 2420/2420/2420 2418/2418/2418
f 2408/2408/2408 2410/2410/2410 2422/2422/2422
f 2408/2408/2408 2422/2422/2422 2420/2420/2420
f 2410/2410/2410 2412/2412/2412 2424/2424/2424
f 2410/2410/2410 2424/2424/2424 2422/2422/2422
f 2412/2412/2412 2414/2414/2414 2426/2426/2426
f 2412/2412/2412 2426/2426/2426 2424/2424/2424
f 2414/2414/2414 2416/2416/2416 2428/2428/2428
f 2414/2414/2414 2428/2428/2428 2426/2426/2426
f 2407/2407/2407 2419/2419/2419 2421/2421/2421
f 2407/2407/2407 2421/2421/2421 2409/2409/2409
f 2409/2409/2409 2421/2421/2421 2423/2423/2423
f 2409/2409/2409 2423/2423/2423 2411/2411/2411
f 2411/2411/2411 2423/2423/2423 2425/2425/2425
f 2411/2411/2411 2425/2425/2425 2413/2413/2413
f 2413/2413/2413 2425/2425/2425 2427/2427/2427
f 2413/2413/2413 2427/2427/2427 2415/2415/2415
f 2415/2415/2415 2427/2427/2427 2429/2429/2429
f 2415/2415/2415 2429/2429/2429 2417/2417/2417
f 2406/2406/2406 2407/2407/2407 2419/2419/2419
f 2406/2406/2406 2419/2419/2419 2418/2418/2418
f 2442/2442/2442 2416/2416/2416 2428/2428/2428
f 2443/2443/2443 2429/2429/2429 2417/2417/2417
f 2418/2418/2418 2420/2420/2420 2432/2432/2432
f 2418/2418/2418 2432/2432/2432 2430/2430/2430
f 2420/2420/2420 2422/2422/2422 2434/2434/2434
f 2420/2420/2420 2434/2434/2434 2432/2432/2432
f 2422/2422/2422 2424/2424/2424 2436/2436/2436
f 2422/2422/2422 2436/2436/2436 2434/2434/2434
f 2424/2424/2424 2426/2426/2426 2438/2438/2438
f 2424/2424/2424 2438/2438/2438 2436/2436/2436
f 2426/2426/2426 2428/2428/2428 2440/2440/2440
f 2426/2426/2426 2440/2440/2440 2438/2438/2438
f 2419/2419/2419 2431/2431/2431 2433/2433/2433
f 2419/2419/2419 2433/2433/2433 2421/2421/2421
f 2421/2421/2421 2433/2433/2433 2435/2435/2435
f 2421/2421/2421 2435/2435/2435 2423/2423/2423
f 2423/2423/2423 2435/2435/2435 2437/2437/2437
f 2423/2423/2423 2437/2437/2437 2425/2425/2425
f 2425/2425/2425 2437/2437/2437 2439/2439/2439
f 2425/2425/2425 2439/2439/2439 2427/2427/2427
f 2427/2427/2427 2439/2439/2439 2441/2441/2441
f 2427/2427/2427 2441/2441/2441 2429/2429/2429
f 2418/2418/2418 2419/2419/2419 2431/2431/2431
f 2418/2418/2418 2431/2431/2431 2430/2430/2430
f 2442/2442/2442 2428/2428/2428 2440/2440/2440
f 2443/2443/2443 2441/2441/2441 2429/2429/2429
f 2430/2430/2430 2432/2432/2432 2156/2156/2156
f 2430/2430/2430 2156/2156/2156 2154/2154/2154
f 2432/2432/2432 2434/2434/2434 2158/2158/2158
f 2432/2432/2432 2158/2158/2158 2156/2156/2156
f 2434/2434/2434 2436/2436/2436 2160/2160/2160
f 2434/2434/2434 2160/2160/2160 2158/2158/2158
f 2436/2436/2436 2438/2438/2438 2162/2162/2162
f 2436/2436/2436 2162/2162/2162 2160/2160/2160
f 2438/2438/2438 2440/2440/2440 2164/2164/2164
f 2438/2438/2438 2164/2164/2164 2162/2162/2162
f 2431/2431/2431 2155/2155/2155 2157/2157/2157
f 2431/2431/2431 2157/2157/2157 2433/2433/2433
f 2433/2433/2433 2157/2157/2157 2159/2159/2159
f 2433/2433/2433 2159/2159/2159 2435/2435/2435
f 2435/2435/2435 2159/2159/2159 2161/2161/2161
f 2435/2435/2435 2161/2161/2161 2437/2437/2437
f 2437/2437/2437 2161/2161/2161 2163/2163/2163
f 2437/2437/2437 2163/2163/2163 2439/2439/2439
f 2439/2439/2439 2163/2163/2163 2165/2165/2165
f 2439/2439/2439 2165/2165/2165 2441/2441/2441
f 2430/2430/2430 2431/2431/2431 2155/2155/2155
f 2430/2430/2430 2155/2155/2155 2154/2154/2154
f 2442/2442/2442 2440/2440/2440 2164/2164/2164
f 2443/2443/2443 2165/2165/2165 2441/2441/2441

g Interior_Dashboard
usemtl Mat_Cockpit_Cluster
v -1.0810 1.1376 4.9500
v -1.1006 1.4343 4.9500
v -1.1006 1.6322 4.9500
v -0.8353 1.7014 4.9500
v -0.3931 1.7014 4.9500
v -0.0983 1.6619 4.9500
v -0.0786 1.1376 4.9500
v -1.0743 1.1332 5.0500
v -1.0938 1.4288 5.0500
v -1.0938 1.6259 5.0500
v -0.8302 1.6949 5.0500
v -0.3907 1.6949 5.0500
v -0.0977 1.6555 5.0500
v -0.0781 1.1332 5.0500
v -1.0670 1.1284 5.1500
v -1.0864 1.4228 5.1500
v -1.0864 1.6191 5.1500
v -0.8245 1.6878 5.1500
v -0.3880 1.6878 5.1500
v -0.0970 1.6485 5.1500
v -0.0776 1.1284 5.1500
v -1.0591 1.1233 5.2500
v -1.0784 1.4163 5.2500
v -1.0784 1.6117 5.2500
v -0.8184 1.6800 5.2500
v -0.3851 1.6800 5.2500
v -0.0963 1.6410 5.2500
v -0.0770 1.1233 5.2500
v -1.0507 1.1178 5.3500
v -1.0698 1.4093 5.3500
v -1.0698 1.6037 5.3500
v -0.8119 1.6718 5.3500
v -0.3821 1.6718 5.3500
v -0.0955 1.6329 5.3500
v -0.0764 1.1178 5.3500
v -1.0417 1.1119 5.4500
v -1.0606 1.4020 5.4500
v -1.0606 1.5953 5.4500
v -0.8049 1.6630 5.4500
v -0.3788 1.6630 5.4500
v -0.0947 1.6243 5.4500
v -0.0758 1.1119 5.4500
v -1.0323 1.1057 5.5500
v -1.0510 1.3942 5.5500
v -1.0510 1.5865 5.5500
v -0.7976 1.6538 5.5500
v -0.3754 1.6538 5.5500
v -0.0938 1.6153 5.5500
v -0.0751 1.1057 5.5500
v -1.0223 1.0993 5.6500
v -1.0409 1.3860 5.6500
v -1.0409 1.5772 5.6500
v -0.7900 1.6441 5.6500
v -0.3718 1.6441 5.6500
v -0.0929 1.6059 5.6500
v -0.0744 1.0993 5.6500
v -1.0120 1.0925 5.7500
v -1.0304 1.3775 5.7500
v -1.0304 1.5675 5.7500
v -0.7820 1.6340 5.7500
v -0.3680 1.6340 5.7500
v -0.0920 1.5960 5.7500
v -0.0736 1.0925 5.7500
v 0.0000 1.8000 5.7500
v 0.0000 1.8000 4.9500
vn -0.7070 -0.7070 0.0000
vn -0.7070 -0.7070 0.0000
vn -0.7070 -0.7070 0.0000
vn -0.7070 -0.7070 0.0000
vn -0.7070 -0.7070 0.0000
vn -0.7070 -0.7070 0.0000
vn -0.7070 -0.7070 0.0000
vn -0.7070 -0.7070 0.0000
vn -0.7070 -0.7070 0.0000
vn -0.7070 -0.7070 0.0000
vn -0.7070 -0.7070 0.0000
vn -0.7070 -0.7070 0.0000
vn -0.7070 -0.7070 0.0000
vn -0.7070 -0.7070 0.0000
vn -0.7070 -0.7070 0.0000
vn -0.7070 -0.7070 0.0000
vn -0.7070 -0.7070 0.0000
vn -0.7070 -0.7070 0.0000
vn -0.7070 -0.7070 0.0000
vn -0.7070 -0.7070 0.0000
vn -0.7070 -0.7070 0.0000
vn -0.7070 -0.7070 0.0000
vn -0.7070 -0.7070 0.0000
vn -0.7070 -0.7070 0.0000
vn -0.7070 -0.7070 0.0000
vn -0.7070 -0.7070 0.0000
vn -0.7070 -0.7070 0.0000
vn -0.7070 -0.7070 0.0000
vn -0.7070 -0.7070 0.0000
vn -0.7070 -0.7070 0.0000
vn -0.7070 -0.7070 0.0000
vn -0.7070 -0.7070 0.0000
vn -0.7070 -0.7070 0.0000
vn -0.7070 -0.7070 0.0000
vn -0.7070 -0.7070 0.0000
vn -0.7070 -0.7070 0.0000
vn -0.7070 -0.7070 0.0000
vn -0.7070 -0.7070 0.0000
vn -0.7070 -0.7070 0.0000
vn -0.7070 -0.7070 0.0000
vn -0.7070 -0.7070 0.0000
vn -0.7070 -0.7070 0.0000
vn -0.7070 -0.7070 0.0000
vn -0.7070 -0.7070 0.0000
vn -0.7070 -0.7070 0.0000
vn -0.7070 -0.7070 0.0000
vn -0.7070 -0.7070 0.0000
vn -0.7070 -0.7070 0.0000
vn -0.7070 -0.7070 0.0000
vn -0.7070 -0.7070 0.0000
vn -0.7070 -0.7070 0.0000
vn -0.7070 -0.7070 0.0000
vn -0.7070 -0.7070 0.0000
vn -0.7070 -0.7070 0.0000
vn -0.7070 -0.7070 0.0000
vn -0.7070 -0.7070 0.0000
vn -0.7070 -0.7070 0.0000
vn -0.7070 -0.7070 0.0000
vn -0.7070 -0.7070 0.0000
vn -0.7070 -0.7070 0.0000
vn -0.7070 -0.7070 0.0000
vn -0.7070 -0.7070 0.0000
vn -0.7070 -0.7070 0.0000
vn 0.0000 0.0000 1.0000
vn 0.0000 0.0000 -1.0000
vt 0.0000 0.0000
vt 0.1429 0.0000
vt 0.2857 0.0000
vt 0.4286 0.0000
vt 0.5714 0.0000
vt 0.7143 0.0000
vt 0.8571 0.0000
vt 0.0000 0.1250
vt 0.1429 0.1250
vt 0.2857 0.1250
vt 0.4286 0.1250
vt 0.5714 0.1250
vt 0.7143 0.1250
vt 0.8571 0.1250
vt 0.0000 0.2500
vt 0.1429 0.2500
vt 0.2857 0.2500
vt 0.4286 0.2500
vt 0.5714 0.2500
vt 0.7143 0.2500
vt 0.8571 0.2500
vt 0.0000 0.3750
vt 0.1429 0.3750
vt 0.2857 0.3750
vt 0.4286 0.3750
vt 0.5714 0.3750
vt 0.7143 0.3750
vt 0.8571 0.3750
vt 0.0000 0.5000
vt 0.1429 0.5000
vt 0.2857 0.5000
vt 0.4286 0.5000
vt 0.5714 0.5000
vt 0.7143 0.5000
vt 0.8571 0.5000
vt 0.0000 0.6250
vt 0.1429 0.6250
vt 0.2857 0.6250
vt 0.4286 0.6250
vt 0.5714 0.6250
vt 0.7143 0.6250
vt 0.8571 0.6250
vt 0.0000 0.7500
vt 0.1429 0.7500
vt 0.2857 0.7500
vt 0.4286 0.7500
vt 0.5714 0.7500
vt 0.7143 0.7500
vt 0.8571 0.7500
vt 0.0000 0.8750
vt 0.1429 0.8750
vt 0.2857 0.8750
vt 0.4286 0.8750
vt 0.5714 0.8750
vt 0.7143 0.8750
vt 0.8571 0.8750
vt 0.0000 1.0000
vt 0.1429 1.0000
vt 0.2857 1.0000
vt 0.4286 1.0000
vt 0.5714 1.0000
vt 0.7143 1.0000
vt 0.8571 1.0000
vt 0.5000 0.5000
vt 0.5000 0.5000
f 2444/2444/2444 2445/2445/2445 2452/2452/2452
f 2444/2444/2444 2452/2452/2452 2451/2451/2451
f 2445/2445/2445 2446/2446/2446 2453/2453/2453
f 2445/2445/2445 2453/2453/2453 2452/2452/2452
f 2446/2446/2446 2447/2447/2447 2454/2454/2454
f 2446/2446/2446 2454/2454/2454 2453/2453/2453
f 2447/2447/2447 2448/2448/2448 2455/2455/2455
f 2447/2447/2447 2455/2455/2455 2454/2454/2454
f 2448/2448/2448 2449/2449/2449 2456/2456/2456
f 2448/2448/2448 2456/2456/2456 2455/2455/2455
f 2449/2449/2449 2450/2450/2450 2457/2457/2457
f 2449/2449/2449 2457/2457/2457 2456/2456/2456
f 2450/2450/2450 2444/2444/2444 2451/2451/2451
f 2450/2450/2450 2451/2451/2451 2457/2457/2457
f 2451/2451/2451 2452/2452/2452 2459/2459/2459
f 2451/2451/2451 2459/2459/2459 2458/2458/2458
f 2452/2452/2452 2453/2453/2453 2460/2460/2460
f 2452/2452/2452 2460/2460/2460 2459/2459/2459
f 2453/2453/2453 2454/2454/2454 2461/2461/2461
f 2453/2453/2453 2461/2461/2461 2460/2460/2460
f 2454/2454/2454 2455/2455/2455 2462/2462/2462
f 2454/2454/2454 2462/2462/2462 2461/2461/2461
f 2455/2455/2455 2456/2456/2456 2463/2463/2463
f 2455/2455/2455 2463/2463/2463 2462/2462/2462
f 2456/2456/2456 2457/2457/2457 2464/2464/2464
f 2456/2456/2456 2464/2464/2464 2463/2463/2463
f 2457/2457/2457 2451/2451/2451 2458/2458/2458
f 2457/2457/2457 2458/2458/2458 2464/2464/2464
f 2458/2458/2458 2459/2459/2459 2466/2466/2466
f 2458/2458/2458 2466/2466/2466 2465/2465/2465
f 2459/2459/2459 2460/2460/2460 2467/2467/2467
f 2459/2459/2459 2467/2467/2467 2466/2466/2466
f 2460/2460/2460 2461/2461/2461 2468/2468/2468
f 2460/2460/2460 2468/2468/2468 2467/2467/2467
f 2461/2461/2461 2462/2462/2462 2469/2469/2469
f 2461/2461/2461 2469/2469/2469 2468/2468/2468
f 2462/2462/2462 2463/2463/2463 2470/2470/2470
f 2462/2462/2462 2470/2470/2470 2469/2469/2469
f 2463/2463/2463 2464/2464/2464 2471/2471/2471
f 2463/2463/2463 2471/2471/2471 2470/2470/2470
f 2464/2464/2464 2458/2458/2458 2465/2465/2465
f 2464/2464/2464 2465/2465/2465 2471/2471/2471
f 2465/2465/2465 2466/2466/2466 2473/2473/2473
f 2465/2465/2465 2473/2473/2473 2472/2472/2472
f 2466/2466/2466 2467/2467/2467 2474/2474/2474
f 2466/2466/2466 2474/2474/2474 2473/2473/2473
f 2467/2467/2467 2468/2468/2468 2475/2475/2475
f 2467/2467/2467 2475/2475/2475 2474/2474/2474
f 2468/2468/2468 2469/2469/2469 2476/2476/2476
f 2468/2468/2468 2476/2476/2476 2475/2475/2475
f 2469/2469/2469 2470/2470/2470 2477/2477/2477
f 2469/2469/2469 2477/2477/2477 2476/2476/2476
f 2470/2470/2470 2471/2471/2471 2478/2478/2478
f 2470/2470/2470 2478/2478/2478 2477/2477/2477
f 2471/2471/2471 2465/2465/2465 2472/2472/2472
f 2471/2471/2471 2472/2472/2472 2478/2478/2478
f 2472/2472/2472 2473/2473/2473 2480/2480/2480
f 2472/2472/2472 2480/2480/2480 2479/2479/2479
f 2473/2473/2473 2474/2474/2474 2481/2481/2481
f 2473/2473/2473 2481/2481/2481 2480/2480/2480
f 2474/2474/2474 2475/2475/2475 2482/2482/2482
f 2474/2474/2474 2482/2482/2482 2481/2481/2481
f 2475/2475/2475 2476/2476/2476 2483/2483/2483
f 2475/2475/2475 2483/2483/2483 2482/2482/2482
f 2476/2476/2476 2477/2477/2477 2484/2484/2484
f 2476/2476/2476 2484/2484/2484 2483/2483/2483
f 2477/2477/2477 2478/2478/2478 2485/2485/2485
f 2477/2477/2477 2485/2485/2485 2484/2484/2484
f 2478/2478/2478 2472/2472/2472 2479/2479/2479
f 2478/2478/2478 2479/2479/2479 2485/2485/2485
f 2479/2479/2479 2480/2480/2480 2487/2487/2487
f 2479/2479/2479 2487/2487/2487 2486/2486/2486
f 2480/2480/2480 2481/2481/2481 2488/2488/2488
f 2480/2480/2480 2488/2488/2488 2487/2487/2487
f 2481/2481/2481 2482/2482/2482 2489/2489/2489
f 2481/2481/2481 2489/2489/2489 2488/2488/2488
f 2482/2482/2482 2483/2483/2483 2490/2490/2490
f 2482/2482/2482 2490/2490/2490 2489/2489/2489
f 2483/2483/2483 2484/2484/2484 2491/2491/2491
f 2483/2483/2483 2491/2491/2491 2490/2490/2490
f 2484/2484/2484 2485/2485/2485 2492/2492/2492
f 2484/2484/2484 2492/2492/2492 2491/2491/2491
f 2485/2485/2485 2479/2479/2479 2486/2486/2486
f 2485/2485/2485 2486/2486/2486 2492/2492/2492
f 2486/2486/2486 2487/2487/2487 2494/2494/2494
f 2486/2486/2486 2494/2494/2494 2493/2493/2493
f 2487/2487/2487 2488/2488/2488 2495/2495/2495
f 2487/2487/2487 2495/2495/2495 2494/2494/2494
f 2488/2488/2488 2489/2489/2489 2496/2496/2496
f 2488/2488/2488 2496/2496/2496 2495/2495/2495
f 2489/2489/2489 2490/2490/2490 2497/2497/2497
f 2489/2489/2489 2497/2497/2497 2496/2496/2496
f 2490/2490/2490 2491/2491/2491 2498/2498/2498
f 2490/2490/2490 2498/2498/2498 2497/2497/2497
f 2491/2491/2491 2492/2492/2492 2499/2499/2499
f 2491/2491/2491 2499/2499/2499 2498/2498/2498
f 2492/2492/2492 2486/2486/2486 2493/2493/2493
f 2492/2492/2492 2493/2493/2493 2499/2499/2499
f 2493/2493/2493 2494/2494/2494 2501/2501/2501
f 2493/2493/2493 2501/2501/2501 2500/2500/2500
f 2494/2494/2494 2495/2495/2495 2502/2502/2502
f 2494/2494/2494 2502/2502/2502 2501/2501/2501
f 2495/2495/2495 2496/2496/2496 2503/2503/2503
f 2495/2495/2495 2503/2503/2503 2502/2502/2502
f 2496/2496/2496 2497/2497/2497 2504/2504/2504
f 2496/2496/2496 2504/2504/2504 2503/2503/2503
f 2497/2497/2497 2498/2498/2498 2505/2505/2505
f 2497/2497/2497 2505/2505/2505 2504/2504/2504
f 2498/2498/2498 2499/2499/2499 2506/2506/2506
f 2498/2498/2498 2506/2506/2506 2505/2505/2505
f 2499/2499/2499 2493/2493/2493 2500/2500/2500
f 2499/2499/2499 2500/2500/2500 2506/2506/2506
f 2507/2507/2507 2500/2500/2507 2501/2501/2507
f 2507/2507/2507 2501/2501/2507 2502/2502/2507
f 2507/2507/2507 2502/2502/2507 2503/2503/2507
f 2507/2507/2507 2503/2503/2507 2504/2504/2507
f 2507/2507/2507 2504/2504/2507 2505/2505/2507
f 2507/2507/2507 2505/2505/2507 2506/2506/2507
f 2507/2507/2507 2506/2506/2507 2500/2500/2507
f 2508/2508/2508 2445/2445/2508 2444/2444/2508
f 2508/2508/2508 2446/2446/2508 2445/2445/2508
f 2508/2508/2508 2447/2447/2508 2446/2446/2508
f 2508/2508/2508 2448/2448/2508 2447/2447/2508
f 2508/2508/2508 2449/2449/2508 2448/2448/2508
f 2508/2508/2508 2450/2450/2508 2449/2449/2508
f 2508/2508/2508 2444/2444/2508 2450/2450/2508

g Interior_SteeringWheel
usemtl Mat_Interior_Trim
v -0.5700 1.6500 5.3900
v -0.6300 1.6500 5.3900
v -0.5715 1.6500 5.3804
v -0.6285 1.6500 5.3804
v -0.5754 1.6500 5.3372
v -0.6246 1.6500 5.3372
v -0.5820 1.6500 5.3276
v -0.6180 1.6500 5.3276
v -0.5895 1.6500 5.2580
v -0.6105 1.6500 5.2580
v -0.5880 1.6500 5.2172
v -0.6120 1.6500 5.2172
v -0.5700 1.7700 5.3578
v -0.6300 1.7700 5.3578
v -0.5715 1.7652 5.3495
v -0.6285 1.7652 5.3495
v -0.5754 1.7436 5.3121
v -0.6246 1.7436 5.3121
v -0.5820 1.7388 5.3038
v -0.6180 1.7388 5.3038
v -0.5895 1.7040 5.2435
v -0.6105 1.7040 5.2435
v -0.5880 1.6836 5.2082
v -0.6120 1.6836 5.2082
v -0.5700 1.8578 5.2700
v -0.6300 1.8578 5.2700
v -0.5715 1.8495 5.2652
v -0.6285 1.8495 5.2652
v -0.5754 1.8121 5.2436
v -0.6246 1.8121 5.2436
v -0.5820 1.8038 5.2388
v -0.6180 1.8038 5.2388
v -0.5895 1.7435 5.2040
v -0.6105 1.7435 5.2040
v -0.5880 1.7082 5.1836
v -0.6120 1.7082 5.1836
v -0.5700 1.8900 5.1500
v -0.6300 1.8900 5.1500
v -0.5715 1.8804 5.1500
v -0.6285 1.8804 5.1500
v -0.5754 1.8372 5.1500
v -0.6246 1.8372 5.1500
v -0.5820 1.8276 5.1500
v -0.6180 1.8276 5.1500
v -0.5895 1.7580 5.1500
v -0.6105 1.7580 5.1500
v -0.5880 1.7172 5.1500
v -0.6120 1.7172 5.1500
v -0.5700 1.8578 5.0300
v -0.6300 1.8578 5.0300
v -0.5715 1.8495 5.0348
v -0.6285 1.8495 5.0348
v -0.5754 1.8121 5.0564
v -0.6246 1.8121 5.0564
v -0.5820 1.8038 5.0612
v -0.6180 1.8038 5.0612
v -0.5895 1.7435 5.0960
v -0.6105 1.7435 5.0960
v -0.5880 1.7082 5.1164
v -0.6120 1.7082 5.1164
v -0.5700 1.7700 4.9422
v -0.6300 1.7700 4.9422
v -0.5715 1.7652 4.9505
v -0.6285 1.7652 4.9505
v -0.5754 1.7436 4.9879
v -0.6246 1.7436 4.9879
v -0.5820 1.7388 4.9962
v -0.6180 1.7388 4.9962
v -0.5895 1.7040 5.0565
v -0.6105 1.7040 5.0565
v -0.5880 1.6836 5.0918
v -0.6120 1.6836 5.0918
v -0.5700 1.6500 4.9100
v -0.6300 1.6500 4.9100
v -0.5715 1.6500 4.9196
v -0.6285 1.6500 4.9196
v -0.5754 1.6500 4.9628
v -0.6246 1.6500 4.9628
v -0.5820 1.6500 4.9724
v -0.6180 1.6500 4.9724
v -0.5895 1.6500 5.0420
v -0.6105 1.6500 5.0420
v -0.5880 1.6500 5.0828
v -0.6120 1.6500 5.0828
v -0.5700 1.5300 4.9422
v -0.6300 1.5300 4.9422
v -0.5715 1.5348 4.9505
v -0.6285 1.5348 4.9505
v -0.5754 1.5564 4.9879
v -0.6246 1.5564 4.9879
v -0.5820 1.5612 4.9962
v -0.6180 1.5612 4.9962
v -0.5895 1.5960 5.0565
v -0.6105 1.5960 5.0565
v -0.5880 1.6164 5.0918
v -0.6120 1.6164 5.0918
v -0.5700 1.4422 5.0300
v -0.6300 1.4422 5.0300
v -0.5715 1.4505 5.0348
v -0.6285 1.4505 5.0348
v -0.5754 1.4879 5.0564
v -0.6246 1.4879 5.0564
v -0.5820 1.4962 5.0612
v -0.6180 1.4962 5.0612
v -0.5895 1.5565 5.0960
v -0.6105 1.5565 5.0960
v -0.5880 1.5918 5.1164
v -0.6120 1.5918 5.1164
v -0.5700 1.4100 5.1500
v -0.6300 1.4100 5.1500
v -0.5715 1.4196 5.1500
v -0.6285 1.4196 5.1500
v -0.5754 1.4628 5.1500
v -0.6246 1.4628 5.1500
v -0.5820 1.4724 5.1500
v -0.6180 1.4724 5.1500
v -0.5895 1.5420 5.1500
v -0.6105 1.5420 5.1500
v -0.5880 1.5828 5.1500
v -0.6120 1.5828 5.1500
v -0.5700 1.4422 5.2700
v -0.6300 1.4422 5.2700
v -0.5715 1.4505 5.2652
v -0.6285 1.4505 5.2652
v -0.5754 1.4879 5.2436
v -0.6246 1.4879 5.2436
v -0.5820 1.4962 5.2388
v -0.6180 1.4962 5.2388
v -0.5895 1.5565 5.2040
v -0.6105 1.5565 5.2040
v -0.5880 1.5918 5.1836
v -0.6120 1.5918 5.1836
v -0.5700 1.5300 5.3578
v -0.6300 1.5300 5.3578
v -0.5715 1.5348 5.3495
v -0.6285 1.5348 5.3495
v -0.5754 1.5564 5.3121
v -0.6246 1.5564 5.3121
v -0.5820 1.5612 5.3038
v -0.6180 1.5612 5.3038
v -0.5895 1.5960 5.2435
v -0.6105 1.5960 5.2435
v -0.5880 1.6164 5.2082
v -0.6120 1.6164 5.2082
v -0.5880 1.6500 5.1500
v -0.6120 1.6500 5.1500
vn 0.5000 0.0000 0.5000
vn -0.5000 0.0000 0.5000
vn 0.5000 0.0000 0.5000
vn -0.5000 0.0000 0.5000
vn 0.5000 0.0000 0.5000
vn -0.5000 0.0000 0.5000
vn 0.5000 0.0000 0.5000
vn -0.5000 0.0000 0.5000
vn 0.5000 0.0000 0.5000
vn -0.5000 0.0000 0.5000
vn 0.5000 0.0000 0.5000
vn -0.5000 0.0000 0.5000
vn 0.5000 0.2500 0.4330
vn -0.5000 0.2500 0.4330
vn 0.5000 0.2500 0.4330
vn -0.5000 0.2500 0.4330
vn 0.5000 0.2500 0.4330
vn -0.5000 0.2500 0.4330
vn 0.5000 0.2500 0.4330
vn -0.5000 0.2500 0.4330
vn 0.5000 0.2500 0.4330
vn -0.5000 0.2500 0.4330
vn 0.5000 0.2500 0.4330
vn -0.5000 0.2500 0.4330
vn 0.5000 0.4330 0.2500
vn -0.5000 0.4330 0.2500
vn 0.5000 0.4330 0.2500
vn -0.5000 0.4330 0.2500
vn 0.5000 0.4330 0.2500
vn -0.5000 0.4330 0.2500
vn 0.5000 0.4330 0.2500
vn -0.5000 0.4330 0.2500
vn 0.5000 0.4330 0.2500
vn -0.5000 0.4330 0.2500
vn 0.5000 0.4330 0.2500
vn -0.5000 0.4330 0.2500
vn 0.5000 0.5000 0.0000
vn -0.5000 0.5000 0.0000
vn 0.5000 0.5000 0.0000
vn -0.5000 0.5000 0.0000
vn 0.5000 0.5000 0.0000
vn -0.5000 0.5000 0.0000
vn 0.5000 0.5000 0.0000
vn -0.5000 0.5000 0.0000
vn 0.5000 0.5000 0.0000
vn -0.5000 0.5000 0.0000
vn 0.5000 0.5000 0.0000
vn -0.5000 0.5000 0.0000
vn 0.5000 0.4330 -0.2500
vn -0.5000 0.4330 -0.2500
vn 0.5000 0.4330 -0.2500
vn -0.5000 0.4330 -0.2500
vn 0.5000 0.4330 -0.2500
vn -0.5000 0.4330 -0.2500
vn 0.5000 0.4330 -0.2500
vn -0.5000 0.4330 -0.2500
vn 0.5000 0.4330 -0.2500
vn -0.5000 0.4330 -0.2500
vn 0.5000 0.4330 -0.2500
vn -0.5000 0.4330 -0.2500
vn 0.5000 0.2500 -0.4330
vn -0.5000 0.2500 -0.4330
vn 0.5000 0.2500 -0.4330
vn -0.5000 0.2500 -0.4330
vn 0.5000 0.2500 -0.4330
vn -0.5000 0.2500 -0.4330
vn 0.5000 0.2500 -0.4330
vn -0.5000 0.2500 -0.4330
vn 0.5000 0.2500 -0.4330
vn -0.5000 0.2500 -0.4330
vn 0.5000 0.2500 -0.4330
vn -0.5000 0.2500 -0.4330
vn 0.5000 0.0000 -0.5000
vn -0.5000 0.0000 -0.5000
vn 0.5000 0.0000 -0.5000
vn -0.5000 0.0000 -0.5000
vn 0.5000 0.0000 -0.5000
vn -0.5000 0.0000 -0.5000
vn 0.5000 0.0000 -0.5000
vn -0.5000 0.0000 -0.5000
vn 0.5000 0.0000 -0.5000
vn -0.5000 0.0000 -0.5000
vn 0.5000 0.0000 -0.5000
vn -0.5000 0.0000 -0.5000
vn 0.5000 -0.2500 -0.4330
vn -0.5000 -0.2500 -0.4330
vn 0.5000 -0.2500 -0.4330
vn -0.5000 -0.2500 -0.4330
vn 0.5000 -0.2500 -0.4330
vn -0.5000 -0.2500 -0.4330
vn 0.5000 -0.2500 -0.4330
vn -0.5000 -0.2500 -0.4330
vn 0.5000 -0.2500 -0.4330
vn -0.5000 -0.2500 -0.4330
vn 0.5000 -0.2500 -0.4330
vn -0.5000 -0.2500 -0.4330
vn 0.5000 -0.4330 -0.2500
vn -0.5000 -0.4330 -0.2500
vn 0.5000 -0.4330 -0.2500
vn -0.5000 -0.4330 -0.2500
vn 0.5000 -0.4330 -0.2500
vn -0.5000 -0.4330 -0.2500
vn 0.5000 -0.4330 -0.2500
vn -0.5000 -0.4330 -0.2500
vn 0.5000 -0.4330 -0.2500
vn -0.5000 -0.4330 -0.2500
vn 0.5000 -0.4330 -0.2500
vn -0.5000 -0.4330 -0.2500
vn 0.5000 -0.5000 -0.0000
vn -0.5000 -0.5000 -0.0000
vn 0.5000 -0.5000 -0.0000
vn -0.5000 -0.5000 -0.0000
vn 0.5000 -0.5000 -0.0000
vn -0.5000 -0.5000 -0.0000
vn 0.5000 -0.5000 -0.0000
vn -0.5000 -0.5000 -0.0000
vn 0.5000 -0.5000 -0.0000
vn -0.5000 -0.5000 -0.0000
vn 0.5000 -0.5000 -0.0000
vn -0.5000 -0.5000 -0.0000
vn 0.5000 -0.4330 0.2500
vn -0.5000 -0.4330 0.2500
vn 0.5000 -0.4330 0.2500
vn -0.5000 -0.4330 0.2500
vn 0.5000 -0.4330 0.2500
vn -0.5000 -0.4330 0.2500
vn 0.5000 -0.4330 0.2500
vn -0.5000 -0.4330 0.2500
vn 0.5000 -0.4330 0.2500
vn -0.5000 -0.4330 0.2500
vn 0.5000 -0.4330 0.2500
vn -0.5000 -0.4330 0.2500
vn 0.5000 -0.2500 0.4330
vn -0.5000 -0.2500 0.4330
vn 0.5000 -0.2500 0.4330
vn -0.5000 -0.2500 0.4330
vn 0.5000 -0.2500 0.4330
vn -0.5000 -0.2500 0.4330
vn 0.5000 -0.2500 0.4330
vn -0.5000 -0.2500 0.4330
vn 0.5000 -0.2500 0.4330
vn -0.5000 -0.2500 0.4330
vn 0.5000 -0.2500 0.4330
vn -0.5000 -0.2500 0.4330
vn 1.0000 0.0000 0.0000
vn -1.0000 0.0000 0.0000
vt 0.0000 0.0000
vt 0.0000 0.0000
vt 0.0000 0.1667
vt 0.0000 0.1667
vt 0.0000 0.3333
vt 0.0000 0.3333
vt 0.0000 0.5000
vt 0.0000 0.5000
vt 0.0000 0.6667
vt 0.0000 0.6667
vt 0.0000 0.8333
vt 0.0000 0.8333
vt 0.0833 0.0000
vt 0.0833 0.0000
vt 0.0833 0.1667
vt 0.0833 0.1667
vt 0.0833 0.3333
vt 0.0833 0.3333
vt 0.0833 0.5000
vt 0.0833 0.5000
vt 0.0833 0.6667
vt 0.0833 0.6667
vt 0.0833 0.8333
vt 0.0833 0.8333
vt 0.1667 0.0000
vt 0.1667 0.0000
vt 0.1667 0.1667
vt 0.1667 0.1667
vt 0.1667 0.3333
vt 0.1667 0.3333
vt 0.1667 0.5000
vt 0.1667 0.5000
vt 0.1667 0.6667
vt 0.1667 0.6667
vt 0.1667 0.8333
vt 0.1667 0.8333
vt 0.2500 0.0000
vt 0.2500 0.0000
vt 0.2500 0.1667
vt 0.2500 0.1667
vt 0.2500 0.3333
vt 0.2500 0.3333
vt 0.2500 0.5000
vt 0.2500 0.5000
vt 0.2500 0.6667
vt 0.2500 0.6667
vt 0.2500 0.8333
vt 0.2500 0.8333
vt 0.3333 0.0000
vt 0.3333 0.0000
vt 0.3333 0.1667
vt 0.3333 0.1667
vt 0.3333 0.3333
vt 0.3333 0.3333
vt 0.3333 0.5000
vt 0.3333 0.5000
vt 0.3333 0.6667
vt 0.3333 0.6667
vt 0.3333 0.8333
vt 0.3333 0.8333
vt 0.4167 0.0000
vt 0.4167 0.0000
vt 0.4167 0.1667
vt 0.4167 0.1667
vt 0.4167 0.3333
vt 0.4167 0.3333
vt 0.4167 0.5000
vt 0.4167 0.5000
vt 0.4167 0.6667
vt 0.4167 0.6667
vt 0.4167 0.8333
vt 0.4167 0.8333
vt 0.5000 0.0000
vt 0.5000 0.0000
vt 0.5000 0.1667
vt 0.5000 0.1667
vt 0.5000 0.3333
vt 0.5000 0.3333
vt 0.5000 0.5000
vt 0.5000 0.5000
vt 0.5000 0.6667
vt 0.5000 0.6667
vt 0.5000 0.8333
vt 0.5000 0.8333
vt 0.5833 0.0000
vt 0.5833 0.0000
vt 0.5833 0.1667
vt 0.5833 0.1667
vt 0.5833 0.3333
vt 0.5833 0.3333
vt 0.5833 0.5000
vt 0.5833 0.5000
vt 0.5833 0.6667
vt 0.5833 0.6667
vt 0.5833 0.8333
vt 0.5833 0.8333
vt 0.6667 0.0000
vt 0.6667 0.0000
vt 0.6667 0.1667
vt 0.6667 0.1667
vt 0.6667 0.3333
vt 0.6667 0.3333
vt 0.6667 0.5000
vt 0.6667 0.5000
vt 0.6667 0.6667
vt 0.6667 0.6667
vt 0.6667 0.8333
vt 0.6667 0.8333
vt 0.7500 0.0000
vt 0.7500 0.0000
vt 0.7500 0.1667
vt 0.7500 0.1667
vt 0.7500 0.3333
vt 0.7500 0.3333
vt 0.7500 0.5000
vt 0.7500 0.5000
vt 0.7500 0.6667
vt 0.7500 0.6667
vt 0.7500 0.8333
vt 0.7500 0.8333
vt 0.8333 0.0000
vt 0.8333 0.0000
vt 0.8333 0.1667
vt 0.8333 0.1667
vt 0.8333 0.3333
vt 0.8333 0.3333
vt 0.8333 0.5000
vt 0.8333 0.5000
vt 0.8333 0.6667
vt 0.8333 0.6667
vt 0.8333 0.8333
vt 0.8333 0.8333
vt 0.9167 0.0000
vt 0.9167 0.0000
vt 0.9167 0.1667
vt 0.9167 0.1667
vt 0.9167 0.3333
vt 0.9167 0.3333
vt 0.9167 0.5000
vt 0.9167 0.5000
vt 0.9167 0.6667
vt 0.9167 0.6667
vt 0.9167 0.8333
vt 0.9167 0.8333
vt 0.5000 0.5000
vt 0.5000 0.5000
f 2509/2509/2509 2511/2511/2511 2523/2523/2523
f 2509/2509/2509 2523/2523/2523 2521/2521/2521
f 2511/2511/2511 2513/2513/2513 2525/2525/2525
f 2511/2511/2511 2525/2525/2525 2523/2523/2523
f 2513/2513/2513 2515/2515/2515 2527/2527/2527
f 2513/2513/2513 2527/2527/2527 2525/2525/2525
f 2515/2515/2515 2517/2517/2517 2529/2529/2529
f 2515/2515/2515 2529/2529/2529 2527/2527/2527
f 2517/2517/2517 2519/2519/2519 2531/2531/2531
f 2517/2517/2517 2531/2531/2531 2529/2529/2529
f 2510/2510/2510 2522/2522/2522 2524/2524/2524
f 2510/2510/2510 2524/2524/2524 2512/2512/2512
f 2512/2512/2512 2524/2524/2524 2526/2526/2526
f 2512/2512/2512 2526/2526/2526 2514/2514/2514
f 2514/2514/2514 2526/2526/2526 2528/2528/2528
f 2514/2514/2514 2528/2528/2528 2516/2516/2516
f 2516/2516/2516 2528/2528/2528 2530/2530/2530
f 2516/2516/2516 2530/2530/2530 2518/2518/2518
f 2518/2518/2518 2530/2530/2530 2532/2532/2532
f 2518/2518/2518 2532/2532/2532 2520/2520/2520
f 2509/2509/2509 2510/2510/2510 2522/2522/2522
f 2509/2509/2509 2522/2522/2522 2521/2521/2521
f 2653/2653/2653 2519/2519/2519 2531/2531/2531
f 2654/2654/2654 2532/2532/2532 2520/2520/2520
f 2521/2521/2521 2523/2523/2523 2535/2535/2535
f 2521/2521/2521 2535/2535/2535 2533/2533/2533
f 2523/2523/2523 2525/2525/2525 2537/2537/2537
f 2523/2523/2523 2537/2537/2537 2535/2535/2535
f 2525/2525/2525 2527/2527/2527 2539/2539/2539
f 2525/2525/2525 2539/2539/2539 2537/2537/2537
f 2527/2527/2527 2529/2529/2529 2541/2541/2541
f 2527/2527/2527 2541/2541/2541 2539/2539/2539
f 2529/2529/2529 2531/2531/2531 2543/2543/2543
f 2529/2529/2529 2543/2543/2543 2541/2541/2541
f 2522/2522/2522 2534/2534/2534 2536/2536/2536
f 2522/2522/2522 2536/2536/2536 2524/2524/2524
f 2524/2524/2524 2536/2536/2536 2538/2538/2538
f 2524/2524/2524 2538/2538/2538 2526/2526/2526
f 2526/2526/2526 2538/2538/2538 2540/2540/2540
f 2526/2526/2526 2540/2540/2540 2528/2528/2528
f 2528/2528/2528 2540/2540/2540 2542/2542/2542
f 2528/2528/2528 2542/2542/2542 2530/2530/2530
f 2530/2530/2530 2542/2542/2542 2544/2544/2544
f 2530/2530/2530 2544/2544/2544 2532/2532/2532
f 2521/2521/2521 2522/2522/2522 2534/2534/2534
f 2521/2521/2521 2534/2534/2534 2533/2533/2533
f 2653/2653/2653 2531/2531/2531 2543/2543/2543
f 2654/2654/2654 2544/2544/2544 2532/2532/2532
f 2533/2533/2533 2535/2535/2535 2547/2547/2547
f 2533/2533/2533 2547/2547/2547 2545/2545/2545
f 2535/2535/2535 2537/2537/2537 2549/2549/2549
f 2535/2535/2535 2549/2549/2549 2547/2547/2547
f 2537/2537/2537 2539/2539/2539 2551/2551/2551
f 2537/2537/2537 2551/2551/2551 2549/2549/2549
f 2539/2539/2539 2541/2541/2541 2553/2553/2553
f 2539/2539/2539 2553/2553/2553 2551/2551/2551
f 2541/2541/2541 2543/2543/2543 2555/2555/2555
f 2541/2541/2541 2555/2555/2555 2553/2553/2553
f 2534/2534/2534 2546/2546/2546 2548/2548/2548
f 2534/2534/2534 2548/2548/2548 2536/2536/2536
f 2536/2536/2536 2548/2548/2548 2550/2550/2550
f 2536/2536/2536 2550/2550/2550 2538/2538/2538
f 2538/2538/2538 2550/2550/2550 2552/2552/2552
f 2538/2538/2538 2552/2552/2552 2540/2540/2540
f 2540/2540/2540 2552/2552/2552 2554/2554/2554
f 2540/2540/2540 2554/2554/2554 2542/2542/2542
f 2542/2542/2542 2554/2554/2554 2556/2556/2556
f 2542/2542/2542 2556/2556/2556 2544/2544/2544
f 2533/2533/2533 2534/2534/2534 2546/2546/2546
f 2533/2533/2533 2546/2546/2546 2545/2545/2545
f 2653/2653/2653 2543/2543/2543 2555/2555/2555
f 2654/2654/2654 2556/2556/2556 2544/2544/2544
f 2545/2545/2545 2547/2547/2547 2559/2559/2559
f 2545/2545/2545 2559/2559/2559 2557/2557/2557
f 2547/2547/2547 2549/2549/2549 2561/2561/2561
f 2547/2547/2547 2561/2561/2561 2559/2559/2559
f 2549/2549/2549 2551/2551/2551 2563/2563/2563
f 2549/2549/2549 2563/2563/2563 2561/2561/2561
f 2551/2551/2551 2553/2553/2553 2565/2565/2565
f 2551/2551/2551 2565/2565/2565 2563/2563/2563
f 2553/2553/2553 2555/2555/2555 2567/2567/2567
f 2553/2553/2553 2567/2567/2567 2565/2565/2565
f 2546/2546/2546 2558/2558/2558 2560/2560/2560
f 2546/2546/2546 2560/2560/2560 2548/2548/2548
f 2548/2548/2548 2560/2560/2560 2562/2562/2562
f 2548/2548/2548 2562/2562/2562 2550/2550/2550
f 2550/2550/2550 2562/2562/2562 2564/2564/2564
f 2550/2550/2550 2564/2564/2564 2552/2552/2552
f 2552/2552/2552 2564/2564/2564 2566/2566/2566
f 2552/2552/2552 2566/2566/2566 2554/2554/2554
f 2554/2554/2554 2566/2566/2566 2568/2568/2568
f 2554/2554/2554 2568/2568/2568 2556/2556/2556
f 2545/2545/2545 2546/2546/2546 2558/2558/2558
f 2545/2545/2545 2558/2558/2558 2557/2557/2557
f 2653/2653/2653 2555/2555/2555 2567/2567/2567
f 2654/2654/2654 2568/2568/2568 2556/2556/2556
f 2557/2557/2557 2559/2559/2559 2571/2571/2571
f 2557/2557/2557 2571/2571/2571 2569/2569/2569
f 2559/2559/2559 2561/2561/2561 2573/2573/2573
f 2559/2559/2559 2573/2573/2573 2571/2571/2571
f 2561/2561/2561 2563/2563/2563 2575/2575/2575
f 2561/2561/2561 2575/2575/2575 2573/2573/2573
f 2563/2563/2563 2565/2565/2565 2577/2577/2577
f 2563/2563/2563 2577/2577/2577 2575/2575/2575
f 2565/2565/2565 2567/2567/2567 2579/2579/2579
f 2565/2565/2565 2579/2579/2579 2577/2577/2577
f 2558/2558/2558 2570/2570/2570 2572/2572/2572
f 2558/2558/2558 2572/2572/2572 2560/2560/2560
f 2560/2560/2560 2572/2572/2572 2574/2574/2574
f 2560/2560/2560 2574/2574/2574 2562/2562/2562
f 2562/2562/2562 2574/2574/2574 2576/2576/2576
f 2562/2562/2562 2576/2576/2576 2564/2564/2564
f 2564/2564/2564 2576/2576/2576 2578/2578/2578
f 2564/2564/2564 2578/2578/2578 2566/2566/2566
f 2566/2566/2566 2578/2578/2578 2580/2580/2580
f 2566/2566/2566 2580/2580/2580 2568/2568/2568
f 2557/2557/2557 2558/2558/2558 2570/2570/2570
f 2557/2557/2557 2570/2570/2570 2569/2569/2569
f 2653/2653/2653 2567/2567/2567 2579/2579/2579
f 2654/2654/2654 2580/2580/2580 2568/2568/2568
f 2569/2569/2569 2571/2571/2571 2583/2583/2583
f 2569/2569/2569 2583/2583/2583 2581/2581/2581
f 2571/2571/2571 2573/2573/2573 2585/2585/2585
f 2571/2571/2571 2585/2585/2585 2583/2583/2583
f 2573/2573/2573 2575/2575/2575 2587/2587/2587
f 2573/2573/2573 2587/2587/2587 2585/2585/2585
f 2575/2575/2575 2577/2577/2577 2589/2589/2589
f 2575/2575/2575 2589/2589/2589 2587/2587/2587
f 2577/2577/2577 2579/2579/2579 2591/2591/2591
f 2577/2577/2577 2591/2591/2591 2589/2589/2589
f 2570/2570/2570 2582/2582/2582 2584/2584/2584
f 2570/2570/2570 2584/2584/2584 2572/2572/2572
f 2572/2572/2572 2584/2584/2584 2586/2586/2586
f 2572/2572/2572 2586/2586/2586 2574/2574/2574
f 2574/2574/2574 2586/2586/2586 2588/2588/2588
f 2574/2574/2574 2588/2588/2588 2576/2576/2576
f 2576/2576/2576 2588/2588/2588 2590/2590/2590
f 2576/2576/2576 2590/2590/2590 2578/2578/2578
f 2578/2578/2578 2590/2590/2590 2592/2592/2592
f 2578/2578/2578 2592/2592/2592 2580/2580/2580
f 2569/2569/2569 2570/2570/2570 2582/2582/2582
f 2569/2569/2569 2582/2582/2582 2581/2581/2581
f 2653/2653/2653 2579/2579/2579 2591/2591/2591
f 2654/2654/2654 2592/2592/2592 2580/2580/2580
f 2581/2581/2581 2583/2583/2583 2595/2595/2595
f 2581/2581/2581 2595/2595/2595 2593/2593/2593
f 2583/2583/2583 2585/2585/2585 2597/2597/2597
f 2583/2583/2583 2597/2597/2597 2595/2595/2595
f 2585/2585/2585 2587/2587/2587 2599/2599/2599
f 2585/2585/2585 2599/2599/2599 2597/2597/2597
f 2587/2587/2587 2589/2589/2589 2601/2601/2601
f 2587/2587/2587 2601/2601/2601 2599/2599/2599
f 2589/2589/2589 2591/2591/2591 2603/2603/2603
f 2589/2589/2589 2603/2603/2603 2601/2601/2601
f 2582/2582/2582 2594/2594/2594 2596/2596/2596
f 2582/2582/2582 2596/2596/2596 2584/2584/2584
f 2584/2584/2584 2596/2596/2596 2598/2598/2598
f 2584/2584/2584 2598/2598/2598 2586/2586/2586
f 2586/2586/2586 2598/2598/2598 2600/2600/2600
f 2586/2586/2586 2600/2600/2600 2588/2588/2588
f 2588/2588/2588 2600/2600/2600 2602/2602/2602
f 2588/2588/2588 2602/2602/2602 2590/2590/2590
f 2590/2590/2590 2602/2602/2602 2604/2604/2604
f 2590/2590/2590 2604/2604/2604 2592/2592/2592
f 2581/2581/2581 2582/2582/2582 2594/2594/2594
f 2581/2581/2581 2594/2594/2594 2593/2593/2593
f 2653/2653/2653 2591/2591/2591 2603/2603/2603
f 2654/2654/2654 2604/2604/2604 2592/2592/2592
f 2593/2593/2593 2595/2595/2595 2607/2607/2607
f 2593/2593/2593 2607/2607/2607 2605/2605/2605
f 2595/2595/2595 2597/2597/2597 2609/2609/2609
f 2595/2595/2595 2609/2609/2609 2607/2607/2607
f 2597/2597/2597 2599/2599/2599 2611/2611/2611
f 2597/2597/2597 2611/2611/2611 2609/2609/2609
f 2599/2599/2599 2601/2601/2601 2613/2613/2613
f 2599/2599/2599 2613/2613/2613 2611/2611/2611
f 2601/2601/2601 2603/2603/2603 2615/2615/2615
f 2601/2601/2601 2615/2615/2615 2613/2613/2613
f 2594/2594/2594 2606/2606/2606 2608/2608/2608
f 2594/2594/2594 2608/2608/2608 2596/2596/2596
f 2596/2596/2596 2608/2608/2608 2610/2610/2610
f 2596/2596/2596 2610/2610/2610 2598/2598/2598
f 2598/2598/2598 2610/2610/2610 2612/2612/2612
f 2598/2598/2598 2612/2612/2612 2600/2600/2600
f 2600/2600/2600 2612/2612/2612 2614/2614/2614
f 2600/2600/2600 2614/2614/2614 2602/2602/2602
f 2602/2602/2602 2614/2614/2614 2616/2616/2616
f 2602/2602/2602 2616/2616/2616 2604/2604/2604
f 2593/2593/2593 2594/2594/2594 2606/2606/2606
f 2593/2593/2593 2606/2606/2606 2605/2605/2605
f 2653/2653/2653 2603/2603/2603 2615/2615/2615
f 2654/2654/2654 2616/2616/2616 2604/2604/2604
f 2605/2605/2605 2607/2607/2607 2619/2619/2619
f 2605/2605/2605 2619/2619/2619 2617/2617/2617
f 2607/2607/2607 2609/2609/2609 2621/2621/2621
f 2607/2607/2607 2621/2621/2621 2619/2619/2619
f 2609/2609/2609 2611/2611/2611 2623/2623/2623
f 2609/2609/2609 2623/2623/2623 2621/2621/2621
f 2611/2611/2611 2613/2613/2613 2625/2625/2625
f 2611/2611/2611 2625/2625/2625 2623/2623/2623
f 2613/2613/2613 2615/2615/2615 2627/2627/2627
f 2613/2613/2613 2627/2627/2627 2625/2625/2625
f 2606/2606/2606 2618/2618/2618 2620/2620/2620
f 2606/2606/2606 2620/2620/2620 2608/2608/2608
f 2608/2608/2608 2620/2620/2620 2622/2622/2622
f 2608/2608/2608 2622/2622/2622 2610/2610/2610
f 2610/2610/2610 2622/2622/2622 2624/2624/2624
f 2610/2610/2610 2624/2624/2624 2612/2612/2612
f 2612/2612/2612 2624/2624/2624 2626/2626/2626
f 2612/2612/2612 2626/2626/2626 2614/2614/2614
f 2614/2614/2614 2626/2626/2626 2628/2628/2628
f 2614/2614/2614 2628/2628/2628 2616/2616/2616
f 2605/2605/2605 2606/2606/2606 2618/2618/2618
f 2605/2605/2605 2618/2618/2618 2617/2617/2617
f 2653/2653/2653 2615/2615/2615 2627/2627/2627
f 2654/2654/2654 2628/2628/2628 2616/2616/2616
f 2617/2617/2617 2619/2619/2619 2631/2631/2631
f 2617/2617/2617 2631/2631/2631 2629/2629/2629
f 2619/2619/2619 2621/2621/2621 2633/2633/2633
f 2619/2619/2619 2633/2633/2633 2631/2631/2631
f 2621/2621/2621 2623/2623/2623 2635/2635/2635
f 2621/2621/2621 2635/2635/2635 2633/2633/2633
f 2623/2623/2623 2625/2625/2625 2637/2637/2637
f 2623/2623/2623 2637/2637/2637 2635/2635/2635
f 2625/2625/2625 2627/2627/2627 2639/2639/2639
f 2625/2625/2625 2639/2639/2639 2637/2637/2637
f 2618/2618/2618 2630/2630/2630 2632/2632/2632
f 2618/2618/2618 2632/2632/2632 2620/2620/2620
f 2620/2620/2620 2632/2632/2632 2634/2634/2634
f 2620/2620/2620 2634/2634/2634 2622/2622/2622
f 2622/2622/2622 2634/2634/2634 2636/2636/2636
f 2622/2622/2622 2636/2636/2636 2624/2624/2624
f 2624/2624/2624 2636/2636/2636 2638/2638/2638
f 2624/2624/2624 2638/2638/2638 2626/2626/2626
f 2626/2626/2626 2638/2638/2638 2640/2640/2640
f 2626/2626/2626 2640/2640/2640 2628/2628/2628
f 2617/2617/2617 2618/2618/2618 2630/2630/2630
f 2617/2617/2617 2630/2630/2630 2629/2629/2629
f 2653/2653/2653 2627/2627/2627 2639/2639/2639
f 2654/2654/2654 2640/2640/2640 2628/2628/2628
f 2629/2629/2629 2631/2631/2631 2643/2643/2643
f 2629/2629/2629 2643/2643/2643 2641/2641/2641
f 2631/2631/2631 2633/2633/2633 2645/2645/2645
f 2631/2631/2631 2645/2645/2645 2643/2643/2643
f 2633/2633/2633 2635/2635/2635 2647/2647/2647
f 2633/2633/2633 2647/2647/2647 2645/2645/2645
f 2635/2635/2635 2637/2637/2637 2649/2649/2649
f 2635/2635/2635 2649/2649/2649 2647/2647/2647
f 2637/2637/2637 2639/2639/2639 2651/2651/2651
f 2637/2637/2637 2651/2651/2651 2649/2649/2649
f 2630/2630/2630 2642/2642/2642 2644/2644/2644
f 2630/2630/2630 2644/2644/2644 2632/2632/2632
f 2632/2632/2632 2644/2644/2644 2646/2646/2646
f 2632/2632/2632 2646/2646/2646 2634/2634/2634
f 2634/2634/2634 2646/2646/2646 2648/2648/2648
f 2634/2634/2634 2648/2648/2648 2636/2636/2636
f 2636/2636/2636 2648/2648/2648 2650/2650/2650
f 2636/2636/2636 2650/2650/2650 2638/2638/2638
f 2638/2638/2638 2650/2650/2650 2652/2652/2652
f 2638/2638/2638 2652/2652/2652 2640/2640/2640
f 2629/2629/2629 2630/2630/2630 2642/2642/2642
f 2629/2629/2629 2642/2642/2642 2641/2641/2641
f 2653/2653/2653 2639/2639/2639 2651/2651/2651
f 2654/2654/2654 2652/2652/2652 2640/2640/2640
f 2641/2641/2641 2643/2643/2643 2511/2511/2511
f 2641/2641/2641 2511/2511/2511 2509/2509/2509
f 2643/2643/2643 2645/2645/2645 2513/2513/2513
f 2643/2643/2643 2513/2513/2513 2511/2511/2511
f 2645/2645/2645 2647/2647/2647 2515/2515/2515
f 2645/2645/2645 2515/2515/2515 2513/2513/2513
f 2647/2647/2647 2649/2649/2649 2517/2517/2517
f 2647/2647/2647 2517/2517/2517 2515/2515/2515
f 2649/2649/2649 2651/2651/2651 2519/2519/2519
f 2649/2649/2649 2519/2519/2519 2517/2517/2517
f 2642/2642/2642 2510/2510/2510 2512/2512/2512
f 2642/2642/2642 2512/2512/2512 2644/2644/2644
f 2644/2644/2644 2512/2512/2512 2514/2514/2514
f 2644/2644/2644 2514/2514/2514 2646/2646/2646
f 2646/2646/2646 2514/2514/2514 2516/2516/2516
f 2646/2646/2646 2516/2516/2516 2648/2648/2648
f 2648/2648/2648 2516/2516/2516 2518/2518/2518
f 2648/2648/2648 2518/2518/2518 2650/2650/2650
f 2650/2650/2650 2518/2518/2518 2520/2520/2520
f 2650/2650/2650 2520/2520/2520 2652/2652/2652
f 2641/2641/2641 2642/2642/2642 2510/2510/2510
f 2641/2641/2641 2510/2510/2510 2509/2509/2509
f 2653/2653/2653 2651/2651/2651 2519/2519/2519
f 2654/2654/2654 2520/2520/2520 2652/2652/2652

g Interior_Seats_Row1_Left
usemtl Mat_Seating_Velvet
v -0.4200 0.8500 3.5200
v -0.4400 1.2500 3.5200
v -0.4400 1.5500 3.5200
v -0.4000 1.7500 3.5200
v -0.3500 1.9500 3.5200
v 0.0000 1.9600 3.5200
v 0.3500 1.9500 3.5200
v 0.4000 1.7500 3.5200
v 0.4400 1.5500 3.5200
v 0.4400 1.2500 3.5200
v 0.4200 0.8500 3.5200
v -0.4200 0.8500 3.6600
v -0.4400 1.2500 3.6600
v -0.4400 1.5500 3.6600
v -0.4000 1.7500 3.6600
v -0.3500 1.9500 3.6600
v 0.0000 1.9600 3.6600
v 0.3500 1.9500 3.6600
v 0.4000 1.7500 3.6600
v 0.4400 1.5500 3.6600
v 0.4400 1.2500 3.6600
v 0.4200 0.8500 3.6600
v -0.4200 0.8500 3.8000
v -0.4400 1.2500 3.8000
v -0.4400 1.5500 3.8000
v -0.4000 1.7500 3.8000
v -0.3500 1.9500 3.8000
v 0.0000 1.9600 3.8000
v 0.3500 1.9500 3.8000
v 0.4000 1.7500 3.8000
v 0.4400 1.5500 3.8000
v 0.4400 1.2500 3.8000
v 0.4200 0.8500 3.8000
v -0.4200 0.8500 3.9400
v -0.4400 1.2500 3.9400
v -0.4400 1.5500 3.9400
v -0.4000 1.7500 3.9400
v -0.3500 1.9500 3.9400
v 0.0000 1.9600 3.9400
v 0.3500 1.9500 3.9400
v 0.4000 1.7500 3.9400
v 0.4400 1.5500 3.9400
v 0.4400 1.2500 3.9400
v 0.4200 0.8500 3.9400
v -0.4200 0.8500 4.0800
v -0.4400 1.2500 4.0800
v -0.4400 1.5500 4.0800
v -0.4000 1.7500 4.0800
v -0.3500 1.9500 4.0800
v 0.0000 1.9600 4.0800
v 0.3500 1.9500 4.0800
v 0.4000 1.7500 4.0800
v 0.4400 1.5500 4.0800
v 0.4400 1.2500 4.0800
v 0.4200 0.8500 4.0800
v 0.0000 1.8000 4.0800
v 0.0000 1.8000 3.5200
vn -0.7070 -0.7070 0.0000
vn -0.7070 -0.7070 0.0000
vn -0.7070 -0.7070 0.0000
vn -0.7070 -0.7070 0.0000
vn -0.7070 0.7070 0.0000
vn 0.0000 0.7070 0.0000
vn 0.7070 0.7070 0.0000
vn 0.7070 -0.7070 0.0000
vn 0.7070 -0.7070 0.0000
vn 0.7070 -0.7070 0.0000
vn 0.7070 -0.7070 0.0000
vn -0.7070 -0.7070 0.0000
vn -0.7070 -0.7070 0.0000
vn -0.7070 -0.7070 0.0000
vn -0.7070 -0.7070 0.0000
vn -0.7070 0.7070 0.0000
vn 0.0000 0.7070 0.0000
vn 0.7070 0.7070 0.0000
vn 0.7070 -0.7070 0.0000
vn 0.7070 -0.7070 0.0000
vn 0.7070 -0.7070 0.0000
vn 0.7070 -0.7070 0.0000
vn -0.7070 -0.7070 0.0000
vn -0.7070 -0.7070 0.0000
vn -0.7070 -0.7070 0.0000
vn -0.7070 -0.7070 0.0000
vn -0.7070 0.7070 0.0000
vn 0.0000 0.7070 0.0000
vn 0.7070 0.7070 0.0000
vn 0.7070 -0.7070 0.0000
vn 0.7070 -0.7070 0.0000
vn 0.7070 -0.7070 0.0000
vn 0.7070 -0.7070 0.0000
vn -0.7070 -0.7070 0.0000
vn -0.7070 -0.7070 0.0000
vn -0.7070 -0.7070 0.0000
vn -0.7070 -0.7070 0.0000
vn -0.7070 0.7070 0.0000
vn 0.0000 0.7070 0.0000
vn 0.7070 0.7070 0.0000
vn 0.7070 -0.7070 0.0000
vn 0.7070 -0.7070 0.0000
vn 0.7070 -0.7070 0.0000
vn 0.7070 -0.7070 0.0000
vn -0.7070 -0.7070 0.0000
vn -0.7070 -0.7070 0.0000
vn -0.7070 -0.7070 0.0000
vn -0.7070 -0.7070 0.0000
vn -0.7070 0.7070 0.0000
vn 0.0000 0.7070 0.0000
vn 0.7070 0.7070 0.0000
vn 0.7070 -0.7070 0.0000
vn 0.7070 -0.7070 0.0000
vn 0.7070 -0.7070 0.0000
vn 0.7070 -0.7070 0.0000
vn 0.0000 0.0000 1.0000
vn 0.0000 0.0000 -1.0000
vt 0.0000 0.0000
vt 0.0909 0.0000
vt 0.1818 0.0000
vt 0.2727 0.0000
vt 0.3636 0.0000
vt 0.4545 0.0000
vt 0.5455 0.0000
vt 0.6364 0.0000
vt 0.7273 0.0000
vt 0.8182 0.0000
vt 0.9091 0.0000
vt 0.0000 0.2500
vt 0.0909 0.2500
vt 0.1818 0.2500
vt 0.2727 0.2500
vt 0.3636 0.2500
vt 0.4545 0.2500
vt 0.5455 0.2500
vt 0.6364 0.2500
vt 0.7273 0.2500
vt 0.8182 0.2500
vt 0.9091 0.2500
vt 0.0000 0.5000
vt 0.0909 0.5000
vt 0.1818 0.5000
vt 0.2727 0.5000
vt 0.3636 0.5000
vt 0.4545 0.5000
vt 0.5455 0.5000
vt 0.6364 0.5000
vt 0.7273 0.5000
vt 0.8182 0.5000
vt 0.9091 0.5000
vt 0.0000 0.7500
vt 0.0909 0.7500
vt 0.1818 0.7500
vt 0.2727 0.7500
vt 0.3636 0.7500
vt 0.4545 0.7500
vt 0.5455 0.7500
vt 0.6364 0.7500
vt 0.7273 0.7500
vt 0.8182 0.7500
vt 0.9091 0.7500
vt 0.0000 1.0000
vt 0.0909 1.0000
vt 0.1818 1.0000
vt 0.2727 1.0000
vt 0.3636 1.0000
vt 0.4545 1.0000
vt 0.5455 1.0000
vt 0.6364 1.0000
vt 0.7273 1.0000
vt 0.8182 1.0000
vt 0.9091 1.0000
vt 0.5000 0.5000
vt 0.5000 0.5000
f 2655/2655/2655 2656/2656/2656 2667/2667/2667
f 2655/2655/2655 2667/2667/2667 2666/2666/2666
f 2656/2656/2656 2657/2657/2657 2668/2668/2668
f 2656/2656/2656 2668/2668/2668 2667/2667/2667
f 2657/2657/2657 2658/2658/2658 2669/2669/2669
f 2657/2657/2657 2669/2669/2669 2668/2668/2668
f 2658/2658/2658 2659/2659/2659 2670/2670/2670
f 2658/2658/2658 2670/2670/2670 2669/2669/2669
f 2659/2659/2659 2660/2660/2660 2671/2671/2671
f 2659/2659/2659 2671/2671/2671 2670/2670/2670
f 2660/2660/2660 2661/2661/2661 2672/2672/2672
f 2660/2660/2660 2672/2672/2672 2671/2671/2671
f 2661/2661/2661 2662/2662/2662 2673/2673/2673
f 2661/2661/2661 2673/2673/2673 2672/2672/2672
f 2662/2662/2662 2663/2663/2663 2674/2674/2674
f 2662/2662/2662 2674/2674/2674 2673/2673/2673
f 2663/2663/2663 2664/2664/2664 2675/2675/2675
f 2663/2663/2663 2675/2675/2675 2674/2674/2674
f 2664/2664/2664 2665/2665/2665 2676/2676/2676
f 2664/2664/2664 2676/2676/2676 2675/2675/2675
f 2665/2665/2665 2655/2655/2655 2666/2666/2666
f 2665/2665/2665 2666/2666/2666 2676/2676/2676
f 2666/2666/2666 2667/2667/2667 2678/2678/2678
f 2666/2666/2666 2678/2678/2678 2677/2677/2677
f 2667/2667/2667 2668/2668/2668 2679/2679/2679
f 2667/2667/2667 2679/2679/2679 2678/2678/2678
f 2668/2668/2668 2669/2669/2669 2680/2680/2680
f 2668/2668/2668 2680/2680/2680 2679/2679/2679
f 2669/2669/2669 2670/2670/2670 2681/2681/2681
f 2669/2669/2669 2681/2681/2681 2680/2680/2680
f 2670/2670/2670 2671/2671/2671 2682/2682/2682
f 2670/2670/2670 2682/2682/2682 2681/2681/2681
f 2671/2671/2671 2672/2672/2672 2683/2683/2683
f 2671/2671/2671 2683/2683/2683 2682/2682/2682
f 2672/2672/2672 2673/2673/2673 2684/2684/2684
f 2672/2672/2672 2684/2684/2684 2683/2683/2683
f 2673/2673/2673 2674/2674/2674 2685/2685/2685
f 2673/2673/2673 2685/2685/2685 2684/2684/2684
f 2674/2674/2674 2675/2675/2675 2686/2686/2686
f 2674/2674/2674 2686/2686/2686 2685/2685/2685
f 2675/2675/2675 2676/2676/2676 2687/2687/2687
f 2675/2675/2675 2687/2687/2687 2686/2686/2686
f 2676/2676/2676 2666/2666/2666 2677/2677/2677
f 2676/2676/2676 2677/2677/2677 2687/2687/2687
f 2677/2677/2677 2678/2678/2678 2689/2689/2689
f 2677/2677/2677 2689/2689/2689 2688/2688/2688
f 2678/2678/2678 2679/2679/2679 2690/2690/2690
f 2678/2678/2678 2690/2690/2690 2689/2689/2689
f 2679/2679/2679 2680/2680/2680 2691/2691/2691
f 2679/2679/2679 2691/2691/2691 2690/2690/2690
f 2680/2680/2680 2681/2681/2681 2692/2692/2692
f 2680/2680/2680 2692/2692/2692 2691/2691/2691
f 2681/2681/2681 2682/2682/2682 2693/2693/2693
f 2681/2681/2681 2693/2693/2693 2692/2692/2692
f 2682/2682/2682 2683/2683/2683 2694/2694/2694
f 2682/2682/2682 2694/2694/2694 2693/2693/2693
f 2683/2683/2683 2684/2684/2684 2695/2695/2695
f 2683/2683/2683 2695/2695/2695 2694/2694/2694
f 2684/2684/2684 2685/2685/2685 2696/2696/2696
f 2684/2684/2684 2696/2696/2696 2695/2695/2695
f 2685/2685/2685 2686/2686/2686 2697/2697/2697
f 2685/2685/2685 2697/2697/2697 2696/2696/2696
f 2686/2686/2686 2687/2687/2687 2698/2698/2698
f 2686/2686/2686 2698/2698/2698 2697/2697/2697
f 2687/2687/2687 2677/2677/2677 2688/2688/2688
f 2687/2687/2687 2688/2688/2688 2698/2698/2698
f 2688/2688/2688 2689/2689/2689 2700/2700/2700
f 2688/2688/2688 2700/2700/2700 2699/2699/2699
f 2689/2689/2689 2690/2690/2690 2701/2701/2701
f 2689/2689/2689 2701/2701/2701 2700/2700/2700
f 2690/2690/2690 2691/2691/2691 2702/2702/2702
f 2690/2690/2690 2702/2702/2702 2701/2701/2701
f 2691/2691/2691 2692/2692/2692 2703/2703/2703
f 2691/2691/2691 2703/2703/2703 2702/2702/2702
f 2692/2692/2692 2693/2693/2693 2704/2704/2704
f 2692/2692/2692 2704/2704/2704 2703/2703/2703
f 2693/2693/2693 2694/2694/2694 2705/2705/2705
f 2693/2693/2693 2705/2705/2705 2704/2704/2704
f 2694/2694/2694 2695/2695/2695 2706/2706/2706
f 2694/2694/2694 2706/2706/2706 2705/2705/2705
f 2695/2695/2695 2696/2696/2696 2707/2707/2707
f 2695/2695/2695 2707/2707/2707 2706/2706/2706
f 2696/2696/2696 2697/2697/2697 2708/2708/2708
f 2696/2696/2696 2708/2708/2708 2707/2707/2707
f 2697/2697/2697 2698/2698/2698 2709/2709/2709
f 2697/2697/2697 2709/2709/2709 2708/2708/2708
f 2698/2698/2698 2688/2688/2688 2699/2699/2699
f 2698/2698/2698 2699/2699/2699 2709/2709/2709
f 2710/2710/2710 2699/2699/2710 2700/2700/2710
f 2710/2710/2710 2700/2700/2710 2701/2701/2710
f 2710/2710/2710 2701/2701/2710 2702/2702/2710
f 2710/2710/2710 2702/2702/2710 2703/2703/2710
f 2710/2710/2710 2703/2703/2710 2704/2704/2710
f 2710/2710/2710 2704/2704/2710 2705/2705/2710
f 2710/2710/2710 2705/2705/2710 2706/2706/2710
f 2710/2710/2710 2706/2706/2710 2707/2707/2710
f 2710/2710/2710 2707/2707/2710 2708/2708/2710
f 2710/2710/2710 2708/2708/2710 2709/2709/2710
f 2710/2710/2710 2709/2709/2710 2699/2699/2710
f 2711/2711/2711 2656/2656/2711 2655/2655/2711
f 2711/2711/2711 2657/2657/2711 2656/2656/2711
f 2711/2711/2711 2658/2658/2711 2657/2657/2711
f 2711/2711/2711 2659/2659/2711 2658/2658/2711
f 2711/2711/2711 2660/2660/2711 2659/2659/2711
f 2711/2711/2711 2661/2661/2711 2660/2660/2711
f 2711/2711/2711 2662/2662/2711 2661/2661/2711
f 2711/2711/2711 2663/2663/2711 2662/2662/2711
f 2711/2711/2711 2664/2664/2711 2663/2663/2711
f 2711/2711/2711 2665/2665/2711 2664/2664/2711
f 2711/2711/2711 2655/2655/2711 2665/2665/2711

g Interior_Seats_Row1_Right
usemtl Mat_Seating_Velvet
v -0.4200 0.8500 3.5200
v -0.4400 1.2500 3.5200
v -0.4400 1.5500 3.5200
v -0.4000 1.7500 3.5200
v -0.3500 1.9500 3.5200
v 0.0000 1.9600 3.5200
v 0.3500 1.9500 3.5200
v 0.4000 1.7500 3.5200
v 0.4400 1.5500 3.5200
v 0.4400 1.2500 3.5200
v 0.4200 0.8500 3.5200
v -0.4200 0.8500 3.6600
v -0.4400 1.2500 3.6600
v -0.4400 1.5500 3.6600
v -0.4000 1.7500 3.6600
v -0.3500 1.9500 3.6600
v 0.0000 1.9600 3.6600
v 0.3500 1.9500 3.6600
v 0.4000 1.7500 3.6600
v 0.4400 1.5500 3.6600
v 0.4400 1.2500 3.6600
v 0.4200 0.8500 3.6600
v -0.4200 0.8500 3.8000
v -0.4400 1.2500 3.8000
v -0.4400 1.5500 3.8000
v -0.4000 1.7500 3.8000
v -0.3500 1.9500 3.8000
v 0.0000 1.9600 3.8000
v 0.3500 1.9500 3.8000
v 0.4000 1.7500 3.8000
v 0.4400 1.5500 3.8000
v 0.4400 1.2500 3.8000
v 0.4200 0.8500 3.8000
v -0.4200 0.8500 3.9400
v -0.4400 1.2500 3.9400
v -0.4400 1.5500 3.9400
v -0.4000 1.7500 3.9400
v -0.3500 1.9500 3.9400
v 0.0000 1.9600 3.9400
v 0.3500 1.9500 3.9400
v 0.4000 1.7500 3.9400
v 0.4400 1.5500 3.9400
v 0.4400 1.2500 3.9400
v 0.4200 0.8500 3.9400
v -0.4200 0.8500 4.0800
v -0.4400 1.2500 4.0800
v -0.4400 1.5500 4.0800
v -0.4000 1.7500 4.0800
v -0.3500 1.9500 4.0800
v 0.0000 1.9600 4.0800
v 0.3500 1.9500 4.0800
v 0.4000 1.7500 4.0800
v 0.4400 1.5500 4.0800
v 0.4400 1.2500 4.0800
v 0.4200 0.8500 4.0800
v 0.0000 1.8000 4.0800
v 0.0000 1.8000 3.5200
vn -0.7070 -0.7070 0.0000
vn -0.7070 -0.7070 0.0000
vn -0.7070 -0.7070 0.0000
vn -0.7070 -0.7070 0.0000
vn -0.7070 0.7070 0.0000
vn 0.0000 0.7070 0.0000
vn 0.7070 0.7070 0.0000
vn 0.7070 -0.7070 0.0000
vn 0.7070 -0.7070 0.0000
vn 0.7070 -0.7070 0.0000
vn 0.7070 -0.7070 0.0000
vn -0.7070 -0.7070 0.0000
vn -0.7070 -0.7070 0.0000
vn -0.7070 -0.7070 0.0000
vn -0.7070 -0.7070 0.0000
vn -0.7070 0.7070 0.0000
vn 0.0000 0.7070 0.0000
vn 0.7070 0.7070 0.0000
vn 0.7070 -0.7070 0.0000
vn 0.7070 -0.7070 0.0000
vn 0.7070 -0.7070 0.0000
vn 0.7070 -0.7070 0.0000
vn -0.7070 -0.7070 0.0000
vn -0.7070 -0.7070 0.0000
vn -0.7070 -0.7070 0.0000
vn -0.7070 -0.7070 0.0000
vn -0.7070 0.7070 0.0000
vn 0.0000 0.7070 0.0000
vn 0.7070 0.7070 0.0000
vn 0.7070 -0.7070 0.0000
vn 0.7070 -0.7070 0.0000
vn 0.7070 -0.7070 0.0000
vn 0.7070 -0.7070 0.0000
vn -0.7070 -0.7070 0.0000
vn -0.7070 -0.7070 0.0000
vn -0.7070 -0.7070 0.0000
vn -0.7070 -0.7070 0.0000
vn -0.7070 0.7070 0.0000
vn 0.0000 0.7070 0.0000
vn 0.7070 0.7070 0.0000
vn 0.7070 -0.7070 0.0000
vn 0.7070 -0.7070 0.0000
vn 0.7070 -0.7070 0.0000
vn 0.7070 -0.7070 0.0000
vn -0.7070 -0.7070 0.0000
vn -0.7070 -0.7070 0.0000
vn -0.7070 -0.7070 0.0000
vn -0.7070 -0.7070 0.0000
vn -0.7070 0.7070 0.0000
vn 0.0000 0.7070 0.0000
vn 0.7070 0.7070 0.0000
vn 0.7070 -0.7070 0.0000
vn 0.7070 -0.7070 0.0000
vn 0.7070 -0.7070 0.0000
vn 0.7070 -0.7070 0.0000
vn 0.0000 0.0000 1.0000
vn 0.0000 0.0000 -1.0000
vt 0.0000 0.0000
vt 0.0909 0.0000
vt 0.1818 0.0000
vt 0.2727 0.0000
vt 0.3636 0.0000
vt 0.4545 0.0000
vt 0.5455 0.0000
vt 0.6364 0.0000
vt 0.7273 0.0000
vt 0.8182 0.0000
vt 0.9091 0.0000
vt 0.0000 0.2500
vt 0.0909 0.2500
vt 0.1818 0.2500
vt 0.2727 0.2500
vt 0.3636 0.2500
vt 0.4545 0.2500
vt 0.5455 0.2500
vt 0.6364 0.2500
vt 0.7273 0.2500
vt 0.8182 0.2500
vt 0.9091 0.2500
vt 0.0000 0.5000
vt 0.0909 0.5000
vt 0.1818 0.5000
vt 0.2727 0.5000
vt 0.3636 0.5000
vt 0.4545 0.5000
vt 0.5455 0.5000
vt 0.6364 0.5000
vt 0.7273 0.5000
vt 0.8182 0.5000
vt 0.9091 0.5000
vt 0.0000 0.7500
vt 0.0909 0.7500
vt 0.1818 0.7500
vt 0.2727 0.7500
vt 0.3636 0.7500
vt 0.4545 0.7500
vt 0.5455 0.7500
vt 0.6364 0.7500
vt 0.7273 0.7500
vt 0.8182 0.7500
vt 0.9091 0.7500
vt 0.0000 1.0000
vt 0.0909 1.0000
vt 0.1818 1.0000
vt 0.2727 1.0000
vt 0.3636 1.0000
vt 0.4545 1.0000
vt 0.5455 1.0000
vt 0.6364 1.0000
vt 0.7273 1.0000
vt 0.8182 1.0000
vt 0.9091 1.0000
vt 0.5000 0.5000
vt 0.5000 0.5000
f 2712/2712/2712 2713/2713/2713 2724/2724/2724
f 2712/2712/2712 2724/2724/2724 2723/2723/2723
f 2713/2713/2713 2714/2714/2714 2725/2725/2725
f 2713/2713/2713 2725/2725/2725 2724/2724/2724
f 2714/2714/2714 2715/2715/2715 2726/2726/2726
f 2714/2714/2714 2726/2726/2726 2725/2725/2725
f 2715/2715/2715 2716/2716/2716 2727/2727/2727
f 2715/2715/2715 2727/2727/2727 2726/2726/2726
f 2716/2716/2716 2717/2717/2717 2728/2728/2728
f 2716/2716/2716 2728/2728/2728 2727/2727/2727
f 2717/2717/2717 2718/2718/2718 2729/2729/2729
f 2717/2717/2717 2729/2729/2729 2728/2728/2728
f 2718/2718/2718 2719/2719/2719 2730/2730/2730
f 2718/2718/2718 2730/2730/2730 2729/2729/2729
f 2719/2719/2719 2720/2720/2720 2731/2731/2731
f 2719/2719/2719 2731/2731/2731 2730/2730/2730
f 2720/2720/2720 2721/2721/2721 2732/2732/2732
f 2720/2720/2720 2732/2732/2732 2731/2731/2731
f 2721/2721/2721 2722/2722/2722 2733/2733/2733
f 2721/2721/2721 2733/2733/2733 2732/2732/2732
f 2722/2722/2722 2712/2712/2712 2723/2723/2723
f 2722/2722/2722 2723/2723/2723 2733/2733/2733
f 2723/2723/2723 2724/2724/2724 2735/2735/2735
f 2723/2723/2723 2735/2735/2735 2734/2734/2734
f 2724/2724/2724 2725/2725/2725 2736/2736/2736
f 2724/2724/2724 2736/2736/2736 2735/2735/2735
f 2725/2725/2725 2726/2726/2726 2737/2737/2737
f 2725/2725/2725 2737/2737/2737 2736/2736/2736
f 2726/2726/2726 2727/2727/2727 2738/2738/2738
f 2726/2726/2726 2738/2738/2738 2737/2737/2737
f 2727/2727/2727 2728/2728/2728 2739/2739/2739
f 2727/2727/2727 2739/2739/2739 2738/2738/2738
f 2728/2728/2728 2729/2729/2729 2740/2740/2740
f 2728/2728/2728 2740/2740/2740 2739/2739/2739
f 2729/2729/2729 2730/2730/2730 2741/2741/2741
f 2729/2729/2729 2741/2741/2741 2740/2740/2740
f 2730/2730/2730 2731/2731/2731 2742/2742/2742
f 2730/2730/2730 2742/2742/2742 2741/2741/2741
f 2731/2731/2731 2732/2732/2732 2743/2743/2743
f 2731/2731/2731 2743/2743/2743 2742/2742/2742
f 2732/2732/2732 2733/2733/2733 2744/2744/2744
f 2732/2732/2732 2744/2744/2744 2743/2743/2743
f 2733/2733/2733 2723/2723/2723 2734/2734/2734
f 2733/2733/2733 2734/2734/2734 2744/2744/2744
f 2734/2734/2734 2735/2735/2735 2746/2746/2746
f 2734/2734/2734 2746/2746/2746 2745/2745/2745
f 2735/2735/2735 2736/2736/2736 2747/2747/2747
f 2735/2735/2735 2747/2747/2747 2746/2746/2746
f 2736/2736/2736 2737/2737/2737 2748/2748/2748
f 2736/2736/2736 2748/2748/2748 2747/2747/2747
f 2737/2737/2737 2738/2738/2738 2749/2749/2749
f 2737/2737/2737 2749/2749/2749 2748/2748/2748
f 2738/2738/2738 2739/2739/2739 2750/2750/2750
f 2738/2738/2738 2750/2750/2750 2749/2749/2749
f 2739/2739/2739 2740/2740/2740 2751/2751/2751
f 2739/2739/2739 2751/2751/2751 2750/2750/2750
f 2740/2740/2740 2741/2741/2741 2752/2752/2752
f 2740/2740/2740 2752/2752/2752 2751/2751/2751
f 2741/2741/2741 2742/2742/2742 2753/2753/2753
f 2741/2741/2741 2753/2753/2753 2752/2752/2752
f 2742/2742/2742 2743/2743/2743 2754/2754/2754
f 2742/2742/2742 2754/2754/2754 2753/2753/2753
f 2743/2743/2743 2744/2744/2744 2755/2755/2755
f 2743/2743/2743 2755/2755/2755 2754/2754/2754
f 2744/2744/2744 2734/2734/2734 2745/2745/2745
f 2744/2744/2744 2745/2745/2745 2755/2755/2755
f 2745/2745/2745 2746/2746/2746 2757/2757/2757
f 2745/2745/2745 2757/2757/2757 2756/2756/2756
f 2746/2746/2746 2747/2747/2747 2758/2758/2758
f 2746/2746/2746 2758/2758/2758 2757/2757/2757
f 2747/2747/2747 2748/2748/2748 2759/2759/2759
f 2747/2747/2747 2759/2759/2759 2758/2758/2758
f 2748/2748/2748 2749/2749/2749 2760/2760/2760
f 2748/2748/2748 2760/2760/2760 2759/2759/2759
f 2749/2749/2749 2750/2750/2750 2761/2761/2761
f 2749/2749/2749 2761/2761/2761 2760/2760/2760
f 2750/2750/2750 2751/2751/2751 2762/2762/2762
f 2750/2750/2750 2762/2762/2762 2761/2761/2761
f 2751/2751/2751 2752/2752/2752 2763/2763/2763
f 2751/2751/2751 2763/2763/2763 2762/2762/2762
f 2752/2752/2752 2753/2753/2753 2764/2764/2764
f 2752/2752/2752 2764/2764/2764 2763/2763/2763
f 2753/2753/2753 2754/2754/2754 2765/2765/2765
f 2753/2753/2753 2765/2765/2765 2764/2764/2764
f 2754/2754/2754 2755/2755/2755 2766/2766/2766
f 2754/2754/2754 2766/2766/2766 2765/2765/2765
f 2755/2755/2755 2745/2745/2745 2756/2756/2756
f 2755/2755/2755 2756/2756/2756 2766/2766/2766
f 2767/2767/2767 2756/2756/2767 2757/2757/2767
f 2767/2767/2767 2757/2757/2767 2758/2758/2767
f 2767/2767/2767 2758/2758/2767 2759/2759/2767
f 2767/2767/2767 2759/2759/2767 2760/2760/2767
f 2767/2767/2767 2760/2760/2767 2761/2761/2767
f 2767/2767/2767 2761/2761/2767 2762/2762/2767
f 2767/2767/2767 2762/2762/2767 2763/2763/2767
f 2767/2767/2767 2763/2763/2767 2764/2764/2767
f 2767/2767/2767 2764/2764/2767 2765/2765/2767
f 2767/2767/2767 2765/2765/2767 2766/2766/2767
f 2767/2767/2767 2766/2766/2767 2756/2756/2767
f 2768/2768/2768 2713/2713/2768 2712/2712/2768
f 2768/2768/2768 2714/2714/2768 2713/2713/2768
f 2768/2768/2768 2715/2715/2768 2714/2714/2768
f 2768/2768/2768 2716/2716/2768 2715/2715/2768
f 2768/2768/2768 2717/2717/2768 2716/2716/2768
f 2768/2768/2768 2718/2718/2768 2717/2717/2768
f 2768/2768/2768 2719/2719/2768 2718/2718/2768
f 2768/2768/2768 2720/2720/2768 2719/2719/2768
f 2768/2768/2768 2721/2721/2768 2720/2720/2768
f 2768/2768/2768 2722/2722/2768 2721/2721/2768
f 2768/2768/2768 2712/2712/2768 2722/2722/2768

g Interior_Seats_Row2_Left
usemtl Mat_Seating_Velvet
v -0.4200 0.8500 2.6000
v -0.4400 1.2500 2.6000
v -0.4400 1.5500 2.6000
v -0.4000 1.7500 2.6000
v -0.3500 1.9500 2.6000
v 0.0000 1.9600 2.6000
v 0.3500 1.9500 2.6000
v 0.4000 1.7500 2.6000
v 0.4400 1.5500 2.6000
v 0.4400 1.2500 2.6000
v 0.4200 0.8500 2.6000
v -0.4200 0.8500 2.7400
v -0.4400 1.2500 2.7400
v -0.4400 1.5500 2.7400
v -0.4000 1.7500 2.7400
v -0.3500 1.9500 2.7400
v 0.0000 1.9600 2.7400
v 0.3500 1.9500 2.7400
v 0.4000 1.7500 2.7400
v 0.4400 1.5500 2.7400
v 0.4400 1.2500 2.7400
v 0.4200 0.8500 2.7400
v -0.4200 0.8500 2.8800
v -0.4400 1.2500 2.8800
v -0.4400 1.5500 2.8800
v -0.4000 1.7500 2.8800
v -0.3500 1.9500 2.8800
v 0.0000 1.9600 2.8800
v 0.3500 1.9500 2.8800
v 0.4000 1.7500 2.8800
v 0.4400 1.5500 2.8800
v 0.4400 1.2500 2.8800
v 0.4200 0.8500 2.8800
v -0.4200 0.8500 3.0200
v -0.4400 1.2500 3.0200
v -0.4400 1.5500 3.0200
v -0.4000 1.7500 3.0200
v -0.3500 1.9500 3.0200
v 0.0000 1.9600 3.0200
v 0.3500 1.9500 3.0200
v 0.4000 1.7500 3.0200
v 0.4400 1.5500 3.0200
v 0.4400 1.2500 3.0200
v 0.4200 0.8500 3.0200
v -0.4200 0.8500 3.1600
v -0.4400 1.2500 3.1600
v -0.4400 1.5500 3.1600
v -0.4000 1.7500 3.1600
v -0.3500 1.9500 3.1600
v 0.0000 1.9600 3.1600
v 0.3500 1.9500 3.1600
v 0.4000 1.7500 3.1600
v 0.4400 1.5500 3.1600
v 0.4400 1.2500 3.1600
v 0.4200 0.8500 3.1600
v 0.0000 1.8000 3.1600
v 0.0000 1.8000 2.6000
vn -0.7070 -0.7070 0.0000
vn -0.7070 -0.7070 0.0000
vn -0.7070 -0.7070 0.0000
vn -0.7070 -0.7070 0.0000
vn -0.7070 0.7070 0.0000
vn 0.0000 0.7070 0.0000
vn 0.7070 0.7070 0.0000
vn 0.7070 -0.7070 0.0000
vn 0.7070 -0.7070 0.0000
vn 0.7070 -0.7070 0.0000
vn 0.7070 -0.7070 0.0000
vn -0.7070 -0.7070 0.0000
vn -0.7070 -0.7070 0.0000
vn -0.7070 -0.7070 0.0000
vn -0.7070 -0.7070 0.0000
vn -0.7070 0.7070 0.0000
vn 0.0000 0.7070 0.0000
vn 0.7070 0.7070 0.0000
vn 0.7070 -0.7070 0.0000
vn 0.7070 -0.7070 0.0000
vn 0.7070 -0.7070 0.0000
vn 0.7070 -0.7070 0.0000
vn -0.7070 -0.7070 0.0000
vn -0.7070 -0.7070 0.0000
vn -0.7070 -0.7070 0.0000
vn -0.7070 -0.7070 0.0000
vn -0.7070 0.7070 0.0000
vn 0.0000 0.7070 0.0000
vn 0.7070 0.7070 0.0000
vn 0.7070 -0.7070 0.0000
vn 0.7070 -0.7070 0.0000
vn 0.7070 -0.7070 0.0000
vn 0.7070 -0.7070 0.0000
vn -0.7070 -0.7070 0.0000
vn -0.7070 -0.7070 0.0000
vn -0.7070 -0.7070 0.0000
vn -0.7070 -0.7070 0.0000
vn -0.7070 0.7070 0.0000
vn 0.0000 0.7070 0.0000
vn 0.7070 0.7070 0.0000
vn 0.7070 -0.7070 0.0000
vn 0.7070 -0.7070 0.0000
vn 0.7070 -0.7070 0.0000
vn 0.7070 -0.7070 0.0000
vn -0.7070 -0.7070 0.0000
vn -0.7070 -0.7070 0.0000
vn -0.7070 -0.7070 0.0000
vn -0.7070 -0.7070 0.0000
vn -0.7070 0.7070 0.0000
vn 0.0000 0.7070 0.0000
vn 0.7070 0.7070 0.0000
vn 0.7070 -0.7070 0.0000
vn 0.7070 -0.7070 0.0000
vn 0.7070 -0.7070 0.0000
vn 0.7070 -0.7070 0.0000
vn 0.0000 0.0000 1.0000
vn 0.0000 0.0000 -1.0000
vt 0.0000 0.0000
vt 0.0909 0.0000
vt 0.1818 0.0000
vt 0.2727 0.0000
vt 0.3636 0.0000
vt 0.4545 0.0000
vt 0.5455 0.0000
vt 0.6364 0.0000
vt 0.7273 0.0000
vt 0.8182 0.0000
vt 0.9091 0.0000
vt 0.0000 0.2500
vt 0.0909 0.2500
vt 0.1818 0.2500
vt 0.2727 0.2500
vt 0.3636 0.2500
vt 0.4545 0.2500
vt 0.5455 0.2500
vt 0.6364 0.2500
vt 0.7273 0.2500
vt 0.8182 0.2500
vt 0.9091 0.2500
vt 0.0000 0.5000
vt 0.0909 0.5000
vt 0.1818 0.5000
vt 0.2727 0.5000
vt 0.3636 0.5000
vt 0.4545 0.5000
vt 0.5455 0.5000
vt 0.6364 0.5000
vt 0.7273 0.5000
vt 0.8182 0.5000
vt 0.9091 0.5000
vt 0.0000 0.7500
vt 0.0909 0.7500
vt 0.1818 0.7500
vt 0.2727 0.7500
vt 0.3636 0.7500
vt 0.4545 0.7500
vt 0.5455 0.7500
vt 0.6364 0.7500
vt 0.7273 0.7500
vt 0.8182 0.7500
vt 0.9091 0.7500
vt 0.0000 1.0000
vt 0.0909 1.0000
vt 0.1818 1.0000
vt 0.2727 1.0000
vt 0.3636 1.0000
vt 0.4545 1.0000
vt 0.5455 1.0000
vt 0.6364 1.0000
vt 0.7273 1.0000
vt 0.8182 1.0000
vt 0.9091 1.0000
vt 0.5000 0.5000
vt 0.5000 0.5000
f 2769/2769/2769 2770/2770/2770 2781/2781/2781
f 2769/2769/2769 2781/2781/2781 2780/2780/2780
f 2770/2770/2770 2771/2771/2771 2782/2782/2782
f 2770/2770/2770 2782/2782/2782 2781/2781/2781
f 2771/2771/2771 2772/2772/2772 2783/2783/2783
f 2771/2771/2771 2783/2783/2783 2782/2782/2782
f 2772/2772/2772 2773/2773/2773 2784/2784/2784
f 2772/2772/2772 2784/2784/2784 2783/2783/2783
f 2773/2773/2773 2774/2774/2774 2785/2785/2785
f 2773/2773/2773 2785/2785/2785 2784/2784/2784
f 2774/2774/2774 2775/2775/2775 2786/2786/2786
f 2774/2774/2774 2786/2786/2786 2785/2785/2785
f 2775/2775/2775 2776/2776/2776 2787/2787/2787
f 2775/2775/2775 2787/2787/2787 2786/2786/2786
f 2776/2776/2776 2777/2777/2777 2788/2788/2788
f 2776/2776/2776 2788/2788/2788 2787/2787/2787
f 2777/2777/2777 2778/2778/2778 2789/2789/2789
f 2777/2777/2777 2789/2789/2789 2788/2788/2788
f 2778/2778/2778 2779/2779/2779 2790/2790/2790
f 2778/2778/2778 2790/2790/2790 2789/2789/2789
f 2779/2779/2779 2769/2769/2769 2780/2780/2780
f 2779/2779/2779 2780/2780/2780 2790/2790/2790
f 2780/2780/2780 2781/2781/2781 2792/2792/2792
f 2780/2780/2780 2792/2792/2792 2791/2791/2791
f 2781/2781/2781 2782/2782/2782 2793/2793/2793
f 2781/2781/2781 2793/2793/2793 2792/2792/2792
f 2782/2782/2782 2783/2783/2783 2794/2794/2794
f 2782/2782/2782 2794/2794/2794 2793/2793/2793
f 2783/2783/2783 2784/2784/2784 2795/2795/2795
f 2783/2783/2783 2795/2795/2795 2794/2794/2794
f 2784/2784/2784 2785/2785/2785 2796/2796/2796
f 2784/2784/2784 2796/2796/2796 2795/2795/2795
f 2785/2785/2785 2786/2786/2786 2797/2797/2797
f 2785/2785/2785 2797/2797/2797 2796/2796/2796
f 2786/2786/2786 2787/2787/2787 2798/2798/2798
f 2786/2786/2786 2798/2798/2798 2797/2797/2797
f 2787/2787/2787 2788/2788/2788 2799/2799/2799
f 2787/2787/2787 2799/2799/2799 2798/2798/2798
f 2788/2788/2788 2789/2789/2789 2800/2800/2800
f 2788/2788/2788 2800/2800/2800 2799/2799/2799
f 2789/2789/2789 2790/2790/2790 2801/2801/2801
f 2789/2789/2789 2801/2801/2801 2800/2800/2800
f 2790/2790/2790 2780/2780/2780 2791/2791/2791
f 2790/2790/2790 2791/2791/2791 2801/2801/2801
f 2791/2791/2791 2792/2792/2792 2803/2803/2803
f 2791/2791/2791 2803/2803/2803 2802/2802/2802
f 2792/2792/2792 2793/2793/2793 2804/2804/2804
f 2792/2792/2792 2804/2804/2804 2803/2803/2803
f 2793/2793/2793 2794/2794/2794 2805/2805/2805
f 2793/2793/2793 2805/2805/2805 2804/2804/2804
f 2794/2794/2794 2795/2795/2795 2806/2806/2806
f 2794/2794/2794 2806/2806/2806 2805/2805/2805
f 2795/2795/2795 2796/2796/2796 2807/2807/2807
f 2795/2795/2795 2807/2807/2807 2806/2806/2806
f 2796/2796/2796 2797/2797/2797 2808/2808/2808
f 2796/2796/2796 2808/2808/2808 2807/2807/2807
f 2797/2797/2797 2798/2798/2798 2809/2809/2809
f 2797/2797/2797 2809/2809/2809 2808/2808/2808
f 2798/2798/2798 2799/2799/2799 2810/2810/2810
f 2798/2798/2798 2810/2810/2810 2809/2809/2809
f 2799/2799/2799 2800/2800/2800 2811/2811/2811
f 2799/2799/2799 2811/2811/2811 2810/2810/2810
f 2800/2800/2800 2801/2801/2801 2812/2812/2812
f 2800/2800/2800 2812/2812/2812 2811/2811/2811
f 2801/2801/2801 2791/2791/2791 2802/2802/2802
f 2801/2801/2801 2802/2802/2802 2812/2812/2812
f 2802/2802/2802 2803/2803/2803 2814/2814/2814
f 2802/2802/2802 2814/2814/2814 2813/2813/2813
f 2803/2803/2803 2804/2804/2804 2815/2815/2815
f 2803/2803/2803 2815/2815/2815 2814/2814/2814
f 2804/2804/2804 2805/2805/2805 2816/2816/2816
f 2804/2804/2804 2816/2816/2816 2815/2815/2815
f 2805/2805/2805 2806/2806/2806 2817/2817/2817
f 2805/2805/2805 2817/2817/2817 2816/2816/2816
f 2806/2806/2806 2807/2807/2807 2818/2818/2818
f 2806/2806/2806 2818/2818/2818 2817/2817/2817
f 2807/2807/2807 2808/2808/2808 2819/2819/2819
f 2807/2807/2807 2819/2819/2819 2818/2818/2818
f 2808/2808/2808 2809/2809/2809 2820/2820/2820
f 2808/2808/2808 2820/2820/2820 2819/2819/2819
f 2809/2809/2809 2810/2810/2810 2821/2821/2821
f 2809/2809/2809 2821/2821/2821 2820/2820/2820
f 2810/2810/2810 2811/2811/2811 2822/2822/2822
f 2810/2810/2810 2822/2822/2822 2821/2821/2821
f 2811/2811/2811 2812/2812/2812 2823/2823/2823
f 2811/2811/2811 2823/2823/2823 2822/2822/2822
f 2812/2812/2812 2802/2802/2802 2813/2813/2813
f 2812/2812/2812 2813/2813/2813 2823/2823/2823
f 2824/2824/2824 2813/2813/2824 2814/2814/2824
f 2824/2824/2824 2814/2814/2824 2815/2815/2824
f 2824/2824/2824 2815/2815/2824 2816/2816/2824
f 2824/2824/2824 2816/2816/2824 2817/2817/2824
f 2824/2824/2824 2817/2817/2824 2818/2818/2824
f 2824/2824/2824 2818/2818/2824 2819/2819/2824
f 2824/2824/2824 2819/2819/2824 2820/2820/2824
f 2824/2824/2824 2820/2820/2824 2821/2821/2824
f 2824/2824/2824 2821/2821/2824 2822/2822/2824
f 2824/2824/2824 2822/2822/2824 2823/2823/2824
f 2824/2824/2824 2823/2823/2824 2813/2813/2824
f 2825/2825/2825 2770/2770/2825 2769/2769/2825
f 2825/2825/2825 2771/2771/2825 2770/2770/2825
f 2825/2825/2825 2772/2772/2825 2771/2771/2825
f 2825/2825/2825 2773/2773/2825 2772/2772/2825
f 2825/2825/2825 2774/2774/2825 2773/2773/2825
f 2825/2825/2825 2775/2775/2825 2774/2774/2825
f 2825/2825/2825 2776/2776/2825 2775/2775/2825
f 2825/2825/2825 2777/2777/2825 2776/2776/2825
f 2825/2825/2825 2778/2778/2825 2777/2777/2825
f 2825/2825/2825 2779/2779/2825 2778/2778/2825
f 2825/2825/2825 2769/2769/2825 2779/2779/2825

g Interior_Seats_Row2_Right
usemtl Mat_Seating_Velvet
v -0.4200 0.8500 2.6000
v -0.4400 1.2500 2.6000
v -0.4400 1.5500 2.6000
v -0.4000 1.7500 2.6000
v -0.3500 1.9500 2.6000
v 0.0000 1.9600 2.6000
v 0.3500 1.9500 2.6000
v 0.4000 1.7500 2.6000
v 0.4400 1.5500 2.6000
v 0.4400 1.2500 2.6000
v 0.4200 0.8500 2.6000
v -0.4200 0.8500 2.7400
v -0.4400 1.2500 2.7400
v -0.4400 1.5500 2.7400
v -0.4000 1.7500 2.7400
v -0.3500 1.9500 2.7400
v 0.0000 1.9600 2.7400
v 0.3500 1.9500 2.7400
v 0.4000 1.7500 2.7400
v 0.4400 1.5500 2.7400
v 0.4400 1.2500 2.7400
v 0.4200 0.8500 2.7400
v -0.4200 0.8500 2.8800
v -0.4400 1.2500 2.8800
v -0.4400 1.5500 2.8800
v -0.4000 1.7500 2.8800
v -0.3500 1.9500 2.8800
v 0.0000 1.9600 2.8800
v 0.3500 1.9500 2.8800
v 0.4000 1.7500 2.8800
v 0.4400 1.5500 2.8800
v 0.4400 1.2500 2.8800
v 0.4200 0.8500 2.8800
v -0.4200 0.8500 3.0200
v -0.4400 1.2500 3.0200
v -0.4400 1.5500 3.0200
v -0.4000 1.7500 3.0200
v -0.3500 1.9500 3.0200
v 0.0000 1.9600 3.0200
v 0.3500 1.9500 3.0200
v 0.4000 1.7500 3.0200
v 0.4400 1.5500 3.0200
v 0.4400 1.2500 3.0200
v 0.4200 0.8500 3.0200
v -0.4200 0.8500 3.1600
v -0.4400 1.2500 3.1600
v -0.4400 1.5500 3.1600
v -0.4000 1.7500 3.1600
v -0.3500 1.9500 3.1600
v 0.0000 1.9600 3.1600
v 0.3500 1.9500 3.1600
v 0.4000 1.7500 3.1600
v 0.4400 1.5500 3.1600
v 0.4400 1.2500 3.1600
v 0.4200 0.8500 3.1600
v 0.0000 1.8000 3.1600
v 0.0000 1.8000 2.6000
vn -0.7070 -0.7070 0.0000
vn -0.7070 -0.7070 0.0000
vn -0.7070 -0.7070 0.0000
vn -0.7070 -0.7070 0.0000
vn -0.7070 0.7070 0.0000
vn 0.0000 0.7070 0.0000
vn 0.7070 0.7070 0.0000
vn 0.7070 -0.7070 0.0000
vn 0.7070 -0.7070 0.0000
vn 0.7070 -0.7070 0.0000
vn 0.7070 -0.7070 0.0000
vn -0.7070 -0.7070 0.0000
vn -0.7070 -0.7070 0.0000
vn -0.7070 -0.7070 0.0000
vn -0.7070 -0.7070 0.0000
vn -0.7070 0.7070 0.0000
vn 0.0000 0.7070 0.0000
vn 0.7070 0.7070 0.0000
vn 0.7070 -0.7070 0.0000
vn 0.7070 -0.7070 0.0000
vn 0.7070 -0.7070 0.0000
vn 0.7070 -0.7070 0.0000
vn -0.7070 -0.7070 0.0000
vn -0.7070 -0.7070 0.0000
vn -0.7070 -0.7070 0.0000
vn -0.7070 -0.7070 0.0000
vn -0.7070 0.7070 0.0000
vn 0.0000 0.7070 0.0000
vn 0.7070 0.7070 0.0000
vn 0.7070 -0.7070 0.0000
vn 0.7070 -0.7070 0.0000
vn 0.7070 -0.7070 0.0000
vn 0.7070 -0.7070 0.0000
vn -0.7070 -0.7070 0.0000
vn -0.7070 -0.7070 0.0000
vn -0.7070 -0.7070 0.0000
vn -0.7070 -0.7070 0.0000
vn -0.7070 0.7070 0.0000
vn 0.0000 0.7070 0.0000
vn 0.7070 0.7070 0.0000
vn 0.7070 -0.7070 0.0000
vn 0.7070 -0.7070 0.0000
vn 0.7070 -0.7070 0.0000
vn 0.7070 -0.7070 0.0000
vn -0.7070 -0.7070 0.0000
vn -0.7070 -0.7070 0.0000
vn -0.7070 -0.7070 0.0000
vn -0.7070 -0.7070 0.0000
vn -0.7070 0.7070 0.0000
vn 0.0000 0.7070 0.0000
vn 0.7070 0.7070 0.0000
vn 0.7070 -0.7070 0.0000
vn 0.7070 -0.7070 0.0000
vn 0.7070 -0.7070 0.0000
vn 0.7070 -0.7070 0.0000
vn 0.0000 0.0000 1.0000
vn 0.0000 0.0000 -1.0000
vt 0.0000 0.0000
vt 0.0909 0.0000
vt 0.1818 0.0000
vt 0.2727 0.0000
vt 0.3636 0.0000
vt 0.4545 0.0000
vt 0.5455 0.0000
vt 0.6364 0.0000
vt 0.7273 0.0000
vt 0.8182 0.0000
vt 0.9091 0.0000
vt 0.0000 0.2500
vt 0.0909 0.2500
vt 0.1818 0.2500
vt 0.2727 0.2500
vt 0.3636 0.2500
vt 0.4545 0.2500
vt 0.5455 0.2500
vt 0.6364 0.2500
vt 0.7273 0.2500
vt 0.8182 0.2500
vt 0.9091 0.2500
vt 0.0000 0.5000
vt 0.0909 0.5000
vt 0.1818 0.5000
vt 0.2727 0.5000
vt 0.3636 0.5000
vt 0.4545 0.5000
vt 0.5455 0.5000
vt 0.6364 0.5000
vt 0.7273 0.5000
vt 0.8182 0.5000
vt 0.9091 0.5000
vt 0.0000 0.7500
vt 0.0909 0.7500
vt 0.1818 0.7500
vt 0.2727 0.7500
vt 0.3636 0.7500
vt 0.4545 0.7500
vt 0.5455 0.7500
vt 0.6364 0.7500
vt 0.7273 0.7500
vt 0.8182 0.7500
vt 0.9091 0.7500
vt 0.0000 1.0000
vt 0.0909 1.0000
vt 0.1818 1.0000
vt 0.2727 1.0000
vt 0.3636 1.0000
vt 0.4545 1.0000
vt 0.5455 1.0000
vt 0.6364 1.0000
vt 0.7273 1.0000
vt 0.8182 1.0000
vt 0.9091 1.0000
vt 0.5000 0.5000
vt 0.5000 0.5000
f 2826/2826/2826 2827/2827/2827 2838/2838/2838
f 2826/2826/2826 2838/2838/2838 2837/2837/2837
f 2827/2827/2827 2828/2828/2828 2839/2839/2839
f 2827/2827/2827 2839/2839/2839 2838/2838/2838
f 2828/2828/2828 2829/2829/2829 2840/2840/2840
f 2828/2828/2828 2840/2840/2840 2839/2839/2839
f 2829/2829/2829 2830/2830/2830 2841/2841/2841
f 2829/2829/2829 2841/2841/2841 2840/2840/2840
f 2830/2830/2830 2831/2831/2831 2842/2842/2842
f 2830/2830/2830 2842/2842/2842 2841/2841/2841
f 2831/2831/2831 2832/2832/2832 2843/2843/2843
f 2831/2831/2831 2843/2843/2843 2842/2842/2842
f 2832/2832/2832 2833/2833/2833 2844/2844/2844
f 2832/2832/2832 2844/2844/2844 2843/2843/2843
f 2833/2833/2833 2834/2834/2834 2845/2845/2845
f 2833/2833/2833 2845/2845/2845 2844/2844/2844
f 2834/2834/2834 2835/2835/2835 2846/2846/2846
f 2834/2834/2834 2846/2846/2846 2845/2845/2845
f 2835/2835/2835 2836/2836/2836 2847/2847/2847
f 2835/2835/2835 2847/2847/2847 2846/2846/2846
f 2836/2836/2836 2826/2826/2826 2837/2837/2837
f 2836/2836/2836 2837/2837/2837 2847/2847/2847
f 2837/2837/2837 2838/2838/2838 2849/2849/2849
f 2837/2837/2837 2849/2849/2849 2848/2848/2848
f 2838/2838/2838 2839/2839/2839 2850/2850/2850
f 2838/2838/2838 2850/2850/2850 2849/2849/2849
f 2839/2839/2839 2840/2840/2840 2851/2851/2851
f 2839/2839/2839 2851/2851/2851 2850/2850/2850
f 2840/2840/2840 2841/2841/2841 2852/2852/2852
f 2840/2840/2840 2852/2852/2852 2851/2851/2851
f 2841/2841/2841 2842/2842/2842 2853/2853/2853
f 2841/2841/2841 2853/2853/2853 2852/2852/2852
f 2842/2842/2842 2843/2843/2843 2854/2854/2854
f 2842/2842/2842 2854/2854/2854 2853/2853/2853
f 2843/2843/2843 2844/2844/2844 2855/2855/2855
f 2843/2843/2843 2855/2855/2855 2854/2854/2854
f 2844/2844/2844 2845/2845/2845 2856/2856/2856
f 2844/2844/2844 2856/2856/2856 2855/2855/2855
f 2845/2845/2845 2846/2846/2846 2857/2857/2857
f 2845/2845/2845 2857/2857/2857 2856/2856/2856
f 2846/2846/2846 2847/2847/2847 2858/2858/2858
f 2846/2846/2846 2858/2858/2858 2857/2857/2857
f 2847/2847/2847 2837/2837/2837 2848/2848/2848
f 2847/2847/2847 2848/2848/2848 2858/2858/2858
f 2848/2848/2848 2849/2849/2849 2860/2860/2860
f 2848/2848/2848 2860/2860/2860 2859/2859/2859
f 2849/2849/2849 2850/2850/2850 2861/2861/2861
f 2849/2849/2849 2861/2861/2861 2860/2860/2860
f 2850/2850/2850 2851/2851/2851 2862/2862/2862
f 2850/2850/2850 2862/2862/2862 2861/2861/2861
f 2851/2851/2851 2852/2852/2852 2863/2863/2863
f 2851/2851/2851 2863/2863/2863 2862/2862/2862
f 2852/2852/2852 2853/2853/2853 2864/2864/2864
f 2852/2852/2852 2864/2864/2864 2863/2863/2863
f 2853/2853/2853 2854/2854/2854 2865/2865/2865
f 2853/2853/2853 2865/2865/2865 2864/2864/2864
f 2854/2854/2854 2855/2855/2855 2866/2866/2866
f 2854/2854/2854 2866/2866/2866 2865/2865/2865
f 2855/2855/2855 2856/2856/2856 2867/2867/2867
f 2855/2855/2855 2867/2867/2867 2866/2866/2866
f 2856/2856/2856 2857/2857/2857 2868/2868/2868
f 2856/2856/2856 2868/2868/2868 2867/2867/2867
f 2857/2857/2857 2858/2858/2858 2869/2869/2869
f 2857/2857/2857 2869/2869/2869 2868/2868/2868
f 2858/2858/2858 2848/2848/2848 2859/2859/2859
f 2858/2858/2858 2859/2859/2859 2869/2869/2869
f 2859/2859/2859 2860/2860/2860 2871/2871/2871
f 2859/2859/2859 2871/2871/2871 2870/2870/2870
f 2860/2860/2860 2861/2861/2861 2872/2872/2872
f 2860/2860/2860 2872/2872/2872 2871/2871/2871
f 2861/2861/2861 2862/2862/2862 2873/2873/2873
f 2861/2861/2861 2873/2873/2873 2872/2872/2872
f 2862/2862/2862 2863/2863/2863 2874/2874/2874
f 2862/2862/2862 2874/2874/2874 2873/2873/2873
f 2863/2863/2863 2864/2864/2864 2875/2875/2875
f 2863/2863/2863 2875/2875/2875 2874/2874/2874
f 2864/2864/2864 2865/2865/2865 2876/2876/2876
f 2864/2864/2864 2876/2876/2876 2875/2875/2875
f 2865/2865/2865 2866/2866/2866 2877/2877/2877
f 2865/2865/2865 2877/2877/2877 2876/2876/2876
f 2866/2866/2866 2867/2867/2867 2878/2878/2878
f 2866/2866/2866 2878/2878/2878 2877/2877/2877
f 2867/2867/2867 2868/2868/2868 2879/2879/2879
f 2867/2867/2867 2879/2879/2879 2878/2878/2878
f 2868/2868/2868 2869/2869/2869 2880/2880/2880
f 2868/2868/2868 2880/2880/2880 2879/2879/2879
f 2869/2869/2869 2859/2859/2859 2870/2870/2870
f 2869/2869/2869 2870/2870/2870 2880/2880/2880
f 2881/2881/2881 2870/2870/2881 2871/2871/2881
f 2881/2881/2881 2871/2871/2881 2872/2872/2881
f 2881/2881/2881 2872/2872/2881 2873/2873/2881
f 2881/2881/2881 2873/2873/2881 2874/2874/2881
f 2881/2881/2881 2874/2874/2881 2875/2875/2881
f 2881/2881/2881 2875/2875/2881 2876/2876/2881
f 2881/2881/2881 2876/2876/2881 2877/2877/2881
f 2881/2881/2881 2877/2877/2881 2878/2878/2881
f 2881/2881/2881 2878/2878/2881 2879/2879/2881
f 2881/2881/2881 2879/2879/2881 2880/2880/2881
f 2881/2881/2881 2880/2880/2881 2870/2870/2881
f 2882/2882/2882 2827/2827/2882 2826/2826/2882
f 2882/2882/2882 2828/2828/2882 2827/2827/2882
f 2882/2882/2882 2829/2829/2882 2828/2828/2882
f 2882/2882/2882 2830/2830/2882 2829/2829/2882
f 2882/2882/2882 2831/2831/2882 2830/2830/2882
f 2882/2882/2882 2832/2832/2882 2831/2831/2882
f 2882/2882/2882 2833/2833/2882 2832/2832/2882
f 2882/2882/2882 2834/2834/2882 2833/2833/2882
f 2882/2882/2882 2835/2835/2882 2834/2834/2882
f 2882/2882/2882 2836/2836/2882 2835/2835/2882
f 2882/2882/2882 2826/2826/2882 2836/2836/2882

g Interior_Seats_Row3_Left
usemtl Mat_Seating_Velvet
v -0.4200 0.8500 1.6800
v -0.4400 1.2500 1.6800
v -0.4400 1.5500 1.6800
v -0.4000 1.7500 1.6800
v -0.3500 1.9500 1.6800
v 0.0000 1.9600 1.6800
v 0.3500 1.9500 1.6800
v 0.4000 1.7500 1.6800
v 0.4400 1.5500 1.6800
v 0.4400 1.2500 1.6800
v 0.4200 0.8500 1.6800
v -0.4200 0.8500 1.8200
v -0.4400 1.2500 1.8200
v -0.4400 1.5500 1.8200
v -0.4000 1.7500 1.8200
v -0.3500 1.9500 1.8200
v 0.0000 1.9600 1.8200
v 0.3500 1.9500 1.8200
v 0.4000 1.7500 1.8200
v 0.4400 1.5500 1.8200
v 0.4400 1.2500 1.8200
v 0.4200 0.8500 1.8200
v -0.4200 0.8500 1.9600
v -0.4400 1.2500 1.9600
v -0.4400 1.5500 1.9600
v -0.4000 1.7500 1.9600
v -0.3500 1.9500 1.9600
v 0.0000 1.9600 1.9600
v 0.3500 1.9500 1.9600
v 0.4000 1.7500 1.9600
v 0.4400 1.5500 1.9600
v 0.4400 1.2500 1.9600
v 0.4200 0.8500 1.9600
v -0.4200 0.8500 2.1000
v -0.4400 1.2500 2.1000
v -0.4400 1.5500 2.1000
v -0.4000 1.7500 2.1000
v -0.3500 1.9500 2.1000
v 0.0000 1.9600 2.1000
v 0.3500 1.9500 2.1000
v 0.4000 1.7500 2.1000
v 0.4400 1.5500 2.1000
v 0.4400 1.2500 2.1000
v 0.4200 0.8500 2.1000
v -0.4200 0.8500 2.2400
v -0.4400 1.2500 2.2400
v -0.4400 1.5500 2.2400
v -0.4000 1.7500 2.2400
v -0.3500 1.9500 2.2400
v 0.0000 1.9600 2.2400
v 0.3500 1.9500 2.2400
v 0.4000 1.7500 2.2400
v 0.4400 1.5500 2.2400
v 0.4400 1.2500 2.2400
v 0.4200 0.8500 2.2400
v 0.0000 1.8000 2.2400
v 0.0000 1.8000 1.6800
vn -0.7070 -0.7070 0.0000
vn -0.7070 -0.7070 0.0000
vn -0.7070 -0.7070 0.0000
vn -0.7070 -0.7070 0.0000
vn -0.7070 0.7070 0.0000
vn 0.0000 0.7070 0.0000
vn 0.7070 0.7070 0.0000
vn 0.7070 -0.7070 0.0000
vn 0.7070 -0.7070 0.0000
vn 0.7070 -0.7070 0.0000
vn 0.7070 -0.7070 0.0000
vn -0.7070 -0.7070 0.0000
vn -0.7070 -0.7070 0.0000
vn -0.7070 -0.7070 0.0000
vn -0.7070 -0.7070 0.0000
vn -0.7070 0.7070 0.0000
vn 0.0000 0.7070 0.0000
vn 0.7070 0.7070 0.0000
vn 0.7070 -0.7070 0.0000
vn 0.7070 -0.7070 0.0000
vn 0.7070 -0.7070 0.0000
vn 0.7070 -0.7070 0.0000
vn -0.7070 -0.7070 0.0000
vn -0.7070 -0.7070 0.0000
vn -0.7070 -0.7070 0.0000
vn -0.7070 -0.7070 0.0000
vn -0.7070 0.7070 0.0000
vn 0.0000 0.7070 0.0000
vn 0.7070 0.7070 0.0000
vn 0.7070 -0.7070 0.0000
vn 0.7070 -0.7070 0.0000
vn 0.7070 -0.7070 0.0000
vn 0.7070 -0.7070 0.0000
vn -0.7070 -0.7070 0.0000
vn -0.7070 -0.7070 0.0000
vn -0.7070 -0.7070 0.0000
vn -0.7070 -0.7070 0.0000
vn -0.7070 0.7070 0.0000
vn 0.0000 0.7070 0.0000
vn 0.7070 0.7070 0.0000
vn 0.7070 -0.7070 0.0000
vn 0.7070 -0.7070 0.0000
vn 0.7070 -0.7070 0.0000
vn 0.7070 -0.7070 0.0000
vn -0.7070 -0.7070 0.0000
vn -0.7070 -0.7070 0.0000
vn -0.7070 -0.7070 0.0000
vn -0.7070 -0.7070 0.0000
vn -0.7070 0.7070 0.0000
vn 0.0000 0.7070 0.0000
vn 0.7070 0.7070 0.0000
vn 0.7070 -0.7070 0.0000
vn 0.7070 -0.7070 0.0000
vn 0.7070 -0.7070 0.0000
vn 0.7070 -0.7070 0.0000
vn 0.0000 0.0000 1.0000
vn 0.0000 0.0000 -1.0000
vt 0.0000 0.0000
vt 0.0909 0.0000
vt 0.1818 0.0000
vt 0.2727 0.0000
vt 0.3636 0.0000
vt 0.4545 0.0000
vt 0.5455 0.0000
vt 0.6364 0.0000
vt 0.7273 0.0000
vt 0.8182 0.0000
vt 0.9091 0.0000
vt 0.0000 0.2500
vt 0.0909 0.2500
vt 0.1818 0.2500
vt 0.2727 0.2500
vt 0.3636 0.2500
vt 0.4545 0.2500
vt 0.5455 0.2500
vt 0.6364 0.2500
vt 0.7273 0.2500
vt 0.8182 0.2500
vt 0.9091 0.2500
vt 0.0000 0.5000
vt 0.0909 0.5000
vt 0.1818 0.5000
vt 0.2727 0.5000
vt 0.3636 0.5000
vt 0.4545 0.5000
vt 0.5455 0.5000
vt 0.6364 0.5000
vt 0.7273 0.5000
vt 0.8182 0.5000
vt 0.9091 0.5000
vt 0.0000 0.7500
vt 0.0909 0.7500
vt 0.1818 0.7500
vt 0.2727 0.7500
vt 0.3636 0.7500
vt 0.4545 0.7500
vt 0.5455 0.7500
vt 0.6364 0.7500
vt 0.7273 0.7500
vt 0.8182 0.7500
vt 0.9091 0.7500
vt 0.0000 1.0000
vt 0.0909 1.0000
vt 0.1818 1.0000
vt 0.2727 1.0000
vt 0.3636 1.0000
vt 0.4545 1.0000
vt 0.5455 1.0000
vt 0.6364 1.0000
vt 0.7273 1.0000
vt 0.8182 1.0000
vt 0.9091 1.0000
vt 0.5000 0.5000
vt 0.5000 0.5000
f 2883/2883/2883 2884/2884/2884 2895/2895/2895
f 2883/2883/2883 2895/2895/2895 2894/2894/2894
f 2884/2884/2884 2885/2885/2885 2896/2896/2896
f 2884/2884/2884 2896/2896/2896 2895/2895/2895
f 2885/2885/2885 2886/2886/2886 2897/2897/2897
f 2885/2885/2885 2897/2897/2897 2896/2896/2896
f 2886/2886/2886 2887/2887/2887 2898/2898/2898
f 2886/2886/2886 2898/2898/2898 2897/2897/2897
f 2887/2887/2887 2888/2888/2888 2899/2899/2899
f 2887/2887/2887 2899/2899/2899 2898/2898/2898
f 2888/2888/2888 2889/2889/2889 2900/2900/2900
f 2888/2888/2888 2900/2900/2900 2899/2899/2899
f 2889/2889/2889 2890/2890/2890 2901/2901/2901
f 2889/2889/2889 2901/2901/2901 2900/2900/2900
f 2890/2890/2890 2891/2891/2891 2902/2902/2902
f 2890/2890/2890 2902/2902/2902 2901/2901/2901
f 2891/2891/2891 2892/2892/2892 2903/2903/2903
f 2891/2891/2891 2903/2903/2903 2902/2902/2902
f 2892/2892/2892 2893/2893/2893 2904/2904/2904
f 2892/2892/2892 2904/2904/2904 2903/2903/2903
f 2893/2893/2893 2883/2883/2883 2894/2894/2894
f 2893/2893/2893 2894/2894/2894 2904/2904/2904
f 2894/2894/2894 2895/2895/2895 2906/2906/2906
f 2894/2894/2894 2906/2906/2906 2905/2905/2905
f 2895/2895/2895 2896/2896/2896 2907/2907/2907
f 2895/2895/2895 2907/2907/2907 2906/2906/2906
f 2896/2896/2896 2897/2897/2897 2908/2908/2908
f 2896/2896/2896 2908/2908/2908 2907/2907/2907
f 2897/2897/2897 2898/2898/2898 2909/2909/2909
f 2897/2897/2897 2909/2909/2909 2908/2908/2908
f 2898/2898/2898 2899/2899/2899 2910/2910/2910
f 2898/2898/2898 2910/2910/2910 2909/2909/2909
f 2899/2899/2899 2900/2900/2900 2911/2911/2911
f 2899/2899/2899 2911/2911/2911 2910/2910/2910
f 2900/2900/2900 2901/2901/2901 2912/2912/2912
f 2900/2900/2900 2912/2912/2912 2911/2911/2911
f 2901/2901/2901 2902/2902/2902 2913/2913/2913
f 2901/2901/2901 2913/2913/2913 2912/2912/2912
f 2902/2902/2902 2903/2903/2903 2914/2914/2914
f 2902/2902/2902 2914/2914/2914 2913/2913/2913
f 2903/2903/2903 2904/2904/2904 2915/2915/2915
f 2903/2903/2903 2915/2915/2915 2914/2914/2914
f 2904/2904/2904 2894/2894/2894 2905/2905/2905
f 2904/2904/2904 2905/2905/2905 2915/2915/2915
f 2905/2905/2905 2906/2906/2906 2917/2917/2917
f 2905/2905/2905 2917/2917/2917 2916/2916/2916
f 2906/2906/2906 2907/2907/2907 2918/2918/2918
f 2906/2906/2906 2918/2918/2918 2917/2917/2917
f 2907/2907/2907 2908/2908/2908 2919/2919/2919
f 2907/2907/2907 2919/2919/2919 2918/2918/2918
f 2908/2908/2908 2909/2909/2909 2920/2920/2920
f 2908/2908/2908 2920/2920/2920 2919/2919/2919
f 2909/2909/2909 2910/2910/2910 2921/2921/2921
f 2909/2909/2909 2921/2921/2921 2920/2920/2920
f 2910/2910/2910 2911/2911/2911 2922/2922/2922
f 2910/2910/2910 2922/2922/2922 2921/2921/2921
f 2911/2911/2911 2912/2912/2912 2923/2923/2923
f 2911/2911/2911 2923/2923/2923 2922/2922/2922
f 2912/2912/2912 2913/2913/2913 2924/2924/2924
f 2912/2912/2912 2924/2924/2924 2923/2923/2923
f 2913/2913/2913 2914/2914/2914 2925/2925/2925
f 2913/2913/2913 2925/2925/2925 2924/2924/2924
f 2914/2914/2914 2915/2915/2915 2926/2926/2926
f 2914/2914/2914 2926/2926/2926 2925/2925/2925
f 2915/2915/2915 2905/2905/2905 2916/2916/2916
f 2915/2915/2915 2916/2916/2916 2926/2926/2926
f 2916/2916/2916 2917/2917/2917 2928/2928/2928
f 2916/2916/2916 2928/2928/2928 2927/2927/2927
f 2917/2917/2917 2918/2918/2918 2929/2929/2929
f 2917/2917/2917 2929/2929/2929 2928/2928/2928
f 2918/2918/2918 2919/2919/2919 2930/2930/2930
f 2918/2918/2918 2930/2930/2930 2929/2929/2929
f 2919/2919/2919 2920/2920/2920 2931/2931/2931
f 2919/2919/2919 2931/2931/2931 2930/2930/2930
f 2920/2920/2920 2921/2921/2921 2932/2932/2932
f 2920/2920/2920 2932/2932/2932 2931/2931/2931
f 2921/2921/2921 2922/2922/2922 2933/2933/2933
f 2921/2921/2921 2933/2933/2933 2932/2932/2932
f 2922/2922/2922 2923/2923/2923 2934/2934/2934
f 2922/2922/2922 2934/2934/2934 2933/2933/2933
f 2923/2923/2923 2924/2924/2924 2935/2935/2935
f 2923/2923/2923 2935/2935/2935 2934/2934/2934
f 2924/2924/2924 2925/2925/2925 2936/2936/2936
f 2924/2924/2924 2936/2936/2936 2935/2935/2935
f 2925/2925/2925 2926/2926/2926 2937/2937/2937
f 2925/2925/2925 2937/2937/2937 2936/2936/2936
f 2926/2926/2926 2916/2916/2916 2927/2927/2927
f 2926/2926/2926 2927/2927/2927 2937/2937/2937
f 2938/2938/2938 2927/2927/2938 2928/2928/2938
f 2938/2938/2938 2928/2928/2938 2929/2929/2938
f 2938/2938/2938 2929/2929/2938 2930/2930/2938
f 2938/2938/2938 2930/2930/2938 2931/2931/2938
f 2938/2938/2938 2931/2931/2938 2932/2932/2938
f 2938/2938/2938 2932/2932/2938 2933/2933/2938
f 2938/2938/2938 2933/2933/2938 2934/2934/2938
f 2938/2938/2938 2934/2934/2938 2935/2935/2938
f 2938/2938/2938 2935/2935/2938 2936/2936/2938
f 2938/2938/2938 2936/2936/2938 2937/2937/2938
f 2938/2938/2938 2937/2937/2938 2927/2927/2938
f 2939/2939/2939 2884/2884/2939 2883/2883/2939
f 2939/2939/2939 2885/2885/2939 2884/2884/2939
f 2939/2939/2939 2886/2886/2939 2885/2885/2939
f 2939/2939/2939 2887/2887/2939 2886/2886/2939
f 2939/2939/2939 2888/2888/2939 2887/2887/2939
f 2939/2939/2939 2889/2889/2939 2888/2888/2939
f 2939/2939/2939 2890/2890/2939 2889/2889/2939
f 2939/2939/2939 2891/2891/2939 2890/2890/2939
f 2939/2939/2939 2892/2892/2939 2891/2891/2939
f 2939/2939/2939 2893/2893/2939 2892/2892/2939
f 2939/2939/2939 2883/2883/2939 2893/2893/2939

g Interior_Seats_Row3_Right
usemtl Mat_Seating_Velvet
v -0.4200 0.8500 1.6800
v -0.4400 1.2500 1.6800
v -0.4400 1.5500 1.6800
v -0.4000 1.7500 1.6800
v -0.3500 1.9500 1.6800
v 0.0000 1.9600 1.6800
v 0.3500 1.9500 1.6800
v 0.4000 1.7500 1.6800
v 0.4400 1.5500 1.6800
v 0.4400 1.2500 1.6800
v 0.4200 0.8500 1.6800
v -0.4200 0.8500 1.8200
v -0.4400 1.2500 1.8200
v -0.4400 1.5500 1.8200
v -0.4000 1.7500 1.8200
v -0.3500 1.9500 1.8200
v 0.0000 1.9600 1.8200
v 0.3500 1.9500 1.8200
v 0.4000 1.7500 1.8200
v 0.4400 1.5500 1.8200
v 0.4400 1.2500 1.8200
v 0.4200 0.8500 1.8200
v -0.4200 0.8500 1.9600
v -0.4400 1.2500 1.9600
v -0.4400 1.5500 1.9600
v -0.4000 1.7500 1.9600
v -0.3500 1.9500 1.9600
v 0.0000 1.9600 1.9600
v 0.3500 1.9500 1.9600
v 0.4000 1.7500 1.9600
v 0.4400 1.5500 1.9600
v 0.4400 1.2500 1.9600
v 0.4200 0.8500 1.9600
v -0.4200 0.8500 2.1000
v -0.4400 1.2500 2.1000
v -0.4400 1.5500 2.1000
v -0.4000 1.7500 2.1000
v -0.3500 1.9500 2.1000
v 0.0000 1.9600 2.1000
v 0.3500 1.9500 2.1000
v 0.4000 1.7500 2.1000
v 0.4400 1.5500 2.1000
v 0.4400 1.2500 2.1000
v 0.4200 0.8500 2.1000
v -0.4200 0.8500 2.2400
v -0.4400 1.2500 2.2400
v -0.4400 1.5500 2.2400
v -0.4000 1.7500 2.2400
v -0.3500 1.9500 2.2400
v 0.0000 1.9600 2.2400
v 0.3500 1.9500 2.2400
v 0.4000 1.7500 2.2400
v 0.4400 1.5500 2.2400
v 0.4400 1.2500 2.2400
v 0.4200 0.8500 2.2400
v 0.0000 1.8000 2.2400
v 0.0000 1.8000 1.6800
vn -0.7070 -0.7070 0.0000
vn -0.7070 -0.7070 0.0000
vn -0.7070 -0.7070 0.0000
vn -0.7070 -0.7070 0.0000
vn -0.7070 0.7070 0.0000
vn 0.0000 0.7070 0.0000
vn 0.7070 0.7070 0.0000
vn 0.7070 -0.7070 0.0000
vn 0.7070 -0.7070 0.0000
vn 0.7070 -0.7070 0.0000
vn 0.7070 -0.7070 0.0000
vn -0.7070 -0.7070 0.0000
vn -0.7070 -0.7070 0.0000
vn -0.7070 -0.7070 0.0000
vn -0.7070 -0.7070 0.0000
vn -0.7070 0.7070 0.0000
vn 0.0000 0.7070 0.0000
vn 0.7070 0.7070 0.0000
vn 0.7070 -0.7070 0.0000
vn 0.7070 -0.7070 0.0000
vn 0.7070 -0.7070 0.0000
vn 0.7070 -0.7070 0.0000
vn -0.7070 -0.7070 0.0000
vn -0.7070 -0.7070 0.0000
vn -0.7070 -0.7070 0.0000
vn -0.7070 -0.7070 0.0000
vn -0.7070 0.7070 0.0000
vn 0.0000 0.7070 0.0000
vn 0.7070 0.7070 0.0000
vn 0.7070 -0.7070 0.0000
vn 0.7070 -0.7070 0.0000
vn 0.7070 -0.7070 0.0000
vn 0.7070 -0.7070 0.0000
vn -0.7070 -0.7070 0.0000
vn -0.7070 -0.7070 0.0000
vn -0.7070 -0.7070 0.0000
vn -0.7070 -0.7070 0.0000
vn -0.7070 0.7070 0.0000
vn 0.0000 0.7070 0.0000
vn 0.7070 0.7070 0.0000
vn 0.7070 -0.7070 0.0000
vn 0.7070 -0.7070 0.0000
vn 0.7070 -0.7070 0.0000
vn 0.7070 -0.7070 0.0000
vn -0.7070 -0.7070 0.0000
vn -0.7070 -0.7070 0.0000
vn -0.7070 -0.7070 0.0000
vn -0.7070 -0.7070 0.0000
vn -0.7070 0.7070 0.0000
vn 0.0000 0.7070 0.0000
vn 0.7070 0.7070 0.0000
vn 0.7070 -0.7070 0.0000
vn 0.7070 -0.7070 0.0000
vn 0.7070 -0.7070 0.0000
vn 0.7070 -0.7070 0.0000
vn 0.0000 0.0000 1.0000
vn 0.0000 0.0000 -1.0000
vt 0.0000 0.0000
vt 0.0909 0.0000
vt 0.1818 0.0000
vt 0.2727 0.0000
vt 0.3636 0.0000
vt 0.4545 0.0000
vt 0.5455 0.0000
vt 0.6364 0.0000
vt 0.7273 0.0000
vt 0.8182 0.0000
vt 0.9091 0.0000
vt 0.0000 0.2500
vt 0.0909 0.2500
vt 0.1818 0.2500
vt 0.2727 0.2500
vt 0.3636 0.2500
vt 0.4545 0.2500
vt 0.5455 0.2500
vt 0.6364 0.2500
vt 0.7273 0.2500
vt 0.8182 0.2500
vt 0.9091 0.2500
vt 0.0000 0.5000
vt 0.0909 0.5000
vt 0.1818 0.5000
vt 0.2727 0.5000
vt 0.3636 0.5000
vt 0.4545 0.5000
vt 0.5455 0.5000
vt 0.6364 0.5000
vt 0.7273 0.5000
vt 0.8182 0.5000
vt 0.9091 0.5000
vt 0.0000 0.7500
vt 0.0909 0.7500
vt 0.1818 0.7500
vt 0.2727 0.7500
vt 0.3636 0.7500
vt 0.4545 0.7500
vt 0.5455 0.7500
vt 0.6364 0.7500
vt 0.7273 0.7500
vt 0.8182 0.7500
vt 0.9091 0.7500
vt 0.0000 1.0000
vt 0.0909 1.0000
vt 0.1818 1.0000
vt 0.2727 1.0000
vt 0.3636 1.0000
vt 0.4545 1.0000
vt 0.5455 1.0000
vt 0.6364 1.0000
vt 0.7273 1.0000
vt 0.8182 1.0000
vt 0.9091 1.0000
vt 0.5000 0.5000
vt 0.5000 0.5000
f 2940/2940/2940 2941/2941/2941 2952/2952/2952
f 2940/2940/2940 2952/2952/2952 2951/2951/2951
f 2941/2941/2941 2942/2942/2942 2953/2953/2953
f 2941/2941/2941 2953/2953/2953 2952/2952/2952
f 2942/2942/2942 2943/2943/2943 2954/2954/2954
f 2942/2942/2942 2954/2954/2954 2953/2953/2953
f 2943/2943/2943 2944/2944/2944 2955/2955/2955
f 2943/2943/2943 2955/2955/2955 2954/2954/2954
f 2944/2944/2944 2945/2945/2945 2956/2956/2956
f 2944/2944/2944 2956/2956/2956 2955/2955/2955
f 2945/2945/2945 2946/2946/2946 2957/2957/2957
f 2945/2945/2945 2957/2957/2957 2956/2956/2956
f 2946/2946/2946 2947/2947/2947 2958/2958/2958
f 2946/2946/2946 2958/2958/2958 2957/2957/2957
f 2947/2947/2947 2948/2948/2948 2959/2959/2959
f 2947/2947/2947 2959/2959/2959 2958/2958/2958
f 2948/2948/2948 2949/2949/2949 2960/2960/2960
f 2948/2948/2948 2960/2960/2960 2959/2959/2959
f 2949/2949/2949 2950/2950/2950 2961/2961/2961
f 2949/2949/2949 2961/2961/2961 2960/2960/2960
f 2950/2950/2950 2940/2940/2940 2951/2951/2951
f 2950/2950/2950 2951/2951/2951 2961/2961/2961
f 2951/2951/2951 2952/2952/2952 2963/2963/2963
f 2951/2951/2951 2963/2963/2963 2962/2962/2962
f 2952/2952/2952 2953/2953/2953 2964/2964/2964
f 2952/2952/2952 2964/2964/2964 2963/2963/2963
f 2953/2953/2953 2954/2954/2954 2965/2965/2965
f 2953/2953/2953 2965/2965/2965 2964/2964/2964
f 2954/2954/2954 2955/2955/2955 2966/2966/2966
f 2954/2954/2954 2966/2966/2966 2965/2965/2965
f 2955/2955/2955 2956/2956/2956 2967/2967/2967
f 2955/2955/2955 2967/2967/2967 2966/2966/2966
f 2956/2956/2956 2957/2957/2957 2968/2968/2968
f 2956/2956/2956 2968/2968/2968 2967/2967/2967
f 2957/2957/2957 2958/2958/2958 2969/2969/2969
f 2957/2957/2957 2969/2969/2969 2968/2968/2968
f 2958/2958/2958 2959/2959/2959 2970/2970/2970
f 2958/2958/2958 2970/2970/2970 2969/2969/2969
f 2959/2959/2959 2960/2960/2960 2971/2971/2971
f 2959/2959/2959 2971/2971/2971 2970/2970/2970
f 2960/2960/2960 2961/2961/2961 2972/2972/2972
f 2960/2960/2960 2972/2972/2972 2971/2971/2971
f 2961/2961/2961 2951/2951/2951 2962/2962/2962
f 2961/2961/2961 2962/2962/2962 2972/2972/2972
f 2962/2962/2962 2963/2963/2963 2974/2974/2974
f 2962/2962/2962 2974/2974/2974 2973/2973/2973
f 2963/2963/2963 2964/2964/2964 2975/2975/2975
f 2963/2963/2963 2975/2975/2975 2974/2974/2974
f 2964/2964/2964 2965/2965/2965 2976/2976/2976
f 2964/2964/2964 2976/2976/2976 2975/2975/2975
f 2965/2965/2965 2966/2966/2966 2977/2977/2977
f 2965/2965/2965 2977/2977/2977 2976/2976/2976
f 2966/2966/2966 2967/2967/2967 2978/2978/2978
f 2966/2966/2966 2978/2978/2978 2977/2977/2977
f 2967/2967/2967 2968/2968/2968 2979/2979/2979
f 2967/2967/2967 2979/2979/2979 2978/2978/2978
f 2968/2968/2968 2969/2969/2969 2980/2980/2980
f 2968/2968/2968 2980/2980/2980 2979/2979/2979
f 2969/2969/2969 2970/2970/2970 2981/2981/2981
f 2969/2969/2969 2981/2981/2981 2980/2980/2980
f 2970/2970/2970 2971/2971/2971 2982/2982/2982
f 2970/2970/2970 2982/2982/2982 2981/2981/2981
f 2971/2971/2971 2972/2972/2972 2983/2983/2983
f 2971/2971/2971 2983/2983/2983 2982/2982/2982
f 2972/2972/2972 2962/2962/2962 2973/2973/2973
f 2972/2972/2972 2973/2973/2973 2983/2983/2983
f 2973/2973/2973 2974/2974/2974 2985/2985/2985
f 2973/2973/2973 2985/2985/2985 2984/2984/2984
f 2974/2974/2974 2975/2975/2975 2986/2986/2986
f 2974/2974/2974 2986/2986/2986 2985/2985/2985
f 2975/2975/2975 2976/2976/2976 2987/2987/2987
f 2975/2975/2975 2987/2987/2987 2986/2986/2986
f 2976/2976/2976 2977/2977/2977 2988/2988/2988
f 2976/2976/2976 2988/2988/2988 2987/2987/2987
f 2977/2977/2977 2978/2978/2978 2989/2989/2989
f 2977/2977/2977 2989/2989/2989 2988/2988/2988
f 2978/2978/2978 2979/2979/2979 2990/2990/2990
f 2978/2978/2978 2990/2990/2990 2989/2989/2989
f 2979/2979/2979 2980/2980/2980 2991/2991/2991
f 2979/2979/2979 2991/2991/2991 2990/2990/2990
f 2980/2980/2980 2981/2981/2981 2992/2992/2992
f 2980/2980/2980 2992/2992/2992 2991/2991/2991
f 2981/2981/2981 2982/2982/2982 2993/2993/2993
f 2981/2981/2981 2993/2993/2993 2992/2992/2992
f 2982/2982/2982 2983/2983/2983 2994/2994/2994
f 2982/2982/2982 2994/2994/2994 2993/2993/2993
f 2983/2983/2983 2973/2973/2973 2984/2984/2984
f 2983/2983/2983 2984/2984/2984 2994/2994/2994
f 2995/2995/2995 2984/2984/2995 2985/2985/2995
f 2995/2995/2995 2985/2985/2995 2986/2986/2995
f 2995/2995/2995 2986/2986/2995 2987/2987/2995
f 2995/2995/2995 2987/2987/2995 2988/2988/2995
f 2995/2995/2995 2988/2988/2995 2989/2989/2995
f 2995/2995/2995 2989/2989/2995 2990/2990/2995
f 2995/2995/2995 2990/2990/2995 2991/2991/2995
f 2995/2995/2995 2991/2991/2995 2992/2992/2995
f 2995/2995/2995 2992/2992/2995 2993/2993/2995
f 2995/2995/2995 2993/2993/2995 2994/2994/2995
f 2995/2995/2995 2994/2994/2995 2984/2984/2995
f 2996/2996/2996 2941/2941/2996 2940/2940/2996
f 2996/2996/2996 2942/2942/2996 2941/2941/2996
f 2996/2996/2996 2943/2943/2996 2942/2942/2996
f 2996/2996/2996 2944/2944/2996 2943/2943/2996
f 2996/2996/2996 2945/2945/2996 2944/2944/2996
f 2996/2996/2996 2946/2946/2996 2945/2945/2996
f 2996/2996/2996 2947/2947/2996 2946/2946/2996
f 2996/2996/2996 2948/2948/2996 2947/2947/2996
f 2996/2996/2996 2949/2949/2996 2948/2948/2996
f 2996/2996/2996 2950/2950/2996 2949/2949/2996
f 2996/2996/2996 2940/2940/2996 2950/2950/2996

g Interior_Seats_Row4_Left
usemtl Mat_Seating_Velvet
v -0.4200 0.8500 0.7600
v -0.4400 1.2500 0.7600
v -0.4400 1.5500 0.7600
v -0.4000 1.7500 0.7600
v -0.3500 1.9500 0.7600
v 0.0000 1.9600 0.7600
v 0.3500 1.9500 0.7600
v 0.4000 1.7500 0.7600
v 0.4400 1.5500 0.7600
v 0.4400 1.2500 0.7600
v 0.4200 0.8500 0.7600
v -0.4200 0.8500 0.9000
v -0.4400 1.2500 0.9000
v -0.4400 1.5500 0.9000
v -0.4000 1.7500 0.9000
v -0.3500 1.9500 0.9000
v 0.0000 1.9600 0.9000
v 0.3500 1.9500 0.9000
v 0.4000 1.7500 0.9000
v 0.4400 1.5500 0.9000
v 0.4400 1.2500 0.9000
v 0.4200 0.8500 0.9000
v -0.4200 0.8500 1.0400
v -0.4400 1.2500 1.0400
v -0.4400 1.5500 1.0400
v -0.4000 1.7500 1.0400
v -0.3500 1.9500 1.0400
v 0.0000 1.9600 1.0400
v 0.3500 1.9500 1.0400
v 0.4000 1.7500 1.0400
v 0.4400 1.5500 1.0400
v 0.4400 1.2500 1.0400
v 0.4200 0.8500 1.0400
v -0.4200 0.8500 1.1800
v -0.4400 1.2500 1.1800
v -0.4400 1.5500 1.1800
v -0.4000 1.7500 1.1800
v -0.3500 1.9500 1.1800
v 0.0000 1.9600 1.1800
v 0.3500 1.9500 1.1800
v 0.4000 1.7500 1.1800
v 0.4400 1.5500 1.1800
v 0.4400 1.2500 1.1800
v 0.4200 0.8500 1.1800
v -0.4200 0.8500 1.3200
v -0.4400 1.2500 1.3200
v -0.4400 1.5500 1.3200
v -0.4000 1.7500 1.3200
v -0.3500 1.9500 1.3200
v 0.0000 1.9600 1.3200
v 0.3500 1.9500 1.3200
v 0.4000 1.7500 1.3200
v 0.4400 1.5500 1.3200
v 0.4400 1.2500 1.3200
v 0.4200 0.8500 1.3200
v 0.0000 1.8000 1.3200
v 0.0000 1.8000 0.7600
vn -0.7070 -0.7070 0.0000
vn -0.7070 -0.7070 0.0000
vn -0.7070 -0.7070 0.0000
vn -0.7070 -0.7070 0.0000
vn -0.7070 0.7070 0.0000
vn 0.0000 0.7070 0.0000
vn 0.7070 0.7070 0.0000
vn 0.7070 -0.7070 0.0000
vn 0.7070 -0.7070 0.0000
vn 0.7070 -0.7070 0.0000
vn 0.7070 -0.7070 0.0000
vn -0.7070 -0.7070 0.0000
vn -0.7070 -0.7070 0.0000
vn -0.7070 -0.7070 0.0000
vn -0.7070 -0.7070 0.0000
vn -0.7070 0.7070 0.0000
vn 0.0000 0.7070 0.0000
vn 0.7070 0.7070 0.0000
vn 0.7070 -0.7070 0.0000
vn 0.7070 -0.7070 0.0000
vn 0.7070 -0.7070 0.0000
vn 0.7070 -0.7070 0.0000
vn -0.7070 -0.7070 0.0000
vn -0.7070 -0.7070 0.0000
vn -0.7070 -0.7070 0.0000
vn -0.7070 -0.7070 0.0000
vn -0.7070 0.7070 0.0000
vn 0.0000 0.7070 0.0000
vn 0.7070 0.7070 0.0000
vn 0.7070 -0.7070 0.0000
vn 0.7070 -0.7070 0.0000
vn 0.7070 -0.7070 0.0000
vn 0.7070 -0.7070 0.0000
vn -0.7070 -0.7070 0.0000
vn -0.7070 -0.7070 0.0000
vn -0.7070 -0.7070 0.0000
vn -0.7070 -0.7070 0.0000
vn -0.7070 0.7070 0.0000
vn 0.0000 0.7070 0.0000
vn 0.7070 0.7070 0.0000
vn 0.7070 -0.7070 0.0000
vn 0.7070 -0.7070 0.0000
vn 0.7070 -0.7070 0.0000
vn 0.7070 -0.7070 0.0000
vn -0.7070 -0.7070 0.0000
vn -0.7070 -0.7070 0.0000
vn -0.7070 -0.7070 0.0000
vn -0.7070 -0.7070 0.0000
vn -0.7070 0.7070 0.0000
vn 0.0000 0.7070 0.0000
vn 0.7070 0.7070 0.0000
vn 0.7070 -0.7070 0.0000
vn 0.7070 -0.7070 0.0000
vn 0.7070 -0.7070 0.0000
vn 0.7070 -0.7070 0.0000
vn 0.0000 0.0000 1.0000
vn 0.0000 0.0000 -1.0000
vt 0.0000 0.0000
vt 0.0909 0.0000
vt 0.1818 0.0000
vt 0.2727 0.0000
vt 0.3636 0.0000
vt 0.4545 0.0000
vt 0.5455 0.0000
vt 0.6364 0.0000
vt 0.7273 0.0000
vt 0.8182 0.0000
vt 0.9091 0.0000
vt 0.0000 0.2500
vt 0.0909 0.2500
vt 0.1818 0.2500
vt 0.2727 0.2500
vt 0.3636 0.2500
vt 0.4545 0.2500
vt 0.5455 0.2500
vt 0.6364 0.2500
vt 0.7273 0.2500
vt 0.8182 0.2500
vt 0.9091 0.2500
vt 0.0000 0.5000
vt 0.0909 0.5000
vt 0.1818 0.5000
vt 0.2727 0.5000
vt 0.3636 0.5000
vt 0.4545 0.5000
vt 0.5455 0.5000
vt 0.6364 0.5000
vt 0.7273 0.5000
vt 0.8182 0.5000
vt 0.9091 0.5000
vt 0.0000 0.7500
vt 0.0909 0.7500
vt 0.1818 0.7500
vt 0.2727 0.7500
vt 0.3636 0.7500
vt 0.4545 0.7500
vt 0.5455 0.7500
vt 0.6364 0.7500
vt 0.7273 0.7500
vt 0.8182 0.7500
vt 0.9091 0.7500
vt 0.0000 1.0000
vt 0.0909 1.0000
vt 0.1818 1.0000
vt 0.2727 1.0000
vt 0.3636 1.0000
vt 0.4545 1.0000
vt 0.5455 1.0000
vt 0.6364 1.0000
vt 0.7273 1.0000
vt 0.8182 1.0000
vt 0.9091 1.0000
vt 0.5000 0.5000
vt 0.5000 0.5000
f 2997/2997/2997 2998/2998/2998 3009/3009/3009
f 2997/2997/2997 3009/3009/3009 3008/3008/3008
f 2998/2998/2998 2999/2999/2999 3010/3010/3010
f 2998/2998/2998 3010/3010/3010 3009/3009/3009
f 2999/2999/2999 3000/3000/3000 3011/3011/3011
f 2999/2999/2999 3011/3011/3011 3010/3010/3010
f 3000/3000/3000 3001/3001/3001 3012/3012/3012
f 3000/3000/3000 3012/3012/3012 3011/3011/3011
f 3001/3001/3001 3002/3002/3002 3013/3013/3013
f 3001/3001/3001 3013/3013/3013 3012/3012/3012
f 3002/3002/3002 3003/3003/3003 3014/3014/3014
f 3002/3002/3002 3014/3014/3014 3013/3013/3013
f 3003/3003/3003 3004/3004/3004 3015/3015/3015
f 3003/3003/3003 3015/3015/3015 3014/3014/3014
f 3004/3004/3004 3005/3005/3005 3016/3016/3016
f 3004/3004/3004 3016/3016/3016 3015/3015/3015
f 3005/3005/3005 3006/3006/3006 3017/3017/3017
f 3005/3005/3005 3017/3017/3017 3016/3016/3016
f 3006/3006/3006 3007/3007/3007 3018/3018/3018
f 3006/3006/3006 3018/3018/3018 3017/3017/3017
f 3007/3007/3007 2997/2997/2997 3008/3008/3008
f 3007/3007/3007 3008/3008/3008 3018/3018/3018
f 3008/3008/3008 3009/3009/3009 3020/3020/3020
f 3008/3008/3008 3020/3020/3020 3019/3019/3019
f 3009/3009/3009 3010/3010/3010 3021/3021/3021
f 3009/3009/3009 3021/3021/3021 3020/3020/3020
f 3010/3010/3010 3011/3011/3011 3022/3022/3022
f 3010/3010/3010 3022/3022/3022 3021/3021/3021
f 3011/3011/3011 3012/3012/3012 3023/3023/3023
f 3011/3011/3011 3023/3023/3023 3022/3022/3022
f 3012/3012/3012 3013/3013/3013 3024/3024/3024
f 3012/3012/3012 3024/3024/3024 3023/3023/3023
f 3013/3013/3013 3014/3014/3014 3025/3025/3025
f 3013/3013/3013 3025/3025/3025 3024/3024/3024
f 3014/3014/3014 3015/3015/3015 3026/3026/3026
f 3014/3014/3014 3026/3026/3026 3025/3025/3025
f 3015/3015/3015 3016/3016/3016 3027/3027/3027
f 3015/3015/3015 3027/3027/3027 3026/3026/3026
f 3016/3016/3016 3017/3017/3017 3028/3028/3028
f 3016/3016/3016 3028/3028/3028 3027/3027/3027
f 3017/3017/3017 3018/3018/3018 3029/3029/3029
f 3017/3017/3017 3029/3029/3029 3028/3028/3028
f 3018/3018/3018 3008/3008/3008 3019/3019/3019
f 3018/3018/3018 3019/3019/3019 3029/3029/3029
f 3019/3019/3019 3020/3020/3020 3031/3031/3031
f 3019/3019/3019 3031/3031/3031 3030/3030/3030
f 3020/3020/3020 3021/3021/3021 3032/3032/3032
f 3020/3020/3020 3032/3032/3032 3031/3031/3031
f 3021/3021/3021 3022/3022/3022 3033/3033/3033
f 3021/3021/3021 3033/3033/3033 3032/3032/3032
f 3022/3022/3022 3023/3023/3023 3034/3034/3034
f 3022/3022/3022 3034/3034/3034 3033/3033/3033
f 3023/3023/3023 3024/3024/3024 3035/3035/3035
f 3023/3023/3023 3035/3035/3035 3034/3034/3034
f 3024/3024/3024 3025/3025/3025 3036/3036/3036
f 3024/3024/3024 3036/3036/3036 3035/3035/3035
f 3025/3025/3025 3026/3026/3026 3037/3037/3037
f 3025/3025/3025 3037/3037/3037 3036/3036/3036
f 3026/3026/3026 3027/3027/3027 3038/3038/3038
f 3026/3026/3026 3038/3038/3038 3037/3037/3037
f 3027/3027/3027 3028/3028/3028 3039/3039/3039
f 3027/3027/3027 3039/3039/3039 3038/3038/3038
f 3028/3028/3028 3029/3029/3029 3040/3040/3040
f 3028/3028/3028 3040/3040/3040 3039/3039/3039
f 3029/3029/3029 3019/3019/3019 3030/3030/3030
f 3029/3029/3029 3030/3030/3030 3040/3040/3040
f 3030/3030/3030 3031/3031/3031 3042/3042/3042
f 3030/3030/3030 3042/3042/3042 3041/3041/3041
f 3031/3031/3031 3032/3032/3032 3043/3043/3043
f 3031/3031/3031 3043/3043/3043 3042/3042/3042
f 3032/3032/3032 3033/3033/3033 3044/3044/3044
f 3032/3032/3032 3044/3044/3044 3043/3043/3043
f 3033/3033/3033 3034/3034/3034 3045/3045/3045
f 3033/3033/3033 3045/3045/3045 3044/3044/3044
f 3034/3034/3034 3035/3035/3035 3046/3046/3046
f 3034/3034/3034 3046/3046/3046 3045/3045/3045
f 3035/3035/3035 3036/3036/3036 3047/3047/3047
f 3035/3035/3035 3047/3047/3047 3046/3046/3046
f 3036/3036/3036 3037/3037/3037 3048/3048/3048
f 3036/3036/3036 3048/3048/3048 3047/3047/3047
f 3037/3037/3037 3038/3038/3038 3049/3049/3049
f 3037/3037/3037 3049/3049/3049 3048/3048/3048
f 3038/3038/3038 3039/3039/3039 3050/3050/3050
f 3038/3038/3038 3050/3050/3050 3049/3049/3049
f 3039/3039/3039 3040/3040/3040 3051/3051/3051
f 3039/3039/3039 3051/3051/3051 3050/3050/3050
f 3040/3040/3040 3030/3030/3030 3041/3041/3041
f 3040/3040/3040 3041/3041/3041 3051/3051/3051
f 3052/3052/3052 3041/3041/3052 3042/3042/3052
f 3052/3052/3052 3042/3042/3052 3043/3043/3052
f 3052/3052/3052 3043/3043/3052 3044/3044/3052
f 3052/3052/3052 3044/3044/3052 3045/3045/3052
f 3052/3052/3052 3045/3045/3052 3046/3046/3052
f 3052/3052/3052 3046/3046/3052 3047/3047/3052
f 3052/3052/3052 3047/3047/3052 3048/3048/3052
f 3052/3052/3052 3048/3048/3052 3049/3049/3052
f 3052/3052/3052 3049/3049/3052 3050/3050/3052
f 3052/3052/3052 3050/3050/3052 3051/3051/3052
f 3052/3052/3052 3051/3051/3052 3041/3041/3052
f 3053/3053/3053 2998/2998/3053 2997/2997/3053
f 3053/3053/3053 2999/2999/3053 2998/2998/3053
f 3053/3053/3053 3000/3000/3053 2999/2999/3053
f 3053/3053/3053 3001/3001/3053 3000/3000/3053
f 3053/3053/3053 3002/3002/3053 3001/3001/3053
f 3053/3053/3053 3003/3003/3053 3002/3002/3053
f 3053/3053/3053 3004/3004/3053 3003/3003/3053
f 3053/3053/3053 3005/3005/3053 3004/3004/3053
f 3053/3053/3053 3006/3006/3053 3005/3005/3053
f 3053/3053/3053 3007/3007/3053 3006/3006/3053
f 3053/3053/3053 2997/2997/3053 3007/3007/3053

g Interior_Seats_Row4_Right
usemtl Mat_Seating_Velvet
v -0.4200 0.8500 0.7600
v -0.4400 1.2500 0.7600
v -0.4400 1.5500 0.7600
v -0.4000 1.7500 0.7600
v -0.3500 1.9500 0.7600
v 0.0000 1.9600 0.7600
v 0.3500 1.9500 0.7600
v 0.4000 1.7500 0.7600
v 0.4400 1.5500 0.7600
v 0.4400 1.2500 0.7600
v 0.4200 0.8500 0.7600
v -0.4200 0.8500 0.9000
v -0.4400 1.2500 0.9000
v -0.4400 1.5500 0.9000
v -0.4000 1.7500 0.9000
v -0.3500 1.9500 0.9000
v 0.0000 1.9600 0.9000
v 0.3500 1.9500 0.9000
v 0.4000 1.7500 0.9000
v 0.4400 1.5500 0.9000
v 0.4400 1.2500 0.9000
v 0.4200 0.8500 0.9000
v -0.4200 0.8500 1.0400
v -0.4400 1.2500 1.0400
v -0.4400 1.5500 1.0400
v -0.4000 1.7500 1.0400
v -0.3500 1.9500 1.0400
v 0.0000 1.9600 1.0400
v 0.3500 1.9500 1.0400
v 0.4000 1.7500 1.0400
v 0.4400 1.5500 1.0400
v 0.4400 1.2500 1.0400
v 0.4200 0.8500 1.0400
v -0.4200 0.8500 1.1800
v -0.4400 1.2500 1.1800
v -0.4400 1.5500 1.1800
v -0.4000 1.7500 1.1800
v -0.3500 1.9500 1.1800
v 0.0000 1.9600 1.1800
v 0.3500 1.9500 1.1800
v 0.4000 1.7500 1.1800
v 0.4400 1.5500 1.1800
v 0.4400 1.2500 1.1800
v 0.4200 0.8500 1.1800
v -0.4200 0.8500 1.3200
v -0.4400 1.2500 1.3200
v -0.4400 1.5500 1.3200
v -0.4000 1.7500 1.3200
v -0.3500 1.9500 1.3200
v 0.0000 1.9600 1.3200
v 0.3500 1.9500 1.3200
v 0.4000 1.7500 1.3200
v 0.4400 1.5500 1.3200
v 0.4400 1.2500 1.3200
v 0.4200 0.8500 1.3200
v 0.0000 1.8000 1.3200
v 0.0000 1.8000 0.7600
vn -0.7070 -0.7070 0.0000
vn -0.7070 -0.7070 0.0000
vn -0.7070 -0.7070 0.0000
vn -0.7070 -0.7070 0.0000
vn -0.7070 0.7070 0.0000
vn 0.0000 0.7070 0.0000
vn 0.7070 0.7070 0.0000
vn 0.7070 -0.7070 0.0000
vn 0.7070 -0.7070 0.0000
vn 0.7070 -0.7070 0.0000
vn 0.7070 -0.7070 0.0000
vn -0.7070 -0.7070 0.0000
vn -0.7070 -0.7070 0.0000
vn -0.7070 -0.7070 0.0000
vn -0.7070 -0.7070 0.0000
vn -0.7070 0.7070 0.0000
vn 0.0000 0.7070 0.0000
vn 0.7070 0.7070 0.0000
vn 0.7070 -0.7070 0.0000
vn 0.7070 -0.7070 0.0000
vn 0.7070 -0.7070 0.0000
vn 0.7070 -0.7070 0.0000
vn -0.7070 -0.7070 0.0000
vn -0.7070 -0.7070 0.0000
vn -0.7070 -0.7070 0.0000
vn -0.7070 -0.7070 0.0000
vn -0.7070 0.7070 0.0000
vn 0.0000 0.7070 0.0000
vn 0.7070 0.7070 0.0000
vn 0.7070 -0.7070 0.0000
vn 0.7070 -0.7070 0.0000
vn 0.7070 -0.7070 0.0000
vn 0.7070 -0.7070 0.0000
vn -0.7070 -0.7070 0.0000
vn -0.7070 -0.7070 0.0000
vn -0.7070 -0.7070 0.0000
vn -0.7070 -0.7070 0.0000
vn -0.7070 0.7070 0.0000
vn 0.0000 0.7070 0.0000
vn 0.7070 0.7070 0.0000
vn 0.7070 -0.7070 0.0000
vn 0.7070 -0.7070 0.0000
vn 0.7070 -0.7070 0.0000
vn 0.7070 -0.7070 0.0000
vn -0.7070 -0.7070 0.0000
vn -0.7070 -0.7070 0.0000
vn -0.7070 -0.7070 0.0000
vn -0.7070 -0.7070 0.0000
vn -0.7070 0.7070 0.0000
vn 0.0000 0.7070 0.0000
vn 0.7070 0.7070 0.0000
vn 0.7070 -0.7070 0.0000
vn 0.7070 -0.7070 0.0000
vn 0.7070 -0.7070 0.0000
vn 0.7070 -0.7070 0.0000
vn 0.0000 0.0000 1.0000
vn 0.0000 0.0000 -1.0000
vt 0.0000 0.0000
vt 0.0909 0.0000
vt 0.1818 0.0000
vt 0.2727 0.0000
vt 0.3636 0.0000
vt 0.4545 0.0000
vt 0.5455 0.0000
vt 0.6364 0.0000
vt 0.7273 0.0000
vt 0.8182 0.0000
vt 0.9091 0.0000
vt 0.0000 0.2500
vt 0.0909 0.2500
vt 0.1818 0.2500
vt 0.2727 0.2500
vt 0.3636 0.2500
vt 0.4545 0.2500
vt 0.5455 0.2500
vt 0.6364 0.2500
vt 0.7273 0.2500
vt 0.8182 0.2500
vt 0.9091 0.2500
vt 0.0000 0.5000
vt 0.0909 0.5000
vt 0.1818 0.5000
vt 0.2727 0.5000
vt 0.3636 0.5000
vt 0.4545 0.5000
vt 0.5455 0.5000
vt 0.6364 0.5000
vt 0.7273 0.5000
vt 0.8182 0.5000
vt 0.9091 0.5000
vt 0.0000 0.7500
vt 0.0909 0.7500
vt 0.1818 0.7500
vt 0.2727 0.7500
vt 0.3636 0.7500
vt 0.4545 0.7500
vt 0.5455 0.7500
vt 0.6364 0.7500
vt 0.7273 0.7500
vt 0.8182 0.7500
vt 0.9091 0.7500
vt 0.0000 1.0000
vt 0.0909 1.0000
vt 0.1818 1.0000
vt 0.2727 1.0000
vt 0.3636 1.0000
vt 0.4545 1.0000
vt 0.5455 1.0000
vt 0.6364 1.0000
vt 0.7273 1.0000
vt 0.8182 1.0000
vt 0.9091 1.0000
vt 0.5000 0.5000
vt 0.5000 0.5000
f 3054/3054/3054 3055/3055/3055 3066/3066/3066
f 3054/3054/3054 3066/3066/3066 3065/3065/3065
f 3055/3055/3055 3056/3056/3056 3067/3067/3067
f 3055/3055/3055 3067/3067/3067 3066/3066/3066
f 3056/3056/3056 3057/3057/3057 3068/3068/3068
f 3056/3056/3056 3068/3068/3068 3067/3067/3067
f 3057/3057/3057 3058/3058/3058 3069/3069/3069
f 3057/3057/3057 3069/3069/3069 3068/3068/3068
f 3058/3058/3058 3059/3059/3059 3070/3070/3070
f 3058/3058/3058 3070/3070/3070 3069/3069/3069
f 3059/3059/3059 3060/3060/3060 3071/3071/3071
f 3059/3059/3059 3071/3071/3071 3070/3070/3070
f 3060/3060/3060 3061/3061/3061 3072/3072/3072
f 3060/3060/3060 3072/3072/3072 3071/3071/3071
f 3061/3061/3061 3062/3062/3062 3073/3073/3073
f 3061/3061/3061 3073/3073/3073 3072/3072/3072
f 3062/3062/3062 3063/3063/3063 3074/3074/3074
f 3062/3062/3062 3074/3074/3074 3073/3073/3073
f 3063/3063/3063 3064/3064/3064 3075/3075/3075
f 3063/3063/3063 3075/3075/3075 3074/3074/3074
f 3064/3064/3064 3054/3054/3054 3065/3065/3065
f 3064/3064/3064 3065/3065/3065 3075/3075/3075
f 3065/3065/3065 3066/3066/3066 3077/3077/3077
f 3065/3065/3065 3077/3077/3077 3076/3076/3076
f 3066/3066/3066 3067/3067/3067 3078/3078/3078
f 3066/3066/3066 3078/3078/3078 3077/3077/3077
f 3067/3067/3067 3068/3068/3068 3079/3079/3079
f 3067/3067/3067 3079/3079/3079 3078/3078/3078
f 3068/3068/3068 3069/3069/3069 3080/3080/3080
f 3068/3068/3068 3080/3080/3080 3079/3079/3079
f 3069/3069/3069 3070/3070/3070 3081/3081/3081
f 3069/3069/3069 3081/3081/3081 3080/3080/3080
f 3070/3070/3070 3071/3071/3071 3082/3082/3082
f 3070/3070/3070 3082/3082/3082 3081/3081/3081
f 3071/3071/3071 3072/3072/3072 3083/3083/3083
f 3071/3071/3071 3083/3083/3083 3082/3082/3082
f 3072/3072/3072 3073/3073/3073 3084/3084/3084
f 3072/3072/3072 3084/3084/3084 3083/3083/3083
f 3073/3073/3073 3074/3074/3074 3085/3085/3085
f 3073/3073/3073 3085/3085/3085 3084/3084/3084
f 3074/3074/3074 3075/3075/3075 3086/3086/3086
f 3074/3074/3074 3086/3086/3086 3085/3085/3085
f 3075/3075/3075 3065/3065/3065 3076/3076/3076
f 3075/3075/3075 3076/3076/3076 3086/3086/3086
f 3076/3076/3076 3077/3077/3077 3088/3088/3088
f 3076/3076/3076 3088/3088/3088 3087/3087/3087
f 3077/3077/3077 3078/3078/3078 3089/3089/3089
f 3077/3077/3077 3089/3089/3089 3088/3088/3088
f 3078/3078/3078 3079/3079/3079 3090/3090/3090
f 3078/3078/3078 3090/3090/3090 3089/3089/3089
f 3079/3079/3079 3080/3080/3080 3091/3091/3091
f 3079/3079/3079 3091/3091/3091 3090/3090/3090
f 3080/3080/3080 3081/3081/3081 3092/3092/3092
f 3080/3080/3080 3092/3092/3092 3091/3091/3091
f 3081/3081/3081 3082/3082/3082 3093/3093/3093
f 3081/3081/3081 3093/3093/3093 3092/3092/3092
f 3082/3082/3082 3083/3083/3083 3094/3094/3094
f 3082/3082/3082 3094/3094/3094 3093/3093/3093
f 3083/3083/3083 3084/3084/3084 3095/3095/3095
f 3083/3083/3083 3095/3095/3095 3094/3094/3094
f 3084/3084/3084 3085/3085/3085 3096/3096/3096
f 3084/3084/3084 3096/3096/3096 3095/3095/3095
f 3085/3085/3085 3086/3086/3086 3097/3097/3097
f 3085/3085/3085 3097/3097/3097 3096/3096/3096
f 3086/3086/3086 3076/3076/3076 3087/3087/3087
f 3086/3086/3086 3087/3087/3087 3097/3097/3097
f 3087/3087/3087 3088/3088/3088 3099/3099/3099
f 3087/3087/3087 3099/3099/3099 3098/3098/3098
f 3088/3088/3088 3089/3089/3089 3100/3100/3100
f 3088/3088/3088 3100/3100/3100 3099/3099/3099
f 3089/3089/3089 3090/3090/3090 3101/3101/3101
f 3089/3089/3089 3101/3101/3101 3100/3100/3100
f 3090/3090/3090 3091/3091/3091 3102/3102/3102
f 3090/3090/3090 3102/3102/3102 3101/3101/3101
f 3091/3091/3091 3092/3092/3092 3103/3103/3103
f 3091/3091/3091 3103/3103/3103 3102/3102/3102
f 3092/3092/3092 3093/3093/3093 3104/3104/3104
f 3092/3092/3092 3104/3104/3104 3103/3103/3103
f 3093/3093/3093 3094/3094/3094 3105/3105/3105
f 3093/3093/3093 3105/3105/3105 3104/3104/3104
f 3094/3094/3094 3095/3095/3095 3106/3106/3106
f 3094/3094/3094 3106/3106/3106 3105/3105/3105
f 3095/3095/3095 3096/3096/3096 3107/3107/3107
f 3095/3095/3095 3107/3107/3107 3106/3106/3106
f 3096/3096/3096 3097/3097/3097 3108/3108/3108
f 3096/3096/3096 3108/3108/3108 3107/3107/3107
f 3097/3097/3097 3087/3087/3087 3098/3098/3098
f 3097/3097/3097 3098/3098/3098 3108/3108/3108
f 3109/3109/3109 3098/3098/3109 3099/3099/3109
f 3109/3109/3109 3099/3099/3109 3100/3100/3109
f 3109/3109/3109 3100/3100/3109 3101/3101/3109
f 3109/3109/3109 3101/3101/3109 3102/3102/3109
f 3109/3109/3109 3102/3102/3109 3103/3103/3109
f 3109/3109/3109 3103/3103/3109 3104/3104/3109
f 3109/3109/3109 3104/3104/3109 3105/3105/3109
f 3109/3109/3109 3105/3105/3109 3106/3106/3109
f 3109/3109/3109 3106/3106/3109 3107/3107/3109
f 3109/3109/3109 3107/3107/3109 3108/3108/3109
f 3109/3109/3109 3108/3108/3109 3098/3098/3109
f 3110/3110/3110 3055/3055/3110 3054/3054/3110
f 3110/3110/3110 3056/3056/3110 3055/3055/3110
f 3110/3110/3110 3057/3057/3110 3056/3056/3110
f 3110/3110/3110 3058/3058/3110 3057/3057/3110
f 3110/3110/3110 3059/3059/3110 3058/3058/3110
f 3110/3110/3110 3060/3060/3110 3059/3059/3110
f 3110/3110/3110 3061/3061/3110 3060/3060/3110
f 3110/3110/3110 3062/3062/3110 3061/3061/3110
f 3110/3110/3110 3063/3063/3110 3062/3062/3110
f 3110/3110/3110 3064/3064/3110 3063/3063/3110
f 3110/3110/3110 3054/3054/3110 3064/3064/3110

g Interior_Seats_Row5_Left
usemtl Mat_Seating_Velvet
v -0.4200 0.8500 -0.1600
v -0.4400 1.2500 -0.1600
v -0.4400 1.5500 -0.1600
v -0.4000 1.7500 -0.1600
v -0.3500 1.9500 -0.1600
v 0.0000 1.9600 -0.1600
v 0.3500 1.9500 -0.1600
v 0.4000 1.7500 -0.1600
v 0.4400 1.5500 -0.1600
v 0.4400 1.2500 -0.1600
v 0.4200 0.8500 -0.1600
v -0.4200 0.8500 -0.0200
v -0.4400 1.2500 -0.0200
v -0.4400 1.5500 -0.0200
v -0.4000 1.7500 -0.0200
v -0.3500 1.9500 -0.0200
v 0.0000 1.9600 -0.0200
v 0.3500 1.9500 -0.0200
v 0.4000 1.7500 -0.0200
v 0.4400 1.5500 -0.0200
v 0.4400 1.2500 -0.0200
v 0.4200 0.8500 -0.0200
v -0.4200 0.8500 0.1200
v -0.4400 1.2500 0.1200
v -0.4400 1.5500 0.1200
v -0.4000 1.7500 0.1200
v -0.3500 1.9500 0.1200
v 0.0000 1.9600 0.1200
v 0.3500 1.9500 0.1200
v 0.4000 1.7500 0.1200
v 0.4400 1.5500 0.1200
v 0.4400 1.2500 0.1200
v 0.4200 0.8500 0.1200
v -0.4200 0.8500 0.2600
v -0.4400 1.2500 0.2600
v -0.4400 1.5500 0.2600
v -0.4000 1.7500 0.2600
v -0.3500 1.9500 0.2600
v 0.0000 1.9600 0.2600
v 0.3500 1.9500 0.2600
v 0.4000 1.7500 0.2600
v 0.4400 1.5500 0.2600
v 0.4400 1.2500 0.2600
v 0.4200 0.8500 0.2600
v -0.4200 0.8500 0.4000
v -0.4400 1.2500 0.4000
v -0.4400 1.5500 0.4000
v -0.4000 1.7500 0.4000
v -0.3500 1.9500 0.4000
v 0.0000 1.9600 0.4000
v 0.3500 1.9500 0.4000
v 0.4000 1.7500 0.4000
v 0.4400 1.5500 0.4000
v 0.4400 1.2500 0.4000
v 0.4200 0.8500 0.4000
v 0.0000 1.8000 0.4000
v 0.0000 1.8000 -0.1600
vn -0.7070 -0.7070 0.0000
vn -0.7070 -0.7070 0.0000
vn -0.7070 -0.7070 0.0000
vn -0.7070 -0.7070 0.0000
vn -0.7070 0.7070 0.0000
vn 0.0000 0.7070 0.0000
vn 0.7070 0.7070 0.0000
vn 0.7070 -0.7070 0.0000
vn 0.7070 -0.7070 0.0000
vn 0.7070 -0.7070 0.0000
vn 0.7070 -0.7070 0.0000
vn -0.7070 -0.7070 0.0000
vn -0.7070 -0.7070 0.0000
vn -0.7070 -0.7070 0.0000
vn -0.7070 -0.7070 0.0000
vn -0.7070 0.7070 0.0000
vn 0.0000 0.7070 0.0000
vn 0.7070 0.7070 0.0000
vn 0.7070 -0.7070 0.0000
vn 0.7070 -0.7070 0.0000
vn 0.7070 -0.7070 0.0000
vn 0.7070 -0.7070 0.0000
vn -0.7070 -0.7070 0.0000
vn -0.7070 -0.7070 0.0000
vn -0.7070 -0.7070 0.0000
vn -0.7070 -0.7070 0.0000
vn -0.7070 0.7070 0.0000
vn 0.0000 0.7070 0.0000
vn 0.7070 0.7070 0.0000
vn 0.7070 -0.7070 0.0000
vn 0.7070 -0.7070 0.0000
vn 0.7070 -0.7070 0.0000
vn 0.7070 -0.7070 0.0000
vn -0.7070 -0.7070 0.0000
vn -0.7070 -0.7070 0.0000
vn -0.7070 -0.7070 0.0000
vn -0.7070 -0.7070 0.0000
vn -0.7070 0.7070 0.0000
vn 0.0000 0.7070 0.0000
vn 0.7070 0.7070 0.0000
vn 0.7070 -0.7070 0.0000
vn 0.7070 -0.7070 0.0000
vn 0.7070 -0.7070 0.0000
vn 0.7070 -0.7070 0.0000
vn -0.7070 -0.7070 0.0000
vn -0.7070 -0.7070 0.0000
vn -0.7070 -0.7070 0.0000
vn -0.7070 -0.7070 0.0000
vn -0.7070 0.7070 0.0000
vn 0.0000 0.7070 0.0000
vn 0.7070 0.7070 0.0000
vn 0.7070 -0.7070 0.0000
vn 0.7070 -0.7070 0.0000
vn 0.7070 -0.7070 0.0000
vn 0.7070 -0.7070 0.0000
vn 0.0000 0.0000 1.0000
vn 0.0000 0.0000 -1.0000
vt 0.0000 0.0000
vt 0.0909 0.0000
vt 0.1818 0.0000
vt 0.2727 0.0000
vt 0.3636 0.0000
vt 0.4545 0.0000
vt 0.5455 0.0000
vt 0.6364 0.0000
vt 0.7273 0.0000
vt 0.8182 0.0000
vt 0.9091 0.0000
vt 0.0000 0.2500
vt 0.0909 0.2500
vt 0.1818 0.2500
vt 0.2727 0.2500
vt 0.3636 0.2500
vt 0.4545 0.2500
vt 0.5455 0.2500
vt 0.6364 0.2500
vt 0.7273 0.2500
vt 0.8182 0.2500
vt 0.9091 0.2500
vt 0.0000 0.5000
vt 0.0909 0.5000
vt 0.1818 0.5000
vt 0.2727 0.5000
vt 0.3636 0.5000
vt 0.4545 0.5000
vt 0.5455 0.5000
vt 0.6364 0.5000
vt 0.7273 0.5000
vt 0.8182 0.5000
vt 0.9091 0.5000
vt 0.0000 0.7500
vt 0.0909 0.7500
vt 0.1818 0.7500
vt 0.2727 0.7500
vt 0.3636 0.7500
vt 0.4545 0.7500
vt 0.5455 0.7500
vt 0.6364 0.7500
vt 0.7273 0.7500
vt 0.8182 0.7500
vt 0.9091 0.7500
vt 0.0000 1.0000
vt 0.0909 1.0000
vt 0.1818 1.0000
vt 0.2727 1.0000
vt 0.3636 1.0000
vt 0.4545 1.0000
vt 0.5455 1.0000
vt 0.6364 1.0000
vt 0.7273 1.0000
vt 0.8182 1.0000
vt 0.9091 1.0000
vt 0.5000 0.5000
vt 0.5000 0.5000
f 3111/3111/3111 3112/3112/3112 3123/3123/3123
f 3111/3111/3111 3123/3123/3123 3122/3122/3122
f 3112/3112/3112 3113/3113/3113 3124/3124/3124
f 3112/3112/3112 3124/3124/3124 3123/3123/3123
f 3113/3113/3113 3114/3114/3114 3125/3125/3125
f 3113/3113/3113 3125/3125/3125 3124/3124/3124
f 3114/3114/3114 3115/3115/3115 3126/3126/3126
f 3114/3114/3114 3126/3126/3126 3125/3125/3125
f 3115/3115/3115 3116/3116/3116 3127/3127/3127
f 3115/3115/3115 3127/3127/3127 3126/3126/3126
f 3116/3116/3116 3117/3117/3117 3128/3128/3128
f 3116/3116/3116 3128/3128/3128 3127/3127/3127
f 3117/3117/3117 3118/3118/3118 3129/3129/3129
f 3117/3117/3117 3129/3129/3129 3128/3128/3128
f 3118/3118/3118 3119/3119/3119 3130/3130/3130
f 3118/3118/3118 3130/3130/3130 3129/3129/3129
f 3119/3119/3119 3120/3120/3120 3131/3131/3131
f 3119/3119/3119 3131/3131/3131 3130/3130/3130
f 3120/3120/3120 3121/3121/3121 3132/3132/3132
f 3120/3120/3120 3132/3132/3132 3131/3131/3131
f 3121/3121/3121 3111/3111/3111 3122/3122/3122
f 3121/3121/3121 3122/3122/3122 3132/3132/3132
f 3122/3122/3122 3123/3123/3123 3134/3134/3134
f 3122/3122/3122 3134/3134/3134 3133/3133/3133
f 3123/3123/3123 3124/3124/3124 3135/3135/3135
f 3123/3123/3123 3135/3135/3135 3134/3134/3134
f 3124/3124/3124 3125/3125/3125 3136/3136/3136
f 3124/3124/3124 3136/3136/3136 3135/3135/3135
f 3125/3125/3125 3126/3126/3126 3137/3137/3137
f 3125/3125/3125 3137/3137/3137 3136/3136/3136
f 3126/3126/3126 3127/3127/3127 3138/3138/3138
f 3126/3126/3126 3138/3138/3138 3137/3137/3137
f 3127/3127/3127 3128/3128/3128 3139/3139/3139
f 3127/3127/3127 3139/3139/3139 3138/3138/3138
f 3128/3128/3128 3129/3129/3129 3140/3140/3140
f 3128/3128/3128 3140/3140/3140 3139/3139/3139
f 3129/3129/3129 3130/3130/3130 3141/3141/3141
f 3129/3129/3129 3141/3141/3141 3140/3140/3140
f 3130/3130/3130 3131/3131/3131 3142/3142/3142
f 3130/3130/3130 3142/3142/3142 3141/3141/3141
f 3131/3131/3131 3132/3132/3132 3143/3143/3143
f 3131/3131/3131 3143/3143/3143 3142/3142/3142
f 3132/3132/3132 3122/3122/3122 3133/3133/3133
f 3132/3132/3132 3133/3133/3133 3143/3143/3143
f 3133/3133/3133 3134/3134/3134 3145/3145/3145
f 3133/3133/3133 3145/3145/3145 3144/3144/3144
f 3134/3134/3134 3135/3135/3135 3146/3146/3146
f 3134/3134/3134 3146/3146/3146 3145/3145/3145
f 3135/3135/3135 3136/3136/3136 3147/3147/3147
f 3135/3135/3135 3147/3147/3147 3146/3146/3146
f 3136/3136/3136 3137/3137/3137 3148/3148/3148
f 3136/3136/3136 3148/3148/3148 3147/3147/3147
f 3137/3137/3137 3138/3138/3138 3149/3149/3149
f 3137/3137/3137 3149/3149/3149 3148/3148/3148
f 3138/3138/3138 3139/3139/3139 3150/3150/3150
f 3138/3138/3138 3150/3150/3150 3149/3149/3149
f 3139/3139/3139 3140/3140/3140 3151/3151/3151
f 3139/3139/3139 3151/3151/3151 3150/3150/3150
f 3140/3140/3140 3141/3141/3141 3152/3152/3152
f 3140/3140/3140 3152/3152/3152 3151/3151/3151
f 3141/3141/3141 3142/3142/3142 3153/3153/3153
f 3141/3141/3141 3153/3153/3153 3152/3152/3152
f 3142/3142/3142 3143/3143/3143 3154/3154/3154
f 3142/3142/3142 3154/3154/3154 3153/3153/3153
f 3143/3143/3143 3133/3133/3133 3144/3144/3144
f 3143/3143/3143 3144/3144/3144 3154/3154/3154
f 3144/3144/3144 3145/3145/3145 3156/3156/3156
f 3144/3144/3144 3156/3156/3156 3155/3155/3155
f 3145/3145/3145 3146/3146/3146 3157/3157/3157
f 3145/3145/3145 3157/3157/3157 3156/3156/3156
f 3146/3146/3146 3147/3147/3147 3158/3158/3158
f 3146/3146/3146 3158/3158/3158 3157/3157/3157
f 3147/3147/3147 3148/3148/3148 3159/3159/3159
f 3147/3147/3147 3159/3159/3159 3158/3158/3158
f 3148/3148/3148 3149/3149/3149 3160/3160/3160
f 3148/3148/3148 3160/3160/3160 3159/3159/3159
f 3149/3149/3149 3150/3150/3150 3161/3161/3161
f 3149/3149/3149 3161/3161/3161 3160/3160/3160
f 3150/3150/3150 3151/3151/3151 3162/3162/3162
f 3150/3150/3150 3162/3162/3162 3161/3161/3161
f 3151/3151/3151 3152/3152/3152 3163/3163/3163
f 3151/3151/3151 3163/3163/3163 3162/3162/3162
f 3152/3152/3152 3153/3153/3153 3164/3164/3164
f 3152/3152/3152 3164/3164/3164 3163/3163/3163
f 3153/3153/3153 3154/3154/3154 3165/3165/3165
f 3153/3153/3153 3165/3165/3165 3164/3164/3164
f 3154/3154/3154 3144/3144/3144 3155/3155/3155
f 3154/3154/3154 3155/3155/3155 3165/3165/3165
f 3166/3166/3166 3155/3155/3166 3156/3156/3166
f 3166/3166/3166 3156/3156/3166 3157/3157/3166
f 3166/3166/3166 3157/3157/3166 3158/3158/3166
f 3166/3166/3166 3158/3158/3166 3159/3159/3166
f 3166/3166/3166 3159/3159/3166 3160/3160/3166
f 3166/3166/3166 3160/3160/3166 3161/3161/3166
f 3166/3166/3166 3161/3161/3166 3162/3162/3166
f 3166/3166/3166 3162/3162/3166 3163/3163/3166
f 3166/3166/3166 3163/3163/3166 3164/3164/3166
f 3166/3166/3166 3164/3164/3166 3165/3165/3166
f 3166/3166/3166 3165/3165/3166 3155/3155/3166
f 3167/3167/3167 3112/3112/3167 3111/3111/3167
f 3167/3167/3167 3113/3113/3167 3112/3112/3167
f 3167/3167/3167 3114/3114/3167 3113/3113/3167
f 3167/3167/3167 3115/3115/3167 3114/3114/3167
f 3167/3167/3167 3116/3116/3167 3115/3115/3167
f 3167/3167/3167 3117/3117/3167 3116/3116/3167
f 3167/3167/3167 3118/3118/3167 3117/3117/3167
f 3167/3167/3167 3119/3119/3167 3118/3118/3167
f 3167/3167/3167 3120/3120/3167 3119/3119/3167
f 3167/3167/3167 3121/3121/3167 3120/3120/3167
f 3167/3167/3167 3111/3111/3167 3121/3121/3167

g Interior_Seats_Row5_Right
usemtl Mat_Seating_Velvet
v -0.4200 0.8500 -0.1600
v -0.4400 1.2500 -0.1600
v -0.4400 1.5500 -0.1600
v -0.4000 1.7500 -0.1600
v -0.3500 1.9500 -0.1600
v 0.0000 1.9600 -0.1600
v 0.3500 1.9500 -0.1600
v 0.4000 1.7500 -0.1600
v 0.4400 1.5500 -0.1600
v 0.4400 1.2500 -0.1600
v 0.4200 0.8500 -0.1600
v -0.4200 0.8500 -0.0200
v -0.4400 1.2500 -0.0200
v -0.4400 1.5500 -0.0200
v -0.4000 1.7500 -0.0200
v -0.3500 1.9500 -0.0200
v 0.0000 1.9600 -0.0200
v 0.3500 1.9500 -0.0200
v 0.4000 1.7500 -0.0200
v 0.4400 1.5500 -0.0200
v 0.4400 1.2500 -0.0200
v 0.4200 0.8500 -0.0200
v -0.4200 0.8500 0.1200
v -0.4400 1.2500 0.1200
v -0.4400 1.5500 0.1200
v -0.4000 1.7500 0.1200
v -0.3500 1.9500 0.1200
v 0.0000 1.9600 0.1200
v 0.3500 1.9500 0.1200
v 0.4000 1.7500 0.1200
v 0.4400 1.5500 0.1200
v 0.4400 1.2500 0.1200
v 0.4200 0.8500 0.1200
v -0.4200 0.8500 0.2600
v -0.4400 1.2500 0.2600
v -0.4400 1.5500 0.2600
v -0.4000 1.7500 0.2600
v -0.3500 1.9500 0.2600
v 0.0000 1.9600 0.2600
v 0.3500 1.9500 0.2600
v 0.4000 1.7500 0.2600
v 0.4400 1.5500 0.2600
v 0.4400 1.2500 0.2600
v 0.4200 0.8500 0.2600
v -0.4200 0.8500 0.4000
v -0.4400 1.2500 0.4000
v -0.4400 1.5500 0.4000
v -0.4000 1.7500 0.4000
v -0.3500 1.9500 0.4000
v 0.0000 1.9600 0.4000
v 0.3500 1.9500 0.4000
v 0.4000 1.7500 0.4000
v 0.4400 1.5500 0.4000
v 0.4400 1.2500 0.4000
v 0.4200 0.8500 0.4000
v 0.0000 1.8000 0.4000
v 0.0000 1.8000 -0.1600
vn -0.7070 -0.7070 0.0000
vn -0.7070 -0.7070 0.0000
vn -0.7070 -0.7070 0.0000
vn -0.7070 -0.7070 0.0000
vn -0.7070 0.7070 0.0000
vn 0.0000 0.7070 0.0000
vn 0.7070 0.7070 0.0000
vn 0.7070 -0.7070 0.0000
vn 0.7070 -0.7070 0.0000
vn 0.7070 -0.7070 0.0000
vn 0.7070 -0.7070 0.0000
vn -0.7070 -0.7070 0.0000
vn -0.7070 -0.7070 0.0000
vn -0.7070 -0.7070 0.0000
vn -0.7070 -0.7070 0.0000
vn -0.7070 0.7070 0.0000
vn 0.0000 0.7070 0.0000
vn 0.7070 0.7070 0.0000
vn 0.7070 -0.7070 0.0000
vn 0.7070 -0.7070 0.0000
vn 0.7070 -0.7070 0.0000
vn 0.7070 -0.7070 0.0000
vn -0.7070 -0.7070 0.0000
vn -0.7070 -0.7070 0.0000
vn -0.7070 -0.7070 0.0000
vn -0.7070 -0.7070 0.0000
vn -0.7070 0.7070 0.0000
vn 0.0000 0.7070 0.0000
vn 0.7070 0.7070 0.0000
vn 0.7070 -0.7070 0.0000
vn 0.7070 -0.7070 0.0000
vn 0.7070 -0.7070 0.0000
vn 0.7070 -0.7070 0.0000
vn -0.7070 -0.7070 0.0000
vn -0.7070 -0.7070 0.0000
vn -0.7070 -0.7070 0.0000
vn -0.7070 -0.7070 0.0000
vn -0.7070 0.7070 0.0000
vn 0.0000 0.7070 0.0000
vn 0.7070 0.7070 0.0000
vn 0.7070 -0.7070 0.0000
vn 0.7070 -0.7070 0.0000
vn 0.7070 -0.7070 0.0000
vn 0.7070 -0.7070 0.0000
vn -0.7070 -0.7070 0.0000
vn -0.7070 -0.7070 0.0000
vn -0.7070 -0.7070 0.0000
vn -0.7070 -0.7070 0.0000
vn -0.7070 0.7070 0.0000
vn 0.0000 0.7070 0.0000
vn 0.7070 0.7070 0.0000
vn 0.7070 -0.7070 0.0000
vn 0.7070 -0.7070 0.0000
vn 0.7070 -0.7070 0.0000
vn 0.7070 -0.7070 0.0000
vn 0.0000 0.0000 1.0000
vn 0.0000 0.0000 -1.0000
vt 0.0000 0.0000
vt 0.0909 0.0000
vt 0.1818 0.0000
vt 0.2727 0.0000
vt 0.3636 0.0000
vt 0.4545 0.0000
vt 0.5455 0.0000
vt 0.6364 0.0000
vt 0.7273 0.0000
vt 0.8182 0.0000
vt 0.9091 0.0000
vt 0.0000 0.2500
vt 0.0909 0.2500
vt 0.1818 0.2500
vt 0.2727 0.2500
vt 0.3636 0.2500
vt 0.4545 0.2500
vt 0.5455 0.2500
vt 0.6364 0.2500
vt 0.7273 0.2500
vt 0.8182 0.2500
vt 0.9091 0.2500
vt 0.0000 0.5000
vt 0.0909 0.5000
vt 0.1818 0.5000
vt 0.2727 0.5000
vt 0.3636 0.5000
vt 0.4545 0.5000
vt 0.5455 0.5000
vt 0.6364 0.5000
vt 0.7273 0.5000
vt 0.8182 0.5000
vt 0.9091 0.5000
vt 0.0000 0.7500
vt 0.0909 0.7500
vt 0.1818 0.7500
vt 0.2727 0.7500
vt 0.3636 0.7500
vt 0.4545 0.7500
vt 0.5455 0.7500
vt 0.6364 0.7500
vt 0.7273 0.7500
vt 0.8182 0.7500
vt 0.9091 0.7500
vt 0.0000 1.0000
vt 0.0909 1.0000
vt 0.1818 1.0000
vt 0.2727 1.0000
vt 0.3636 1.0000
vt 0.4545 1.0000
vt 0.5455 1.0000
vt 0.6364 1.0000
vt 0.7273 1.0000
vt 0.8182 1.0000
vt 0.9091 1.0000
vt 0.5000 0.5000
vt 0.5000 0.5000
f 3168/3168/3168 3169/3169/3169 3180/3180/3180
f 3168/3168/3168 3180/3180/3180 3179/3179/3179
f 3169/3169/3169 3170/3170/3170 3181/3181/3181
f 3169/3169/3169 3181/3181/3181 3180/3180/3180
f 3170/3170/3170 3171/3171/3171 3182/3182/3182
f 3170/3170/3170 3182/3182/3182 3181/3181/3181
f 3171/3171/3171 3172/3172/3172 3183/3183/3183
f 3171/3171/3171 3183/3183/3183 3182/3182/3182
f 3172/3172/3172 3173/3173/3173 3184/3184/3184
f 3172/3172/3172 3184/3184/3184 3183/3183/3183
f 3173/3173/3173 3174/3174/3174 3185/3185/3185
f 3173/3173/3173 3185/3185/3185 3184/3184/3184
f 3174/3174/3174 3175/3175/3175 3186/3186/3186
f 3174/3174/3174 3186/3186/3186 3185/3185/3185
f 3175/3175/3175 3176/3176/3176 3187/3187/3187
f 3175/3175/3175 3187/3187/3187 3186/3186/3186
f 3176/3176/3176 3177/3177/3177 3188/3188/3188
f 3176/3176/3176 3188/3188/3188 3187/3187/3187
f 3177/3177/3177 3178/3178/3178 3189/3189/3189
f 3177/3177/3177 3189/3189/3189 3188/3188/3188
f 3178/3178/3178 3168/3168/3168 3179/3179/3179
f 3178/3178/3178 3179/3179/3179 3189/3189/3189
f 3179/3179/3179 3180/3180/3180 3191/3191/3191
f 3179/3179/3179 3191/3191/3191 3190/3190/3190
f 3180/3180/3180 3181/3181/3181 3192/3192/3192
f 3180/3180/3180 3192/3192/3192 3191/3191/3191
f 3181/3181/3181 3182/3182/3182 3193/3193/3193
f 3181/3181/3181 3193/3193/3193 3192/3192/3192
f 3182/3182/3182 3183/3183/3183 3194/3194/3194
f 3182/3182/3182 3194/3194/3194 3193/3193/3193
f 3183/3183/3183 3184/3184/3184 3195/3195/3195
f 3183/3183/3183 3195/3195/3195 3194/3194/3194
f 3184/3184/3184 3185/3185/3185 3196/3196/3196
f 3184/3184/3184 3196/3196/3196 3195/3195/3195
f 3185/3185/3185 3186/3186/3186 3197/3197/3197
f 3185/3185/3185 3197/3197/3197 3196/3196/3196
f 3186/3186/3186 3187/3187/3187 3198/3198/3198
f 3186/3186/3186 3198/3198/3198 3197/3197/3197
f 3187/3187/3187 3188/3188/3188 3199/3199/3199
f 3187/3187/3187 3199/3199/3199 3198/3198/3198
f 3188/3188/3188 3189/3189/3189 3200/3200/3200
f 3188/3188/3188 3200/3200/3200 3199/3199/3199
f 3189/3189/3189 3179/3179/3179 3190/3190/3190
f 3189/3189/3189 3190/3190/3190 3200/3200/3200
f 3190/3190/3190 3191/3191/3191 3202/3202/3202
f 3190/3190/3190 3202/3202/3202 3201/3201/3201
f 3191/3191/3191 3192/3192/3192 3203/3203/3203
f 3191/3191/3191 3203/3203/3203 3202/3202/3202
f 3192/3192/3192 3193/3193/3193 3204/3204/3204
f 3192/3192/3192 3204/3204/3204 3203/3203/3203
f 3193/3193/3193 3194/3194/3194 3205/3205/3205
f 3193/3193/3193 3205/3205/3205 3204/3204/3204
f 3194/3194/3194 3195/3195/3195 3206/3206/3206
f 3194/3194/3194 3206/3206/3206 3205/3205/3205
f 3195/3195/3195 3196/3196/3196 3207/3207/3207
f 3195/3195/3195 3207/3207/3207 3206/3206/3206
f 3196/3196/3196 3197/3197/3197 3208/3208/3208
f 3196/3196/3196 3208/3208/3208 3207/3207/3207
f 3197/3197/3197 3198/3198/3198 3209/3209/3209
f 3197/3197/3197 3209/3209/3209 3208/3208/3208
f 3198/3198/3198 3199/3199/3199 3210/3210/3210
f 3198/3198/3198 3210/3210/3210 3209/3209/3209
f 3199/3199/3199 3200/3200/3200 3211/3211/3211
f 3199/3199/3199 3211/3211/3211 3210/3210/3210
f 3200/3200/3200 3190/3190/3190 3201/3201/3201
f 3200/3200/3200 3201/3201/3201 3211/3211/3211
f 3201/3201/3201 3202/3202/3202 3213/3213/3213
f 3201/3201/3201 3213/3213/3213 3212/3212/3212
f 3202/3202/3202 3203/3203/3203 3214/3214/3214
f 3202/3202/3202 3214/3214/3214 3213/3213/3213
f 3203/3203/3203 3204/3204/3204 3215/3215/3215
f 3203/3203/3203 3215/3215/3215 3214/3214/3214
f 3204/3204/3204 3205/3205/3205 3216/3216/3216
f 3204/3204/3204 3216/3216/3216 3215/3215/3215
f 3205/3205/3205 3206/3206/3206 3217/3217/3217
f 3205/3205/3205 3217/3217/3217 3216/3216/3216
f 3206/3206/3206 3207/3207/3207 3218/3218/3218
f 3206/3206/3206 3218/3218/3218 3217/3217/3217
f 3207/3207/3207 3208/3208/3208 3219/3219/3219
f 3207/3207/3207 3219/3219/3219 3218/3218/3218
f 3208/3208/3208 3209/3209/3209 3220/3220/3220
f 3208/3208/3208 3220/3220/3220 3219/3219/3219
f 3209/3209/3209 3210/3210/3210 3221/3221/3221
f 3209/3209/3209 3221/3221/3221 3220/3220/3220
f 3210/3210/3210 3211/3211/3211 3222/3222/3222
f 3210/3210/3210 3222/3222/3222 3221/3221/3221
f 3211/3211/3211 3201/3201/3201 3212/3212/3212
f 3211/3211/3211 3212/3212/3212 3222/3222/3222
f 3223/3223/3223 3212/3212/3223 3213/3213/3223
f 3223/3223/3223 3213/3213/3223 3214/3214/3223
f 3223/3223/3223 3214/3214/3223 3215/3215/3223
f 3223/3223/3223 3215/3215/3223 3216/3216/3223
f 3223/3223/3223 3216/3216/3223 3217/3217/3223
f 3223/3223/3223 3217/3217/3223 3218/3218/3223
f 3223/3223/3223 3218/3218/3223 3219/3219/3223
f 3223/3223/3223 3219/3219/3223 3220/3220/3223
f 3223/3223/3223 3220/3220/3223 3221/3221/3223
f 3223/3223/3223 3221/3221/3223 3222/3222/3223
f 3223/3223/3223 3222/3222/3223 3212/3212/3223
f 3224/3224/3224 3169/3169/3224 3168/3168/3224
f 3224/3224/3224 3170/3170/3224 3169/3169/3224
f 3224/3224/3224 3171/3171/3224 3170/3170/3224
f 3224/3224/3224 3172/3172/3224 3171/3171/3224
f 3224/3224/3224 3173/3173/3224 3172/3172/3224
f 3224/3224/3224 3174/3174/3224 3173/3173/3224
f 3224/3224/3224 3175/3175/3224 3174/3174/3224
f 3224/3224/3224 3176/3176/3224 3175/3175/3224
f 3224/3224/3224 3177/3177/3224 3176/3176/3224
f 3224/3224/3224 3178/3178/3224 3177/3177/3224
f 3224/3224/3224 3168/3168/3224 3178/3178/3224

g Interior_Seats_Row6_Left
usemtl Mat_Seating_Velvet
v -0.4200 0.8500 -1.0800
v -0.4400 1.2500 -1.0800
v -0.4400 1.5500 -1.0800
v -0.4000 1.7500 -1.0800
v -0.3500 1.9500 -1.0800
v 0.0000 1.9600 -1.0800
v 0.3500 1.9500 -1.0800
v 0.4000 1.7500 -1.0800
v 0.4400 1.5500 -1.0800
v 0.4400 1.2500 -1.0800
v 0.4200 0.8500 -1.0800
v -0.4200 0.8500 -0.9400
v -0.4400 1.2500 -0.9400
v -0.4400 1.5500 -0.9400
v -0.4000 1.7500 -0.9400
v -0.3500 1.9500 -0.9400
v 0.0000 1.9600 -0.9400
v 0.3500 1.9500 -0.9400
v 0.4000 1.7500 -0.9400
v 0.4400 1.5500 -0.9400
v 0.4400 1.2500 -0.9400
v 0.4200 0.8500 -0.9400
v -0.4200 0.8500 -0.8000
v -0.4400 1.2500 -0.8000
v -0.4400 1.5500 -0.8000
v -0.4000 1.7500 -0.8000
v -0.3500 1.9500 -0.8000
v 0.0000 1.9600 -0.8000
v 0.3500 1.9500 -0.8000
v 0.4000 1.7500 -0.8000
v 0.4400 1.5500 -0.8000
v 0.4400 1.2500 -0.8000
v 0.4200 0.8500 -0.8000
v -0.4200 0.8500 -0.6600
v -0.4400 1.2500 -0.6600
v -0.4400 1.5500 -0.6600
v -0.4000 1.7500 -0.6600
v -0.3500 1.9500 -0.6600
v 0.0000 1.9600 -0.6600
v 0.3500 1.9500 -0.6600
v 0.4000 1.7500 -0.6600
v 0.4400 1.5500 -0.6600
v 0.4400 1.2500 -0.6600
v 0.4200 0.8500 -0.6600
v -0.4200 0.8500 -0.5200
v -0.4400 1.2500 -0.5200
v -0.4400 1.5500 -0.5200
v -0.4000 1.7500 -0.5200
v -0.3500 1.9500 -0.5200
v 0.0000 1.9600 -0.5200
v 0.3500 1.9500 -0.5200
v 0.4000 1.7500 -0.5200
v 0.4400 1.5500 -0.5200
v 0.4400 1.2500 -0.5200
v 0.4200 0.8500 -0.5200
v 0.0000 1.8000 -0.5200
v 0.0000 1.8000 -1.0800
vn -0.7070 -0.7070 0.0000
vn -0.7070 -0.7070 0.0000
vn -0.7070 -0.7070 0.0000
vn -0.7070 -0.7070 0.0000
vn -0.7070 0.7070 0.0000
vn 0.0000 0.7070 0.0000
vn 0.7070 0.7070 0.0000
vn 0.7070 -0.7070 0.0000
vn 0.7070 -0.7070 0.0000
vn 0.7070 -0.7070 0.0000
vn 0.7070 -0.7070 0.0000
vn -0.7070 -0.7070 0.0000
vn -0.7070 -0.7070 0.0000
vn -0.7070 -0.7070 0.0000
vn -0.7070 -0.7070 0.0000
vn -0.7070 0.7070 0.0000
vn 0.0000 0.7070 0.0000
vn 0.7070 0.7070 0.0000
vn 0.7070 -0.7070 0.0000
vn 0.7070 -0.7070 0.0000
vn 0.7070 -0.7070 0.0000
vn 0.7070 -0.7070 0.0000
vn -0.7070 -0.7070 0.0000
vn -0.7070 -0.7070 0.0000
vn -0.7070 -0.7070 0.0000
vn -0.7070 -0.7070 0.0000
vn -0.7070 0.7070 0.0000
vn 0.0000 0.7070 0.0000
vn 0.7070 0.7070 0.0000
vn 0.7070 -0.7070 0.0000
vn 0.7070 -0.7070 0.0000
vn 0.7070 -0.7070 0.0000
vn 0.7070 -0.7070 0.0000
vn -0.7070 -0.7070 0.0000
vn -0.7070 -0.7070 0.0000
vn -0.7070 -0.7070 0.0000
vn -0.7070 -0.7070 0.0000
vn -0.7070 0.7070 0.0000
vn 0.0000 0.7070 0.0000
vn 0.7070 0.7070 0.0000
vn 0.7070 -0.7070 0.0000
vn 0.7070 -0.7070 0.0000
vn 0.7070 -0.7070 0.0000
vn 0.7070 -0.7070 0.0000
vn -0.7070 -0.7070 0.0000
vn -0.7070 -0.7070 0.0000
vn -0.7070 -0.7070 0.0000
vn -0.7070 -0.7070 0.0000
vn -0.7070 0.7070 0.0000
vn 0.0000 0.7070 0.0000
vn 0.7070 0.7070 0.0000
vn 0.7070 -0.7070 0.0000
vn 0.7070 -0.7070 0.0000
vn 0.7070 -0.7070 0.0000
vn 0.7070 -0.7070 0.0000
vn 0.0000 0.0000 1.0000
vn 0.0000 0.0000 -1.0000
vt 0.0000 0.0000
vt 0.0909 0.0000
vt 0.1818 0.0000
vt 0.2727 0.0000
vt 0.3636 0.0000
vt 0.4545 0.0000
vt 0.5455 0.0000
vt 0.6364 0.0000
vt 0.7273 0.0000
vt 0.8182 0.0000
vt 0.9091 0.0000
vt 0.0000 0.2500
vt 0.0909 0.2500
vt 0.1818 0.2500
vt 0.2727 0.2500
vt 0.3636 0.2500
vt 0.4545 0.2500
vt 0.5455 0.2500
vt 0.6364 0.2500
vt 0.7273 0.2500
vt 0.8182 0.2500
vt 0.9091 0.2500
vt 0.0000 0.5000
vt 0.0909 0.5000
vt 0.1818 0.5000
vt 0.2727 0.5000
vt 0.3636 0.5000
vt 0.4545 0.5000
vt 0.5455 0.5000
vt 0.6364 0.5000
vt 0.7273 0.5000
vt 0.8182 0.5000
vt 0.9091 0.5000
vt 0.0000 0.7500
vt 0.0909 0.7500
vt 0.1818 0.7500
vt 0.2727 0.7500
vt 0.3636 0.7500
vt 0.4545 0.7500
vt 0.5455 0.7500
vt 0.6364 0.7500
vt 0.7273 0.7500
vt 0.8182 0.7500
vt 0.9091 0.7500
vt 0.0000 1.0000
vt 0.0909 1.0000
vt 0.1818 1.0000
vt 0.2727 1.0000
vt 0.3636 1.0000
vt 0.4545 1.0000
vt 0.5455 1.0000
vt 0.6364 1.0000
vt 0.7273 1.0000
vt 0.8182 1.0000
vt 0.9091 1.0000
vt 0.5000 0.5000
vt 0.5000 0.5000
f 3225/3225/3225 3226/3226/3226 3237/3237/3237
f 3225/3225/3225 3237/3237/3237 3236/3236/3236
f 3226/3226/3226 3227/3227/3227 3238/3238/3238
f 3226/3226/3226 3238/3238/3238 3237/3237/3237
f 3227/3227/3227 3228/3228/3228 3239/3239/3239
f 3227/3227/3227 3239/3239/3239 3238/3238/3238
f 3228/3228/3228 3229/3229/3229 3240/3240/3240
f 3228/3228/3228 3240/3240/3240 3239/3239/3239
f 3229/3229/3229 3230/3230/3230 3241/3241/3241
f 3229/3229/3229 3241/3241/3241 3240/3240/3240
f 3230/3230/3230 3231/3231/3231 3242/3242/3242
f 3230/3230/3230 3242/3242/3242 3241/3241/3241
f 3231/3231/3231 3232/3232/3232 3243/3243/3243
f 3231/3231/3231 3243/3243/3243 3242/3242/3242
f 3232/3232/3232 3233/3233/3233 3244/3244/3244
f 3232/3232/3232 3244/3244/3244 3243/3243/3243
f 3233/3233/3233 3234/3234/3234 3245/3245/3245
f 3233/3233/3233 3245/3245/3245 3244/3244/3244
f 3234/3234/3234 3235/3235/3235 3246/3246/3246
f 3234/3234/3234 3246/3246/3246 3245/3245/3245
f 3235/3235/3235 3225/3225/3225 3236/3236/3236
f 3235/3235/3235 3236/3236/3236 3246/3246/3246
f 3236/3236/3236 3237/3237/3237 3248/3248/3248
f 3236/3236/3236 3248/3248/3248 3247/3247/3247
f 3237/3237/3237 3238/3238/3238 3249/3249/3249
f 3237/3237/3237 3249/3249/3249 3248/3248/3248
f 3238/3238/3238 3239/3239/3239 3250/3250/3250
f 3238/3238/3238 3250/3250/3250 3249/3249/3249
f 3239/3239/3239 3240/3240/3240 3251/3251/3251
f 3239/3239/3239 3251/3251/3251 3250/3250/3250
f 3240/3240/3240 3241/3241/3241 3252/3252/3252
f 3240/3240/3240 3252/3252/3252 3251/3251/3251
f 3241/3241/3241 3242/3242/3242 3253/3253/3253
f 3241/3241/3241 3253/3253/3253 3252/3252/3252
f 3242/3242/3242 3243/3243/3243 3254/3254/3254
f 3242/3242/3242 3254/3254/3254 3253/3253/3253
f 3243/3243/3243 3244/3244/3244 3255/3255/3255
f 3243/3243/3243 3255/3255/3255 3254/3254/3254
f 3244/3244/3244 3245/3245/3245 3256/3256/3256
f 3244/3244/3244 3256/3256/3256 3255/3255/3255
f 3245/3245/3245 3246/3246/3246 3257/3257/3257
f 3245/3245/3245 3257/3257/3257 3256/3256/3256
f 3246/3246/3246 3236/3236/3236 3247/3247/3247
f 3246/3246/3246 3247/3247/3247 3257/3257/3257
f 3247/3247/3247 3248/3248/3248 3259/3259/3259
f 3247/3247/3247 3259/3259/3259 3258/3258/3258
f 3248/3248/3248 3249/3249/3249 3260/3260/3260
f 3248/3248/3248 3260/3260/3260 3259/3259/3259
f 3249/3249/3249 3250/3250/3250 3261/3261/3261
f 3249/3249/3249 3261/3261/3261 3260/3260/3260
f 3250/3250/3250 3251/3251/3251 3262/3262/3262
f 3250/3250/3250 3262/3262/3262 3261/3261/3261
f 3251/3251/3251 3252/3252/3252 3263/3263/3263
f 3251/3251/3251 3263/3263/3263 3262/3262/3262
f 3252/3252/3252 3253/3253/3253 3264/3264/3264
f 3252/3252/3252 3264/3264/3264 3263/3263/3263
f 3253/3253/3253 3254/3254/3254 3265/3265/3265
f 3253/3253/3253 3265/3265/3265 3264/3264/3264
f 3254/3254/3254 3255/3255/3255 3266/3266/3266
f 3254/3254/3254 3266/3266/3266 3265/3265/3265
f 3255/3255/3255 3256/3256/3256 3267/3267/3267
f 3255/3255/3255 3267/3267/3267 3266/3266/3266
f 3256/3256/3256 3257/3257/3257 3268/3268/3268
f 3256/3256/3256 3268/3268/3268 3267/3267/3267
f 3257/3257/3257 3247/3247/3247 3258/3258/3258
f 3257/3257/3257 3258/3258/3258 3268/3268/3268
f 3258/3258/3258 3259/3259/3259 3270/3270/3270
f 3258/3258/3258 3270/3270/3270 3269/3269/3269
f 3259/3259/3259 3260/3260/3260 3271/3271/3271
f 3259/3259/3259 3271/3271/3271 3270/3270/3270
f 3260/3260/3260 3261/3261/3261 3272/3272/3272
f 3260/3260/3260 3272/3272/3272 3271/3271/3271
f 3261/3261/3261 3262/3262/3262 3273/3273/3273
f 3261/3261/3261 3273/3273/3273 3272/3272/3272
f 3262/3262/3262 3263/3263/3263 3274/3274/3274
f 3262/3262/3262 3274/3274/3274 3273/3273/3273
f 3263/3263/3263 3264/3264/3264 3275/3275/3275
f 3263/3263/3263 3275/3275/3275 3274/3274/3274
f 3264/3264/3264 3265/3265/3265 3276/3276/3276
f 3264/3264/3264 3276/3276/3276 3275/3275/3275
f 3265/3265/3265 3266/3266/3266 3277/3277/3277
f 3265/3265/3265 3277/3277/3277 3276/3276/3276
f 3266/3266/3266 3267/3267/3267 3278/3278/3278
f 3266/3266/3266 3278/3278/3278 3277/3277/3277
f 3267/3267/3267 3268/3268/3268 3279/3279/3279
f 3267/3267/3267 3279/3279/3279 3278/3278/3278
f 3268/3268/3268 3258/3258/3258 3269/3269/3269
f 3268/3268/3268 3269/3269/3269 3279/3279/3279
f 3280/3280/3280 3269/3269/3280 3270/3270/3280
f 3280/3280/3280 3270/3270/3280 3271/3271/3280
f 3280/3280/3280 3271/3271/3280 3272/3272/3280
f 3280/3280/3280 3272/3272/3280 3273/3273/3280
f 3280/3280/3280 3273/3273/3280 3274/3274/3280
f 3280/3280/3280 3274/3274/3280 3275/3275/3280
f 3280/3280/3280 3275/3275/3280 3276/3276/3280
f 3280/3280/3280 3276/3276/3280 3277/3277/3280
f 3280/3280/3280 3277/3277/3280 3278/3278/3280
f 3280/3280/3280 3278/3278/3280 3279/3279/3280
f 3280/3280/3280 3279/3279/3280 3269/3269/3280
f 3281/3281/3281 3226/3226/3281 3225/3225/3281
f 3281/3281/3281 3227/3227/3281 3226/3226/3281
f 3281/3281/3281 3228/3228/3281 3227/3227/3281
f 3281/3281/3281 3229/3229/3281 3228/3228/3281
f 3281/3281/3281 3230/3230/3281 3229/3229/3281
f 3281/3281/3281 3231/3231/3281 3230/3230/3281
f 3281/3281/3281 3232/3232/3281 3231/3231/3281
f 3281/3281/3281 3233/3233/3281 3232/3232/3281
f 3281/3281/3281 3234/3234/3281 3233/3233/3281
f 3281/3281/3281 3235/3235/3281 3234/3234/3281
f 3281/3281/3281 3225/3225/3281 3235/3235/3281

g Interior_Seats_Row6_Right
usemtl Mat_Seating_Velvet
v -0.4200 0.8500 -1.0800
v -0.4400 1.2500 -1.0800
v -0.4400 1.5500 -1.0800
v -0.4000 1.7500 -1.0800
v -0.3500 1.9500 -1.0800
v 0.0000 1.9600 -1.0800
v 0.3500 1.9500 -1.0800
v 0.4000 1.7500 -1.0800
v 0.4400 1.5500 -1.0800
v 0.4400 1.2500 -1.0800
v 0.4200 0.8500 -1.0800
v -0.4200 0.8500 -0.9400
v -0.4400 1.2500 -0.9400
v -0.4400 1.5500 -0.9400
v -0.4000 1.7500 -0.9400
v -0.3500 1.9500 -0.9400
v 0.0000 1.9600 -0.9400
v 0.3500 1.9500 -0.9400
v 0.4000 1.7500 -0.9400
v 0.4400 1.5500 -0.9400
v 0.4400 1.2500 -0.9400
v 0.4200 0.8500 -0.9400
v -0.4200 0.8500 -0.8000
v -0.4400 1.2500 -0.8000
v -0.4400 1.5500 -0.8000
v -0.4000 1.7500 -0.8000
v -0.3500 1.9500 -0.8000
v 0.0000 1.9600 -0.8000
v 0.3500 1.9500 -0.8000
v 0.4000 1.7500 -0.8000
v 0.4400 1.5500 -0.8000
v 0.4400 1.2500 -0.8000
v 0.4200 0.8500 -0.8000
v -0.4200 0.8500 -0.6600
v -0.4400 1.2500 -0.6600
v -0.4400 1.5500 -0.6600
v -0.4000 1.7500 -0.6600
v -0.3500 1.9500 -0.6600
v 0.0000 1.9600 -0.6600
v 0.3500 1.9500 -0.6600
v 0.4000 1.7500 -0.6600
v 0.4400 1.5500 -0.6600
v 0.4400 1.2500 -0.6600
v 0.4200 0.8500 -0.6600
v -0.4200 0.8500 -0.5200
v -0.4400 1.2500 -0.5200
v -0.4400 1.5500 -0.5200
v -0.4000 1.7500 -0.5200
v -0.3500 1.9500 -0.5200
v 0.0000 1.9600 -0.5200
v 0.3500 1.9500 -0.5200
v 0.4000 1.7500 -0.5200
v 0.4400 1.5500 -0.5200
v 0.4400 1.2500 -0.5200
v 0.4200 0.8500 -0.5200
v 0.0000 1.8000 -0.5200
v 0.0000 1.8000 -1.0800
vn -0.7070 -0.7070 0.0000
vn -0.7070 -0.7070 0.0000
vn -0.7070 -0.7070 0.0000
vn -0.7070 -0.7070 0.0000
vn -0.7070 0.7070 0.0000
vn 0.0000 0.7070 0.0000
vn 0.7070 0.7070 0.0000
vn 0.7070 -0.7070 0.0000
vn 0.7070 -0.7070 0.0000
vn 0.7070 -0.7070 0.0000
vn 0.7070 -0.7070 0.0000
vn -0.7070 -0.7070 0.0000
vn -0.7070 -0.7070 0.0000
vn -0.7070 -0.7070 0.0000
vn -0.7070 -0.7070 0.0000
vn -0.7070 0.7070 0.0000
vn 0.0000 0.7070 0.0000
vn 0.7070 0.7070 0.0000
vn 0.7070 -0.7070 0.0000
vn 0.7070 -0.7070 0.0000
vn 0.7070 -0.7070 0.0000
vn 0.7070 -0.7070 0.0000
vn -0.7070 -0.7070 0.0000
vn -0.7070 -0.7070 0.0000
vn -0.7070 -0.7070 0.0000
vn -0.7070 -0.7070 0.0000
vn -0.7070 0.7070 0.0000
vn 0.0000 0.7070 0.0000
vn 0.7070 0.7070 0.0000
vn 0.7070 -0.7070 0.0000
vn 0.7070 -0.7070 0.0000
vn 0.7070 -0.7070 0.0000
vn 0.7070 -0.7070 0.0000
vn -0.7070 -0.7070 0.0000
vn -0.7070 -0.7070 0.0000
vn -0.7070 -0.7070 0.0000
vn -0.7070 -0.7070 0.0000
vn -0.7070 0.7070 0.0000
vn 0.0000 0.7070 0.0000
vn 0.7070 0.7070 0.0000
vn 0.7070 -0.7070 0.0000
vn 0.7070 -0.7070 0.0000
vn 0.7070 -0.7070 0.0000
vn 0.7070 -0.7070 0.0000
vn -0.7070 -0.7070 0.0000
vn -0.7070 -0.7070 0.0000
vn -0.7070 -0.7070 0.0000
vn -0.7070 -0.7070 0.0000
vn -0.7070 0.7070 0.0000
vn 0.0000 0.7070 0.0000
vn 0.7070 0.7070 0.0000
vn 0.7070 -0.7070 0.0000
vn 0.7070 -0.7070 0.0000
vn 0.7070 -0.7070 0.0000
vn 0.7070 -0.7070 0.0000
vn 0.0000 0.0000 1.0000
vn 0.0000 0.0000 -1.0000
vt 0.0000 0.0000
vt 0.0909 0.0000
vt 0.1818 0.0000
vt 0.2727 0.0000
vt 0.3636 0.0000
vt 0.4545 0.0000
vt 0.5455 0.0000
vt 0.6364 0.0000
vt 0.7273 0.0000
vt 0.8182 0.0000
vt 0.9091 0.0000
vt 0.0000 0.2500
vt 0.0909 0.2500
vt 0.1818 0.2500
vt 0.2727 0.2500
vt 0.3636 0.2500
vt 0.4545 0.2500
vt 0.5455 0.2500
vt 0.6364 0.2500
vt 0.7273 0.2500
vt 0.8182 0.2500
vt 0.9091 0.2500
vt 0.0000 0.5000
vt 0.0909 0.5000
vt 0.1818 0.5000
vt 0.2727 0.5000
vt 0.3636 0.5000
vt 0.4545 0.5000
vt 0.5455 0.5000
vt 0.6364 0.5000
vt 0.7273 0.5000
vt 0.8182 0.5000
vt 0.9091 0.5000
vt 0.0000 0.7500
vt 0.0909 0.7500
vt 0.1818 0.7500
vt 0.2727 0.7500
vt 0.3636 0.7500
vt 0.4545 0.7500
vt 0.5455 0.7500
vt 0.6364 0.7500
vt 0.7273 0.7500
vt 0.8182 0.7500
vt 0.9091 0.7500
vt 0.0000 1.0000
vt 0.0909 1.0000
vt 0.1818 1.0000
vt 0.2727 1.0000
vt 0.3636 1.0000
vt 0.4545 1.0000
vt 0.5455 1.0000
vt 0.6364 1.0000
vt 0.7273 1.0000
vt 0.8182 1.0000
vt 0.9091 1.0000
vt 0.5000 0.5000
vt 0.5000 0.5000
f 3282/3282/3282 3283/3283/3283 3294/3294/3294
f 3282/3282/3282 3294/3294/3294 3293/3293/3293
f 3283/3283/3283 3284/3284/3284 3295/3295/3295
f 3283/3283/3283 3295/3295/3295 3294/3294/3294
f 3284/3284/3284 3285/3285/3285 3296/3296/3296
f 3284/3284/3284 3296/3296/3296 3295/3295/3295
f 3285/3285/3285 3286/3286/3286 3297/3297/3297
f 3285/3285/3285 3297/3297/3297 3296/3296/3296
f 3286/3286/3286 3287/3287/3287 3298/3298/3298
f 3286/3286/3286 3298/3298/3298 3297/3297/3297
f 3287/3287/3287 3288/3288/3288 3299/3299/3299
f 3287/3287/3287 3299/3299/3299 3298/3298/3298
f 3288/3288/3288 3289/3289/3289 3300/3300/3300
f 3288/3288/3288 3300/3300/3300 3299/3299/3299
f 3289/3289/3289 3290/3290/3290 3301/3301/3301
f 3289/3289/3289 3301/3301/3301 3300/3300/3300
f 3290/3290/3290 3291/3291/3291 3302/3302/3302
f 3290/3290/3290 3302/3302/3302 3301/3301/3301
f 3291/3291/3291 3292/3292/3292 3303/3303/3303
f 3291/3291/3291 3303/3303/3303 3302/3302/3302
f 3292/3292/3292 3282/3282/3282 3293/3293/3293
f 3292/3292/3292 3293/3293/3293 3303/3303/3303
f 3293/3293/3293 3294/3294/3294 3305/3305/3305
f 3293/3293/3293 3305/3305/3305 3304/3304/3304
f 3294/3294/3294 3295/3295/3295 3306/3306/3306
f 3294/3294/3294 3306/3306/3306 3305/3305/3305
f 3295/3295/3295 3296/3296/3296 3307/3307/3307
f 3295/3295/3295 3307/3307/3307 3306/3306/3306
f 3296/3296/3296 3297/3297/3297 3308/3308/3308
f 3296/3296/3296 3308/3308/3308 3307/3307/3307
f 3297/3297/3297 3298/3298/3298 3309/3309/3309
f 3297/3297/3297 3309/3309/3309 3308/3308/3308
f 3298/3298/3298 3299/3299/3299 3310/3310/3310
f 3298/3298/3298 3310/3310/3310 3309/3309/3309
f 3299/3299/3299 3300/3300/3300 3311/3311/3311
f 3299/3299/3299 3311/3311/3311 3310/3310/3310
f 3300/3300/3300 3301/3301/3301 3312/3312/3312
f 3300/3300/3300 3312/3312/3312 3311/3311/3311
f 3301/3301/3301 3302/3302/3302 3313/3313/3313
f 3301/3301/3301 3313/3313/3313 3312/3312/3312
f 3302/3302/3302 3303/3303/3303 3314/3314/3314
f 3302/3302/3302 3314/3314/3314 3313/3313/3313
f 3303/3303/3303 3293/3293/3293 3304/3304/3304
f 3303/3303/3303 3304/3304/3304 3314/3314/3314
f 3304/3304/3304 3305/3305/3305 3316/3316/3316
f 3304/3304/3304 3316/3316/3316 3315/3315/3315
f 3305/3305/3305 3306/3306/3306 3317/3317/3317
f 3305/3305/3305 3317/3317/3317 3316/3316/3316
f 3306/3306/3306 3307/3307/3307 3318/3318/3318
f 3306/3306/3306 3318/3318/3318 3317/3317/3317
f 3307/3307/3307 3308/3308/3308 3319/3319/3319
f 3307/3307/3307 3319/3319/3319 3318/3318/3318
f 3308/3308/3308 3309/3309/3309 3320/3320/3320
f 3308/3308/3308 3320/3320/3320 3319/3319/3319
f 3309/3309/3309 3310/3310/3310 3321/3321/3321
f 3309/3309/3309 3321/3321/3321 3320/3320/3320
f 3310/3310/3310 3311/3311/3311 3322/3322/3322
f 3310/3310/3310 3322/3322/3322 3321/3321/3321
f 3311/3311/3311 3312/3312/3312 3323/3323/3323
f 3311/3311/3311 3323/3323/3323 3322/3322/3322
f 3312/3312/3312 3313/3313/3313 3324/3324/3324
f 3312/3312/3312 3324/3324/3324 3323/3323/3323
f 3313/3313/3313 3314/3314/3314 3325/3325/3325
f 3313/3313/3313 3325/3325/3325 3324/3324/3324
f 3314/3314/3314 3304/3304/3304 3315/3315/3315
f 3314/3314/3314 3315/3315/3315 3325/3325/3325
f 3315/3315/3315 3316/3316/3316 3327/3327/3327
f 3315/3315/3315 3327/3327/3327 3326/3326/3326
f 3316/3316/3316 3317/3317/3317 3328/3328/3328
f 3316/3316/3316 3328/3328/3328 3327/3327/3327
f 3317/3317/3317 3318/3318/3318 3329/3329/3329
f 3317/3317/3317 3329/3329/3329 3328/3328/3328
f 3318/3318/3318 3319/3319/3319 3330/3330/3330
f 3318/3318/3318 3330/3330/3330 3329/3329/3329
f 3319/3319/3319 3320/3320/3320 3331/3331/3331
f 3319/3319/3319 3331/3331/3331 3330/3330/3330
f 3320/3320/3320 3321/3321/3321 3332/3332/3332
f 3320/3320/3320 3332/3332/3332 3331/3331/3331
f 3321/3321/3321 3322/3322/3322 3333/3333/3333
f 3321/3321/3321 3333/3333/3333 3332/3332/3332
f 3322/3322/3322 3323/3323/3323 3334/3334/3334
f 3322/3322/3322 3334/3334/3334 3333/3333/3333
f 3323/3323/3323 3324/3324/3324 3335/3335/3335
f 3323/3323/3323 3335/3335/3335 3334/3334/3334
f 3324/3324/3324 3325/3325/3325 3336/3336/3336
f 3324/3324/3324 3336/3336/3336 3335/3335/3335
f 3325/3325/3325 3315/3315/3315 3326/3326/3326
f 3325/3325/3325 3326/3326/3326 3336/3336/3336
f 3337/3337/3337 3326/3326/3337 3327/3327/3337
f 3337/3337/3337 3327/3327/3337 3328/3328/3337
f 3337/3337/3337 3328/3328/3337 3329/3329/3337
f 3337/3337/3337 3329/3329/3337 3330/3330/3337
f 3337/3337/3337 3330/3330/3337 3331/3331/3337
f 3337/3337/3337 3331/3331/3337 3332/3332/3337
f 3337/3337/3337 3332/3332/3337 3333/3333/3337
f 3337/3337/3337 3333/3333/3337 3334/3334/3337
f 3337/3337/3337 3334/3334/3337 3335/3335/3337
f 3337/3337/3337 3335/3335/3337 3336/3336/3337
f 3337/3337/3337 3336/3336/3337 3326/3326/3337
f 3338/3338/3338 3283/3283/3338 3282/3282/3338
f 3338/3338/3338 3284/3284/3338 3283/3283/3338
f 3338/3338/3338 3285/3285/3338 3284/3284/3338
f 3338/3338/3338 3286/3286/3338 3285/3285/3338
f 3338/3338/3338 3287/3287/3338 3286/3286/3338
f 3338/3338/3338 3288/3288/3338 3287/3287/3338
f 3338/3338/3338 3289/3289/3338 3288/3288/3338
f 3338/3338/3338 3290/3290/3338 3289/3289/3338
f 3338/3338/3338 3291/3291/3338 3290/3290/3338
f 3338/3338/3338 3292/3292/3338 3291/3291/3338
f 3338/3338/3338 3282/3282/3338 3292/3292/3338